order_fraction_of_adv,strategy,baseline,metric,mean_diff,std_diff,ci_low,ci_high,median_diff,wilcoxon_p,frac_a_lower,ci_excludes_zero,count
0.001,Hybrid,TWAP,shortfall_bps,0.6861249458,2.952212341,-0.3556391958,1.70015323,0.5758843589,0.2206467576,0.3333333333,False,30
0.001,SA-QUBO,TWAP,shortfall_bps,-0.7257675917,7.478256176,-3.333358303,1.910156256,-0.5336650303,0.655438425,0.5333333333,False,30
0.001,VWAP,TWAP,shortfall_bps,7.616928407,29.90202336,-2.755118639,18.23683736,10.65855128,0.3085207697,0.3666666667,False,30
0.001,Hybrid,VWAP,shortfall_bps,-6.930803462,29.20250289,-17.26678382,3.211037191,-9.015140933,0.3707406074,0.6333333333,False,30
0.001,SA-QUBO,VWAP,shortfall_bps,-8.342695999,34.57040799,-20.57749928,3.720104602,-11.64284753,0.2366523445,0.6,False,30
0.001,TWAP,VWAP,shortfall_bps,-7.616928407,29.90202336,-18.23683736,2.755118639,-10.65855128,0.3085207697,0.6333333333,False,30
0.01,Hybrid,TWAP,shortfall_bps,0.7352532876,2.768900076,-0.240933822,1.681259497,0.9043108843,0.1347350832,0.3333333333,False,30
0.01,SA-QUBO,TWAP,shortfall_bps,-0.4639548356,7.641741068,-3.138349818,2.187641891,0.09463414254,0.9032264724,0.4666666667,False,30
0.01,VWAP,TWAP,shortfall_bps,7.400366894,29.84644394,-2.953852883,18.01515575,10.54648806,0.3085207697,0.3666666667,False,30
0.01,Hybrid,VWAP,shortfall_bps,-6.665113606,29.19813522,-16.97731758,3.518157427,-8.797391545,0.3598779272,0.6333333333,False,30
0.01,SA-QUBO,VWAP,shortfall_bps,-7.864321729,34.50384768,-20.11499322,4.190481366,-11.07630855,0.2800867818,0.6,False,30
0.01,TWAP,VWAP,shortfall_bps,-7.400366894,29.84644394,-18.01515575,2.953852883,-10.54648806,0.3085207697,0.6333333333,False,30
0.05,Hybrid,TWAP,shortfall_bps,-0.4220938169,4.725805736,-2.109016571,1.210138744,-0.2312895317,0.5158484429,0.5666666667,False,30
0.05,SA-QUBO,TWAP,shortfall_bps,1.620257977,10.06921958,-2.002436213,5.067443054,2.077896168,0.228552822,0.4,False,30
0.05,VWAP,TWAP,shortfall_bps,-0.6580933895,19.6178774,-7.617758807,6.079035625,-4.175707977,0.9676735774,0.5666666667,False,30
0.05,Hybrid,VWAP,shortfall_bps,0.2359995726,21.69678503,-7.168659963,7.927597769,4.700840717,0.9515264742,0.4333333333,False,30
0.05,SA-QUBO,VWAP,shortfall_bps,2.278351367,25.74229638,-6.705763923,11.45995552,2.773792215,0.7151329666,0.4,False,30
0.05,TWAP,VWAP,shortfall_bps,0.6580933895,19.6178774,-6.079035625,7.617758807,4.175707977,0.9676735774,0.4333333333,False,30
0.001,Hybrid,TWAP,impact_cost_bps,0.001325999291,0.001115648872,0.0009437530715,0.001732282823,0.001169807606,2.048909664e-07,0.06666666667,True,30
0.001,SA-QUBO,TWAP,impact_cost_bps,0.001486055342,0.0009454873251,0.001159075843,0.0018222715,0.001330414773,3.725290298e-09,0.03333333333,True,30
0.001,VWAP,TWAP,impact_cost_bps,-0.000424896292,0.0004100896662,-0.0005749077313,-0.0002855422403,-0.000333904686,5.718320608e-07,0.8333333333,True,30
0.001,Hybrid,VWAP,impact_cost_bps,0.001750895583,0.001261944526,0.001321053072,0.002208949366,0.001477155397,9.313225746e-09,0.06666666667,True,30
0.001,SA-QUBO,VWAP,impact_cost_bps,0.001910951634,0.001198123997,0.001498257164,0.002342214644,0.00167615511,1.862645149e-09,0,True,30
0.001,TWAP,VWAP,impact_cost_bps,0.000424896292,0.0004100896662,0.0002855422403,0.0005749077313,0.000333904686,5.718320608e-07,0.1666666667,True,30
0.01,Hybrid,TWAP,impact_cost_bps,0.1524030469,0.03484811936,0.1406019066,0.1649923729,0.1426049742,1.862645149e-09,0,True,30
0.01,SA-QUBO,TWAP,impact_cost_bps,0.1976948418,0.0705017415,0.1731463224,0.2217086697,0.193300342,1.862645149e-09,0,True,30
0.01,VWAP,TWAP,impact_cost_bps,-0.2068522818,0.01521535869,-0.2122523462,-0.2016496831,-0.2080074267,1.862645149e-09,1,True,30
0.01,Hybrid,VWAP,impact_cost_bps,0.3592553286,0.03206119515,0.3482506645,0.3708502931,0.3557864538,1.862645149e-09,0,True,30
0.01,SA-QUBO,VWAP,impact_cost_bps,0.4045471236,0.07293035357,0.3789553144,0.4296390224,0.4006041288,1.862645149e-09,0,True,30
0.01,TWAP,VWAP,impact_cost_bps,0.2068522818,0.01521535869,0.2016496831,0.2122523462,0.2080074267,1.862645149e-09,0,True,30
0.05,Hybrid,TWAP,impact_cost_bps,0.01358422286,0.01683889342,0.007561942962,0.01941621193,0.01667070379,0.0002832636237,0.1666666667,True,30
0.05,SA-QUBO,TWAP,impact_cost_bps,-0.001226576205,0.04590641312,-0.01704601925,0.01518695197,-0.004619211426,0.7610654738,0.5333333333,False,30
0.05,VWAP,TWAP,impact_cost_bps,0.1582351146,0.01315801191,0.153671672,0.1627730857,0.1588942657,1.862645149e-09,0,True,30
0.05,Hybrid,VWAP,impact_cost_bps,-0.1446508918,0.02228903612,-0.1526094599,-0.1369945794,-0.1451205358,1.862645149e-09,1,True,30
0.05,SA-QUBO,VWAP,impact_cost_bps,-0.1594616908,0.04547734738,-0.1752878389,-0.1431208984,-0.1687164613,1.862645149e-09,1,True,30
0.05,TWAP,VWAP,impact_cost_bps,-0.1582351146,0.01315801191,-0.1627730857,-0.153671672,-0.1588942657,1.862645149e-09,1,True,30
