order_fraction_of_adv,seed,strategy,total_shares,filled_shares,fill_rate,shortfall_bps,execution_cost_bps,opportunity_cost_bps,spread_cost_bps,impact_cost_bps,timing_cost_bps,slippage_vs_vwap_bps,optimization_invocations,optimization_time_s,qubo_selected_shares
0.001,1000,TWAP,60000,60000,1,-39.97908355,-39.97908355,0,1.855275656,0.0004274478514,-41.83478666,-9.886303426,0,0,
0.001,1000,VWAP,60000,60000,1,-27.6262491,-27.6262491,0,1.418290969,-1.058295347e-14,-29.04454007,2.503853353,0,0,
0.001,1000,SA-QUBO,60000,60000,1,-40.74606748,-40.74606748,0,1.912553668,0.001861772864,-42.66048292,-10.65560469,1,0.010519375,60000
0.001,1000,Hybrid,60000,60000,1,-36.13744823,-36.13744823,0,1.867386679,0.002840153501,-38.00767506,-6.033061153,5,0.251913124,
0.01,1000,TWAP,600000,600000,1,-39.59531612,-39.59531612,0,1.84188134,0.304024659,-41.74122212,-9.501376497,0,0,
0.01,1000,VWAP,600000,600000,1,-27.51620882,-27.51620882,0,1.418325164,0.1185065922,-29.05304058,2.614226099,0,0,
0.01,1000,SA-QUBO,600000,600000,1,-39.99398153,-39.99398153,0,1.858461568,0.5359825601,-42.38842566,-9.90124642,1,0.010464042,600000
0.01,1000,Hybrid,600000,600000,1,-35.93604145,-35.93604145,0,1.835432577,0.5186566739,-38.2901307,-5.831045853,5,0.242808708,
0.05,1000,TWAP,3000000,1999367,0.6664556667,30.32775941,-27.76105213,48.82926992,0.9419219955,0.7014240663,-20.14485657,2.368643031,0,0,
0.05,1000,VWAP,3000000,2248564,0.7495213333,14.74829705,-29.23755034,36.66246476,1.009089631,0.8602175235,-23.78347487,0.8876837975,0,0,
0.05,1000,SA-QUBO,3000000,2097584,0.6991946667,25.74788746,-26.15299037,44.03391884,0.9650037995,0.7472307079,-19.99826589,3.981563321,1,0.010263334,3000000
0.05,1000,Hybrid,3000000,1918517,0.6395056667,37.44984384,-23.96671491,52.77669383,0.9109094191,0.6774527908,-16.9152122,6.174444303,5,0.242910332,
0.001,1001,TWAP,60000,60000,1,-99.58610157,-99.58610157,0,1.43829706,0.0005822833142,-101.0249809,-11.04513989,0,0,
0.001,1001,VWAP,60000,60000,1,-87.20073501,-87.20073501,0,1.138592974,2.626213701e-14,-88.33932799,1.450990943,0,0,
0.001,1001,SA-QUBO,60000,60000,1,-102.1392421,-102.1392421,0,1.515301642,0.002252768232,-103.6567965,-13.62111354,1,0.010626166,60000
0.001,1001,Hybrid,60000,60000,1,-96.97384498,-96.97384498,0,1.42006491,0.0007731958763,-98.39468309,-8.409521485,5,0.249165709,
0.01,1001,TWAP,600000,600000,1,-99.22719263,-99.22719263,0,1.420737877,0.3301393662,-100.9780699,-10.68302118,0,0,
0.01,1001,VWAP,600000,600000,1,-87.07849847,-87.07849847,0,1.138733295,0.1262791142,-88.34351088,1.574320664,0,0,
0.01,1001,SA-QUBO,600000,600000,1,-101.5840225,-101.5840225,0,1.452266132,0.5948921344,-103.6311808,-13.06092858,1,0.010258708,600000
0.01,1001,Hybrid,600000,600000,1,-96.54805365,-96.54805365,0,1.393323788,0.4499369989,-98.39131443,-7.979922234,5,0.24263479,
0.05,1001,TWAP,3000000,1902286,0.6340953333,-38.09307236,-90.79466214,19.4793992,0.725517373,0.6844700267,-58.98245895,-2.17507724,0,0,
0.05,1001,VWAP,3000000,2155298,0.7184326667,-48.57753952,-88.4769679,14.98720447,0.7843312333,0.8532499045,-65.20232512,0.1633445055,0,0,
0.05,1001,SA-QUBO,3000000,1690661,0.5635536667,-27.01255479,-89.16511587,23.2367732,0.6693293242,0.642497709,-51.56115502,-0.5309576822,1,0.010220416,3000000
0.05,1001,Hybrid,3000000,1853109,0.617703,-34.49238278,-88.78848433,20.35253036,0.7070442917,0.698583047,-56.25054047,-0.1509578639,5,0.241186084,
0.001,1002,TWAP,60000,60000,1,-150.2319131,-150.2319131,0,1.707819638,0.0002102567043,-151.939943,-75.00460055,0,0,
0.001,1002,VWAP,60000,60000,1,-78.65204427,-78.65204427,0,1.309450083,3.476861065e-15,-79.96149435,-2.878042543,0,0,
0.001,1002,SA-QUBO,60000,60000,1,-163.7020471,-163.7020471,0,1.793986658,0.002456180591,-165.49849,-88.57761229,1,0.01056025,60000
0.001,1002,Hybrid,60000,60000,1,-145.1857427,-145.1857427,0,1.643117916,0.001290211595,-146.8301508,-69.91989011,5,0.249276417,
0.01,1002,TWAP,600000,600000,1,-149.6960663,-149.6960663,0,1.694912743,0.3532045033,-151.7441835,-74.46466118,0,0,
0.01,1002,VWAP,600000,600000,1,-78.51875394,-78.51875394,0,1.30955999,0.1260450714,-79.954359,-2.743734215,0,0,
0.01,1002,SA-QUBO,600000,600000,1,-163.5857561,-163.5857561,0,1.734742053,0.5936483361,-165.9141465,-88.46043305,1,0.01035225,600000
0.01,1002,Hybrid,600000,600000,1,-144.1913718,-144.1913718,0,1.606280941,0.4799711375,-146.2776239,-68.91792478,5,0.243919,
0.05,1002,TWAP,3000000,1913848,0.6379493333,7.339824531,-83.49886099,60.60786723,0.8188143433,0.6756362177,-54.76249326,-7.761876681,0,0,
0.05,1002,VWAP,3000000,2191747,0.7305823333,-9.465855076,-74.6845041,45.0973242,0.8885163522,0.8527463348,-56.30444196,1.119799592,0,0,
0.05,1002,SA-QUBO,3000000,1858880,0.6196266667,12.87228817,-81.99056569,63.67582908,0.8057531969,0.6631878739,-52.27248198,-6.242061819,1,0.010255708,3000000
0.05,1002,Hybrid,3000000,1962391,0.6541303333,3.097327255,-83.77715832,57.89850775,0.8316486037,0.7099663589,-56.34279546,-8.042299498,5,0.243422791,
0.001,1003,TWAP,60000,60000,1,-67.15109984,-67.15109984,0,2.06703518,0.0001994529291,-69.21833447,-50.18828481,0,0,
0.001,1003,VWAP,60000,60000,1,-15.49207887,-15.49207887,0,1.577748651,1.403701172e-14,-17.06982752,1.558956819,0,0,
0.001,1003,SA-QUBO,60000,60000,1,-78.53441038,-78.53441038,0,2.091140491,0.001215713092,-80.62676658,-61.59103518,1,0.01068075,60000
0.001,1003,Hybrid,60000,60000,1,-64.63903769,-64.63903769,0,2.038105007,0.000807309475,-66.67795,-47.67193268,5,0.249971583,
0.01,1003,TWAP,600000,600000,1,-66.67807632,-66.67807632,0,2.046774561,0.3334178634,-69.05826875,-49.71445348,0,0,
0.01,1003,VWAP,600000,600000,1,-15.37609889,-15.37609889,0,1.577892067,0.1243228098,-17.07831377,1.675134862,0,0,
0.01,1003,SA-QUBO,600000,600000,1,-79.00398716,-79.00398716,0,2.01762784,0.479694742,-81.50130974,-62.06141388,1,0.010153625,600000
0.01,1003,Hybrid,600000,600000,1,-64.28941095,-64.28941095,0,1.999356052,0.4279414558,-66.71670846,-47.32170887,5,0.244073,
0.05,1003,TWAP,3000000,1923107,0.6410356667,53.64523592,-11.0693328,60.74107306,1.000058886,0.6806194438,-8.776515462,5.989255827,0,0,
0.05,1003,VWAP,3000000,2142468,0.714156,37.78910721,-14.80957279,48.36545247,1.069803776,0.8330109794,-12.47916002,2.242628451,0,0,
0.05,1003,SA-QUBO,3000000,2075534,0.6918446667,41.71176639,-15.07546567,52.14164691,1.051552884,0.7707489932,-12.25218239,1.976281493,1,0.010369083,3000000
0.05,1003,Hybrid,3000000,1973511,0.657837,51.88862131,-9.134215812,57.89744643,1.016580807,0.7233906998,-7.748796634,7.927677511,5,0.242923499,
0.001,1004,TWAP,60000,60000,1,-192.9487708,-192.9487708,-0,1.971214639,0.0001146066128,-194.9201001,-1.027901822,0,0,
0.001,1004,VWAP,60000,60000,1,-192.4595821,-192.4595821,-0,1.496380341,-4.343087797e-15,-193.9559624,-0.5291397776,0,0,
0.001,1004,SA-QUBO,60000,60000,1,-192.9057074,-192.9057074,-0,1.884342827,0.0008404484939,-194.7908907,-0.9839956499,1,0.010676791,60000
0.001,1004,Hybrid,60000,60000,1,-197.2119076,-197.2119076,-0,2.043961187,0.002884266422,-199.2587531,-5.374466834,5,0.250017624,
0.01,1004,TWAP,600000,600000,1,-192.6987976,-192.6987976,-0,1.959356675,0.3351221515,-194.9932764,-0.7730366668,0,0,
0.01,1004,VWAP,600000,600000,1,-192.3165349,-192.3165349,-0,1.496517869,0.1393253491,-193.9523781,-0.3832931907,0,0,
0.01,1004,SA-QUBO,600000,600000,1,-192.5498252,-192.5498252,-0,1.86083892,0.4093967872,-194.8200609,-0.6211489645,1,0.01039675,600000
0.01,1004,Hybrid,600000,600000,1,-196.663366,-196.663366,-0,2.003354154,0.5738926136,-199.2406128,-4.815190419,5,0.24319875,
0.05,1004,TWAP,3000000,1901909,0.6339696667,-291.8477699,-203.9276613,-162.5638185,0.9572454301,0.6849007698,-130.9260976,-12.22164565,0,0,
0.05,1004,VWAP,3000000,2137660,0.7125533333,-262.2666965,-188.9008543,-127.6647631,1.023234772,0.8596855959,-136.4848538,3.099231141,0,0,
0.05,1004,SA-QUBO,3000000,1912374,0.637458,-291.7492476,-205.0873942,-161.0146475,0.9614106164,0.7204534602,-132.4164642,-13.40407415,1,0.01022525,3000000
0.05,1004,Hybrid,3000000,1766650,0.5888833333,-308.5311495,-213.8699723,-182.5866873,0.9099073597,0.6572284301,-127.511598,-22.35852456,5,0.239663667,
0.001,1005,TWAP,60000,60000,1,-123.340616,-123.340616,-0,2.027338416,0.0009577454104,-125.3689122,-5.176094827,0,0,
0.001,1005,VWAP,60000,60000,1,-118.2809987,-118.2809987,-0,1.521857457,6.037079837e-15,-119.8028562,-0.05594419802,0,0,
0.001,1005,SA-QUBO,60000,60000,1,-115.2641196,-115.2641196,-0,1.999364664,0.002247382795,-117.2657317,2.997028872,1,0.010436625,60000
0.001,1005,Hybrid,60000,60000,1,-119.3672432,-119.3672432,-0,2.080668715,0.002550826885,-121.4504628,-1.155184546,5,0.247298124,
0.01,1005,TWAP,600000,600000,1,-123.1154927,-123.1154927,-0,2.01805113,0.3060584509,-125.4396023,-4.948278174,0,0,
0.01,1005,VWAP,600000,600000,1,-118.167064,-118.167064,-0,1.521969352,0.1091241845,-119.7981575,0.05935364051,0,0,
0.01,1005,SA-QUBO,600000,600000,1,-114.9423817,-114.9423817,-0,1.978911584,0.3968688363,-117.3181621,3.322616127,1,0.01020375,600000
0.01,1005,Hybrid,600000,600000,1,-118.8862417,-118.8862417,-0,2.037690601,0.4810774162,-121.4050097,-0.6684282798,5,0.241809626,
0.05,1005,TWAP,3000000,1985004,0.661668,-199.3937291,-134.6054984,-110.3295782,1.003746966,0.697648498,-90.76554639,-16.5757505,0,0,
0.05,1005,VWAP,3000000,2229877,0.7432923333,-169.9871774,-116.0622386,-83.71900527,1.079253148,0.8615047034,-88.20892998,2.189361213,0,0,
0.05,1005,SA-QUBO,3000000,1860562,0.6201873333,-211.2932281,-140.9903414,-123.8528042,0.9469505765,0.656782734,-89.04415718,-23.03698187,1,0.010336167,3000000
0.05,1005,Hybrid,3000000,1987501,0.6625003333,-198.8598526,-134.0401223,-110.0582269,1.004626953,0.7235102792,-90.52976293,-16.00361021,5,0.241825916,
0.001,1006,TWAP,60000,60000,1,-150.0563307,-150.0563307,-0,1.910820046,7.769032191e-15,-151.9671507,-5.470715781,0,0,
0.001,1006,VWAP,60000,60000,1,-138.9663155,-138.9663155,-0,1.475911162,1.467483858e-14,-140.4422267,5.782087814,0,0,
0.001,1006,SA-QUBO,60000,60000,1,-162.1051632,-162.1051632,-0,2.0170653,0.001879271071,-164.1241078,-17.69641108,1,0.010520625,60000
0.001,1006,Hybrid,60000,60000,1,-148.838041,-148.838041,-0,1.912756264,0.001224373576,-150.7520216,-4.234543045,5,0.249609043,
0.01,1006,TWAP,600000,600000,1,-149.8638829,-149.8638829,-0,1.897319666,0.3321421792,-152.0933447,-5.275443076,0,0,
0.01,1006,VWAP,600000,600000,1,-138.826027,-138.826027,-0,1.475994685,0.1334159074,-140.4354375,5.92443562,0,0,
0.01,1006,SA-QUBO,600000,600000,1,-162.2459899,-162.2459899,-0,1.947245634,0.5806985573,-164.7739341,-17.83930494,1,0.010113542,600000
0.01,1006,Hybrid,600000,600000,1,-148.3726443,-148.3726443,-0,1.887096621,0.4719077449,-150.7316486,-3.762314832,5,0.24199825,
0.05,1006,TWAP,3000000,2006584,0.6688613333,-181.8872608,-167.0186189,-70.17496469,0.963857631,0.7164863326,-113.3926401,-22.68199049,0,0,
0.05,1006,VWAP,3000000,2212168,0.7373893333,-162.9375268,-145.4860796,-55.65764351,1.025677487,0.858611997,-109.1641727,-0.833378799,0,0,
0.05,1006,SA-QUBO,3000000,1865269,0.6217563333,-195.6560393,-185.7674862,-80.15392825,0.9180051253,0.6678405467,-117.0879567,-41.70606912,1,0.010053292,3000000
0.05,1006,Hybrid,3000000,1962042,0.654014,-185.2869326,-171.199138,-73.32029954,0.9501854594,0.7177549355,-113.6345735,-26.92387475,5,0.240111251,
0.001,1007,TWAP,60000,60000,1,-37.87773698,-37.87773698,-0,1.85580288,0.000200791693,-39.73374065,12.65434757,0,0,
0.001,1007,VWAP,60000,60000,1,-48.21145278,-48.21145278,-0,1.37804295,2.4566601e-14,-49.58949573,2.26821481,0,0,
0.001,1007,SA-QUBO,60000,60000,1,-33.67858987,-33.67858987,-0,1.778679747,0.000506759987,-35.45777638,16.87479453,1,0.010478417,60000
0.001,1007,Hybrid,60000,60000,1,-34.35166275,-34.35166275,-0,1.842665366,0.001109135066,-36.19543725,16.19830754,5,0.246531959,
0.01,1007,TWAP,600000,600000,1,-37.61685694,-37.61685694,-0,1.840499684,0.3459918153,-39.80334844,12.9165509,0,0,
0.01,1007,VWAP,600000,600000,1,-48.08600482,-48.08600482,-0,1.378134741,0.1230413248,-49.58718088,2.394299091,0,0,
0.01,1007,SA-QUBO,600000,600000,1,-33.19725011,-33.19725011,-0,1.721216033,0.4771785899,-35.39564473,17.35857584,1,0.010076416,600000
0.01,1007,Hybrid,600000,600000,1,-34.039228,-34.039228,-0,1.807022928,0.4657717094,-36.31202264,16.51232708,5,0.242531915,
0.05,1007,TWAP,3000000,1954895,0.6516316667,-121.5461393,-59.50779359,-82.76897654,0.8885982828,0.6841672882,-40.34992829,-9.08542581,0,0,
0.05,1007,VWAP,3000000,2228982,0.742994,-96.94220699,-48.28101614,-61.06970168,0.9591442449,0.8531941178,-37.68484367,2.19829859,0,0,
0.05,1007,SA-QUBO,3000000,2039585,0.6798616667,-113.9223728,-55.68521626,-76.06412885,0.9088059587,0.7209425736,-39.48799247,-5.243458751,1,0.010318291,3000000
0.05,1007,Hybrid,3000000,2006483,0.6688276667,-117.0513728,-57.36392776,-78.68479089,0.9042059167,0.7248656608,-39.99565353,-6.930685382,5,0.241113,
0.001,1008,TWAP,60000,60000,1,-134.4796692,-134.4796692,-0,2.038270264,0.00105750543,-136.518997,-8.624981603,0,0,
0.001,1008,VWAP,60000,60000,1,-124.2525818,-124.2525818,-0,1.54942647,4.679005554e-14,-125.8020083,1.732572987,0,0,
0.001,1008,SA-QUBO,60000,60000,1,-145.1996494,-145.1996494,-0,2.089487824,0.0009812888228,-147.2901185,-19.48171684,1,0.010581917,60000
0.001,1008,Hybrid,60000,60000,1,-133.7716646,-133.7716646,-0,2.014881293,0.002410350215,-135.7889562,-7.907944921,5,0.247406583,
0.01,1008,TWAP,600000,600000,1,-134.2211711,-134.2211711,-0,2.030332304,0.3155739111,-136.5670773,-8.363185784,0,0,
0.01,1008,VWAP,600000,600000,1,-124.1374519,-124.1374519,-0,1.549583667,0.1159931024,-125.8030287,1.849171652,0,0,
0.01,1008,SA-QUBO,600000,600000,1,-144.8793786,-144.8793786,-0,2.062228002,0.4806609885,-147.4222676,-19.15736038,1,0.0102405,600000
0.01,1008,Hybrid,600000,600000,1,-133.3124023,-133.3124023,-0,1.990032773,0.4319118936,-135.734347,-7.442823878,5,0.242977582,
0.05,1008,TWAP,3000000,1978127,0.6593756667,-167.7840778,-133.9639437,-79.45151309,1.030103845,0.7039161998,-90.06658473,-8.102676963,0,0,
0.05,1008,VWAP,3000000,2210350,0.7367833333,-151.8200936,-122.7251088,-61.39827884,1.099207538,0.8532858885,-92.37430814,3.279532074,0,0,
0.05,1008,SA-QUBO,3000000,1763180,0.5877266667,-181.3108771,-144.8788817,-96.16169487,0.9580726725,0.6585326398,-86.76578751,-19.15685707,1,0.010144667,3000000
0.05,1008,Hybrid,3000000,1963922,0.6546406667,-168.1115314,-133.7462103,-80.55582314,1.023041424,0.7054879768,-89.28423764,-7.88216588,5,0.240752167,
0.001,1009,TWAP,60000,60000,1,-125.2453208,-125.2453208,0,1.792435459,0.001556567957,-127.0393128,-58.99609832,0,0,
0.001,1009,VWAP,60000,60000,1,-67.97835991,-67.97835991,0,1.382203872,2.847380411e-05,-69.36059226,-1.34493632,0,0,
0.001,1009,SA-QUBO,60000,60000,1,-132.8768698,-132.8768698,0,1.732460137,0.004498861048,-134.6138288,-66.67884696,1,0.01058675,60000
0.001,1009,Hybrid,60000,60000,1,-126.000503,-126.000503,0,1.795852316,0.004147684131,-127.800503,-59.75634703,5,0.246847916,
0.01,1009,TWAP,600000,600000,1,-124.7749782,-124.7749782,0,1.780765945,0.3452894837,-126.9010336,-58.52260018,0,0,
0.01,1009,VWAP,600000,600000,1,-67.87502752,-67.87502752,0,1.382230448,0.1156833713,-69.37294134,-1.240910684,0,0,
0.01,1009,SA-QUBO,600000,600000,1,-132.3550218,-132.3550218,0,1.700740319,0.5445349279,-134.6002971,-66.15349796,1,0.010256041,600000
0.01,1009,Hybrid,600000,600000,1,-125.1154841,-125.1154841,0,1.767711655,0.504281511,-127.3874772,-58.8653905,5,0.241896833,
0.05,1009,TWAP,3000000,2017419,0.672473,-37.32383352,-67.40025764,8.001019932,0.911365224,0.7018335232,-46.9380522,-0.7629555907,0,0,
0.05,1009,VWAP,3000000,2214082,0.7380273333,-40.72865319,-63.85185361,6.395760061,0.9701055429,0.843350038,-48.93786883,2.809254496,0,0,
0.05,1009,SA-QUBO,3000000,2027109,0.675703,-37.52932802,-67.26513485,7.921925399,0.9145861807,0.7076106682,-47.07345027,-0.6269262755,1,0.010176584,3000000
0.05,1009,Hybrid,3000000,1982982,0.660994,-35.24133998,-65.84545638,8.282111617,0.9032310175,0.7223766135,-45.14905923,0.8022767493,5,0.24034975,
0.001,1010,TWAP,60000,60000,1,47.91645669,47.91645669,-0,1.881886382,0.001021265224,46.03354904,22.4180052,0,0,
0.001,1010,VWAP,60000,60000,1,30.19500439,30.19500439,-0,1.42387279,3.276965696e-14,28.7711316,4.741524371,0,0,
0.001,1010,SA-QUBO,60000,60000,1,45.32960142,45.32960142,-0,1.844977666,0.002319321956,43.48230443,19.83771455,1,0.010522084,60000
0.001,1010,Hybrid,60000,60000,1,48.02773642,48.02773642,-0,1.880960562,0.002510212652,46.14426564,22.52900253,5,0.249195834,
0.01,1010,TWAP,600000,600000,1,48.24169148,48.24169148,-0,1.867406368,0.3336607109,46.0406244,22.74241465,0,0,
0.01,1010,VWAP,600000,600000,1,30.32801798,30.32801798,-0,1.423901424,0.1351095713,28.76900699,4.874200416,0,0,
0.01,1010,SA-QUBO,600000,600000,1,45.59562669,45.59562669,-0,1.807266254,0.482776887,43.30558355,20.10306474,1,0.010331542,600000
0.01,1010,Hybrid,600000,600000,1,48.42430229,48.42430229,-0,1.832844653,0.508905051,46.08255259,22.92456205,5,0.242103417,
0.05,1010,TWAP,3000000,1942029,0.647343,20.47742298,43.83567955,-7.899297331,0.9149492231,0.7003607834,26.7614103,18.34758379,0,0,
0.05,1010,VWAP,3000000,2169134,0.7230446667,15.25031421,29.67849083,-6.208560302,0.976701027,0.8663610507,19.61581243,4.226321558,0,0,
0.05,1010,SA-QUBO,3000000,1889887,0.6299623333,22.46137861,48.81063169,-8.287480815,0.886231245,0.7212999656,29.14132822,23.30991106,1,0.010256666,3000000
0.05,1010,Hybrid,3000000,1923586,0.6411953333,20.10041633,43.88212997,-8.036600618,0.9089642271,0.7106662085,26.51738652,18.39391633,5,0.239984586,
0.001,1011,TWAP,60000,60000,1,-7.690030085,-7.690030085,-0,2.083742717,0.0005997943562,-9.774372596,-9.783731727,0,0,
0.001,1011,VWAP,60000,60000,1,4.763547736,4.763547736,-0,1.567262653,-6.927108433e-15,3.196285083,2.667236679,0,0,
0.001,1011,SA-QUBO,60000,60000,1,-11.3075993,-11.3075993,-0,2.155146807,0.003227464869,-13.46597357,-13.40054295,1,0.010410125,60000
0.001,1011,Hybrid,60000,60000,1,-8.235728703,-8.235728703,-0,2.20739556,0.005026847938,-10.44815111,-10.329316,5,0.246052834,
0.01,1011,TWAP,600000,600000,1,-7.324364028,-7.324364028,-0,2.068407974,0.3127432499,-9.705515252,-9.418142288,0,0,
0.01,1011,VWAP,600000,600000,1,4.896494535,4.896494535,-0,1.567371187,0.1307989642,3.198324384,2.800155622,0,0,
0.01,1011,SA-QUBO,600000,600000,1,-10.57216859,-10.57216859,-0,2.069486652,0.54863761,-13.19029285,-12.66526633,1,0.009907916003,600000
0.01,1011,Hybrid,600000,600000,1,-7.580068738,-7.580068738,-0,2.134610991,0.530883697,-10.24556343,-9.673793421,5,0.24217875,
0.05,1011,TWAP,3000000,1992623,0.6642076667,-25.38341578,3.108785102,-27.44829468,1.046528048,0.6982577402,0.3200931109,1.01282077,0,0,
0.05,1011,VWAP,3000000,2201282,0.7337606667,-20.13070471,2.22969734,-21.76676892,1.105261625,0.8413690544,-0.3105664724,0.1339172042,0,0,
0.05,1011,SA-QUBO,3000000,1992328,0.6641093333,-26.23242679,1.842920007,-27.45632716,1.021605164,0.7174983815,-0.5152031684,-0.252779087,1,0.010118333,3000000
0.05,1011,Hybrid,3000000,1915864,0.6386213333,-28.39258749,1.794114116,-29.53834704,1.020252485,0.693480521,-0.5679734567,-0.301574751,5,0.240163165,
0.001,1012,TWAP,60000,60000,1,90.7245873,90.7245873,0,2.147746053,8.638653348e-16,88.57684125,54.29752441,0,0,
0.001,1012,VWAP,60000,60000,1,40.1212363,40.1212363,0,1.573877776,-1.101428302e-14,38.54735852,3.876849235,0,0,
0.001,1012,SA-QUBO,60000,60000,1,104.5994567,104.5994567,0,2.237618966,0.0007503656845,102.3610874,68.12230615,1,0.010445083,60000
0.001,1012,Hybrid,60000,60000,1,94.01409548,94.01409548,0,2.203349101,0.0008928401816,91.80985354,57.57515761,5,0.248434918,
0.01,1012,TWAP,600000,600000,1,90.98710416,90.98710416,0,2.131264604,0.3348730077,88.52096655,54.55909359,0,0,
0.01,1012,VWAP,600000,600000,1,40.24224654,40.24224654,0,1.574003153,0.1061995403,38.56204384,3.997422633,0,0,
0.01,1012,SA-QUBO,600000,600000,1,104.0236916,104.0236916,0,2.158633005,0.5735871279,101.2914715,67.54861955,1,0.010277542,600000
0.01,1012,Hybrid,600000,600000,1,94.26299842,94.26299842,0,2.151518778,0.5086994928,91.60278015,57.82316203,5,0.242518917,
0.05,1012,TWAP,3000000,1956607,0.6522023333,45.87154138,47.26159866,15.04741646,1.008180696,0.6912437074,29.12470052,10.99143521,0,0,
0.05,1012,VWAP,3000000,2208709,0.7362363333,39.56490872,38.24477597,11.40771509,1.087470413,0.8500161471,26.21970707,2.007162848,0,0,
0.05,1012,SA-QUBO,3000000,1799882,0.5999606667,49.57413784,53.77688771,17.31012044,0.9536906594,0.6663395452,30.6439872,17.48320436,1,0.0102105,3000000
0.05,1012,Hybrid,3000000,1856056,0.6186853333,47.2198712,49.65489967,16.49911305,0.9732645656,0.6808259722,29.06666762,13.37609651,5,0.24057275,
0.001,1013,TWAP,60000,60000,1,-88.77277924,-88.77277924,-0,2.045644221,9.52707595e-05,-90.81851873,20.83795383,0,0,
0.001,1013,VWAP,60000,60000,1,-107.7387009,-107.7387009,-0,1.537936816,3.877509232e-14,-109.2766377,1.662283329,0,0,
0.001,1013,SA-QUBO,60000,60000,1,-85.94557182,-85.94557182,-0,1.861142868,0.0003239205823,-87.8070386,23.69642805,1,0.010712875,60000
0.001,1013,Hybrid,60000,60000,1,-87.86701155,-87.86701155,-0,2.038098777,0.0005525704051,-89.90566289,21.75373864,5,0.249047999,
0.01,1013,TWAP,600000,600000,1,-88.56631035,-88.56631035,-0,2.032157692,0.3414484966,-90.93991654,21.04670611,0,0,
0.01,1013,VWAP,600000,600000,1,-107.6114449,-107.6114449,-0,1.538064479,0.1236204794,-109.2731298,1.790946697,0,0,
0.01,1013,SA-QUBO,600000,600000,1,-85.524718,-85.524718,-0,1.839024809,0.4266243664,-87.79036717,24.12193619,1,0.010343083,600000
0.01,1013,Hybrid,600000,600000,1,-87.41031211,-87.41031211,-0,2.004535841,0.4839221066,-89.89877005,22.21548883,5,0.244214583,
0.05,1013,TWAP,3000000,1927382,0.6424606667,-211.9929475,-120.9284722,-134.3011606,0.9793856941,0.6895072596,-79.36067985,-11.673357,0,0,
0.05,1013,VWAP,3000000,2165116,0.7217053333,-182.1473886,-107.5330058,-104.5402448,1.052973019,0.8412792958,-79.5013961,1.870253268,0,0,
0.05,1013,SA-QUBO,3000000,2065846,0.6886153333,-195.1245082,-113.4988831,-116.967437,1.02295225,0.7726382379,-79.95266167,-4.161602126,1,0.010251125,3000000
0.05,1013,Hybrid,3000000,1937577,0.645859,-208.454605,-116.7897535,-133.0248916,0.9797254297,0.7062638619,-77.11570272,-7.488867162,5,0.2419285,
0.001,1014,TWAP,60000,60000,1,108.0321704,108.0321704,0,1.826517968,0.001010389858,106.2046421,-11.09722072,0,0,
0.001,1014,VWAP,60000,60000,1,120.4618054,120.4618054,0,1.398408159,7.390565563e-14,119.0633972,1.185923299,0,0,
0.001,1014,SA-QUBO,60000,60000,1,95.99539605,95.99539605,0,1.942798589,0.004165475169,94.04843199,-22.99213429,1,0.010702083,60000
0.001,1014,Hybrid,60000,60000,1,110.8870079,110.8870079,0,1.800419407,0.002125631494,109.0844629,-8.276029255,5,0.248764707,
0.01,1014,TWAP,600000,600000,1,108.3792594,108.3792594,0,1.800688209,0.3418034506,106.2367677,-10.75422244,0,0,
0.01,1014,VWAP,600000,600000,1,120.5837537,120.5837537,0,1.397656086,0.1218625489,119.0642351,1.306434399,0,0,
0.01,1014,SA-QUBO,600000,600000,1,96.29320942,96.29320942,0,1.854606806,0.5800800686,93.85852254,-22.69783084,1,0.010132875,600000
0.01,1014,Hybrid,600000,600000,1,111.2231627,111.2231627,0,1.76258412,0.4628891431,108.9976894,-7.943836248,5,0.242881543,
0.05,1014,TWAP,3000000,1952943,0.650981,131.2400564,124.3958571,50.260717,0.8996761033,0.6884249357,79.39123839,5.073609791,0,0,
0.05,1014,VWAP,3000000,2203823,0.7346076667,126.510745,120.2037534,38.20814622,0.9664497188,0.8482382995,86.48791078,0.9309126289,0,0,
0.05,1014,SA-QUBO,3000000,1810747,0.6035823333,130.2077609,121.1363828,57.09198036,0.8416145267,0.6320236393,71.64214241,1.852550418,1,0.010094125,3000000
0.05,1014,Hybrid,3000000,1954000,0.6513333333,131.7789439,125.233889,50.20993747,0.8957950624,0.7084975693,79.96471375,5.901765021,5,0.241002875,
0.001,1015,TWAP,60000,60000,1,-194.0752057,-194.0752057,0,2.225693059,0.0008835432936,-196.3017823,-75.02363427,0,0,
0.001,1015,VWAP,60000,60000,1,-122.6829695,-122.6829695,0,1.649708336,-9.504685363e-15,-124.3326778,-2.764640649,0,0,
0.001,1015,SA-QUBO,60000,60000,1,-197.3134489,-197.3134489,0,2.383115773,0.003296661536,-199.6998613,-78.30119224,1,0.010607584,60000
0.001,1015,Hybrid,60000,60000,1,-195.7827719,-195.7827719,0,2.226025575,0.003249159209,-198.0120466,-76.75193163,5,0.247957543,
0.01,1015,TWAP,600000,600000,1,-193.6760607,-193.6760607,0,2.205197705,0.3423236239,-196.2235821,-74.61964338,0,0,
0.01,1015,VWAP,600000,600000,1,-122.5551664,-122.5551664,0,1.649757738,0.1319928176,-124.3369169,-2.635285908,0,0,
0.01,1015,SA-QUBO,600000,600000,1,-196.9031675,-196.9031675,0,2.306048946,0.6638535788,-199.87307,-77.8859297,1,0.0103385,600000
0.01,1015,Hybrid,600000,600000,1,-194.8418191,-194.8418191,0,2.200387619,0.5032928614,-197.5454996,-75.79955502,5,0.243900041,
0.05,1015,TWAP,3000000,1979377,0.6597923333,-87.62033822,-140.3958768,5.011784947,1.072463281,0.7012751525,-94.4058616,-20.69259652,0,0,
0.05,1015,VWAP,3000000,2229947,0.7433156667,-82.07356571,-115.4926205,3.773908492,1.146786373,0.8629723156,-87.85723289,4.513004752,0,0,
0.05,1015,SA-QUBO,3000000,1935634,0.6452113333,-80.28495183,-132.5346183,5.227885956,1.036665907,0.6985257178,-87.24802941,-12.73589619,1,0.010413208,3000000
0.05,1015,Hybrid,3000000,1975703,0.6585676667,-87.3451312,-140.266629,5.029935397,1.068737008,0.71551122,-94.15931483,-20.56177956,5,0.241588333,
0.001,1016,TWAP,60000,60000,1,-51.08930032,-51.08930032,0,1.90267397,0.0001806736274,-52.99215496,-26.3030776,0,0,
0.001,1016,VWAP,60000,60000,1,-26.04808771,-26.04808771,0,1.447347901,2.529689434e-14,-27.49543561,-1.199478556,0,0,
0.001,1016,SA-QUBO,60000,60000,1,-51.38964645,-51.38964645,0,1.914427265,0.0006371122649,-53.30471083,-26.604172,1,0.010647542,60000
0.001,1016,Hybrid,60000,60000,1,-50.74102813,-50.74102813,0,1.926323197,0.001664099199,-52.66901542,-25.95393774,5,0.248652792,
0.01,1016,TWAP,600000,600000,1,-50.78579905,-50.78579905,0,1.887522109,0.3416966205,-53.01501778,-25.9988202,0,0,
0.01,1016,VWAP,600000,600000,1,-25.90964132,-25.90964132,0,1.4469818,0.1347768205,-27.49139994,-1.060687241,0,0,
0.01,1016,SA-QUBO,600000,600000,1,-50.74550313,-50.74550313,0,1.868805272,0.499316293,-53.11362469,-25.95842389,1,0.010342833,600000
0.01,1016,Hybrid,600000,600000,1,-50.23490329,-50.23490329,0,1.885329301,0.5272522394,-52.64748483,-25.44655197,5,0.24339375,
0.05,1016,TWAP,3000000,1956084,0.652028,-8.567075369,-41.10626049,18.23535745,0.9378408551,0.6918681653,-28.43214184,-16.29516652,0,0,
0.05,1016,VWAP,3000000,2207679,0.735893,-2.390689032,-22.0465957,13.83324642,1.011527928,0.8508632396,-18.08632662,2.811982571,0,0,
0.05,1016,SA-QUBO,3000000,1889568,0.629856,-9.750295544,-46.27957994,19.39917556,0.9208575341,0.6737509747,-30.74407961,-21.48137452,1,0.010274375,3000000
0.05,1016,Hybrid,3000000,1929557,0.6431856667,-8.676677887,-42.56340704,18.69949545,0.9258559175,0.6968479108,-28.99887716,-17.75594333,5,0.241743667,
0.001,1017,TWAP,60000,60000,1,44.65974322,44.65974322,0,2.270375654,-2.594849363e-15,42.38936757,-18.50345309,0,0,
0.001,1017,VWAP,60000,60000,1,68.23754636,68.23754636,0,1.675254398,2.746215576e-14,66.56229196,4.926087241,0,0,
0.001,1017,SA-QUBO,60000,60000,1,40.9594389,40.9594389,0,2.389719448,0.001350451736,38.568369,-22.18048903,1,0.010684416,60000
0.001,1017,Hybrid,60000,60000,1,51.64677128,51.64677128,0,2.271887779,0.002092249168,49.37279125,-11.56036112,5,0.250264168,
0.01,1017,TWAP,600000,600000,1,45.10897955,45.10897955,0,2.26498621,0.2902482168,42.55374513,-18.05704167,0,0,
0.01,1017,VWAP,600000,600000,1,68.33245934,68.33245934,0,1.67538564,0.1156100808,66.54146362,5.020403387,0,0,
0.01,1017,SA-QUBO,600000,600000,1,41.56889206,41.56889206,0,2.352329054,0.5365411317,38.68002187,-21.57486826,1,0.010353167,600000
0.01,1017,Hybrid,600000,600000,1,50.03445174,50.03445174,0,2.221634807,0.4729025202,47.33991441,-13.16254202,5,0.244373417,
0.05,1017,TWAP,3000000,1949856,0.649952,140.7221208,74.87491845,92.05701778,1.113667903,0.6956892059,46.85574589,11.52172196,0,0,
0.05,1017,VWAP,3000000,2206015,0.7353383333,115.87562,62.93662739,69.59590528,1.187207989,0.851115359,44.24139135,-0.3414982957,0,0,
0.05,1017,SA-QUBO,3000000,1823868,0.607956,154.5798301,84.67002175,103.1041824,1.064758726,0.629037185,49.78185183,21.25523133,1,0.01018175,3000000
0.05,1017,Hybrid,3000000,1965641,0.6552136667,139.2580472,74.15157514,90.67292173,1.118494341,0.7169854494,46.74964565,10.80292721,5,0.241915042,
0.001,1018,TWAP,60000,60000,1,27.53207683,27.53207683,0,1.966091561,0.0004650191702,25.56552025,-5.384066707,0,0,
0.001,1018,VWAP,60000,60000,1,32.58235584,32.58235584,0,1.496887219,-3.711448219e-14,31.08546863,-0.3503656234,0,0,
0.001,1018,SA-QUBO,60000,60000,1,29.8289204,29.8289204,0,1.98582166,0.001271685078,27.84182705,-3.094762708,1,0.010620209,60000
0.001,1018,Hybrid,60000,60000,1,27.7876191,27.7876191,0,1.916438902,0.0008636070304,25.87031659,-5.129363274,5,0.249852627,
0.01,1018,TWAP,600000,600000,1,27.89379532,27.89379532,0,1.955056372,0.3184830885,25.62025586,-5.023535592,0,0,
0.01,1018,VWAP,600000,600000,1,32.6728704,32.6728704,0,1.496979273,0.1058060965,31.07008503,-0.2601481865,0,0,
0.01,1018,SA-QUBO,600000,600000,1,30.57428349,30.57428349,0,1.943964241,0.4458357059,28.18448354,-2.351846325,1,0.010362084,600000
0.01,1018,Hybrid,600000,600000,1,29.0933303,29.0933303,0,1.887256577,0.4449407812,26.76113294,-3.827938177,5,0.244801292,
0.05,1018,TWAP,3000000,2019067,0.6730223333,38.14524978,42.5964551,9.476884182,0.9904775462,0.7390257374,26.93886232,9.630861579,0,0,
0.05,1018,VWAP,3000000,2242074,0.747358,34.52314524,36.40151947,7.318178453,1.056398664,0.8728648977,25.27570322,3.4562613,0,0,
0.05,1018,SA-QUBO,3000000,2102365,0.7007883333,36.61748909,39.87927232,8.670560301,1.015369168,0.775364613,26.156195,6.922598167,1,0.010291958,3000000
0.05,1018,Hybrid,3000000,2076665,0.6922216667,38.01012432,42.02524951,8.919336067,1.003233307,0.7816473067,27.30590764,9.061531015,5,0.242378834,
0.001,1019,TWAP,60000,60000,1,-105.7156109,-105.7156109,-0,1.87821322,7.392993043e-15,-107.5938241,-30.99035425,0,0,
0.001,1019,VWAP,60000,60000,1,-75.3748183,-75.3748183,-0,1.425914238,2.196153816e-14,-76.80073254,-0.420416889,0,0,
0.001,1019,SA-QUBO,60000,60000,1,-106.9614318,-106.9614318,-0,1.815899702,0.0005642261495,-108.7778957,-32.24558405,1,0.010692708,60000
0.001,1019,Hybrid,60000,60000,1,-100.9815335,-100.9815335,-0,1.850307934,0.0005546629944,-102.8323961,-26.22052342,5,0.249467749,
0.01,1019,TWAP,600000,600000,1,-105.4009774,-105.4009774,-0,1.866575817,0.3343661541,-107.6019193,-30.67334448,0,0,
0.01,1019,VWAP,600000,600000,1,-75.25740188,-75.25740188,-0,1.426011782,0.1204842782,-76.80389794,-0.3021136992,0,0,
0.01,1019,SA-QUBO,600000,600000,1,-101.4691129,-101.4691129,-0,1.76635682,0.4279731849,-103.6634429,-26.71178517,1,0.010224583,600000
0.01,1019,Hybrid,600000,600000,1,-100.7573407,-100.7573407,-0,1.815575511,0.4747647464,-103.0476809,-25.99463736,5,0.244606377,
0.05,1019,TWAP,3000000,1930819,0.6436063333,-77.05761916,-86.96819533,-21.08433785,0.9017244281,0.6778882641,-57.552894,-12.10135134,0,0,
0.05,1019,VWAP,3000000,2222379,0.740793,-68.35785078,-71.56827066,-15.34057685,0.9974860378,0.8548215515,-54.86958152,3.414879192,0,0,
0.05,1019,SA-QUBO,3000000,2002453,0.6674843333,-74.88578246,-82.71750928,-19.67314092,0.9258522684,0.7195524443,-56.85804625,-7.818562555,1,0.010147292,3000000
0.05,1019,Hybrid,3000000,1901127,0.633709,-77.70074937,-88.41830583,-21.6692732,0.8889195547,0.6971668197,-57.61756254,-13.56241361,5,0.243284374,
0.001,1020,TWAP,60000,60000,1,-337.2460545,-337.2460545,-0,1.787154472,0.0002869440459,-339.0334959,-30.05014697,0,0,
0.001,1020,VWAP,60000,60000,1,-307.041693,-307.041693,-0,1.390129125,7.394265868e-15,-308.4318221,1.114464251,0,0,
0.001,1020,SA-QUBO,60000,60000,1,-331.1719464,-331.1719464,-0,1.720047824,0.001597321856,-332.8935916,-23.78293233,1,0.010550125,60000
0.001,1020,Hybrid,60000,60000,1,-337.0111334,-337.0111334,-0,1.797513152,0.0005547584888,-338.8092013,-29.80775732,5,0.249118291,
0.01,1020,TWAP,600000,600000,1,-336.9530033,-336.9530033,-0,1.773515065,0.3143567671,-339.0408752,-29.74777918,0,0,
0.01,1020,VWAP,600000,600000,1,-306.9275227,-306.9275227,-0,1.390217121,0.1135561932,-308.431296,1.232264177,0,0,
0.01,1020,SA-QUBO,600000,600000,1,-330.6575935,-330.6575935,-0,1.679051172,0.4745872788,-332.8112319,-23.2522272,1,0.010394792,600000
0.01,1020,Hybrid,600000,600000,1,-336.4959283,-336.4959283,-0,1.781393592,0.4426131038,-338.719935,-29.27617288,5,0.244403167,
0.05,1020,TWAP,3000000,1921860,0.64062,-318.9740538,-325.3109559,-110.5733492,0.8913603061,0.6900346246,-209.9820995,-17.73561057,0,0,
0.05,1020,VWAP,3000000,2163473,0.7211576667,-307.0428802,-306.7890019,-85.79963941,0.9617920612,0.847972836,-223.0530056,1.375188847,0,0,
0.05,1020,SA-QUBO,3000000,2027290,0.6757633333,-312.6388807,-315.0152598,-99.7631187,0.9194094692,0.7507737924,-214.5459453,-7.112596286,1,0.010502458,3000000
0.05,1020,Hybrid,3000000,1883508,0.627836,-318.7876583,-325.3746191,-114.505759,0.8750435198,0.6964024868,-205.8533454,-17.80129781,5,0.242339834,
0.001,1021,TWAP,60000,60000,1,126.6768486,126.6768486,0,2.211426992,0.0001144033863,124.4653072,15.58258289,0,0,
0.001,1021,VWAP,60000,60000,1,112.5823514,112.5823514,0,1.650249781,-1.452354446e-14,110.9321016,1.642708755,0,0,
0.001,1021,SA-QUBO,60000,60000,1,127.165637,127.165637,0,2.309785303,0.001496777638,124.854355,16.06600912,1,0.0106625,60000
0.001,1021,Hybrid,60000,60000,1,127.7070892,127.7070892,0,2.232162605,0.001067764939,125.4738588,16.60152131,5,0.250694,
0.01,1021,TWAP,600000,600000,1,126.9872564,126.9872564,0,2.197335354,0.3419183541,124.4480027,15.88958542,0,0,
0.01,1021,VWAP,600000,600000,1,112.704067,112.704067,0,1.650402319,0.1167534226,110.9369113,1.763089148,0,0,
0.01,1021,SA-QUBO,600000,600000,1,128.2781623,128.2781623,0,2.255325478,0.6026713191,125.4201655,17.16632948,1,0.010194417,600000
0.01,1021,Hybrid,600000,600000,1,128.3146227,128.3146227,0,2.196339092,0.4846546924,125.6336289,17.20238985,5,0.243591332,
0.05,1021,TWAP,3000000,1922933,0.6409776667,154.9656262,115.8662997,80.69791576,1.04311692,0.6890672311,72.53552626,4.890630641,0,0,
0.05,1021,VWAP,3000000,2166206,0.7220686667,146.0921904,115.8113495,62.46844373,1.11132174,0.8529731533,81.65945182,4.836283291,0,0,
0.05,1021,SA-QUBO,3000000,1856940,0.61898,157.2578086,115.6980177,85.64304961,1.004416543,0.6955531404,69.91478931,4.724194793,1,0.010380417,3000000
0.05,1021,Hybrid,3000000,1937066,0.6456886667,155.8908115,118.0939747,79.63887046,1.044454296,0.714097548,74.4933892,7.093867028,5,0.242910625,
0.001,1022,TWAP,60000,60000,1,63.46107312,63.46107312,0,2.071272555,1.727435331e-15,61.38980057,24.38866741,0,0,
0.001,1022,VWAP,60000,60000,1,42.74807217,42.74807217,0,1.56014245,6.736997791e-14,41.18792972,3.756086784,0,0,
0.001,1022,SA-QUBO,60000,60000,1,65.60691358,65.60691358,0,2.051358025,0.001130104463,63.55442545,26.52617643,1,0.010710375,60000
0.001,1022,Hybrid,60000,60000,1,60.46574549,60.46574549,0,2.075128205,0.001775878442,58.38884141,21.40496944,5,0.250176416,
0.01,1022,TWAP,600000,600000,1,63.76893637,63.76893637,0,2.059206078,0.3249895537,61.38474074,24.69533535,0,0,
0.01,1022,VWAP,600000,600000,1,42.87248623,42.87248623,0,1.560320038,0.1151310541,41.19703514,3.880017789,0,0,
0.01,1022,SA-QUBO,600000,600000,1,66.29727255,66.29727255,0,2.006578348,0.4908537512,63.79984046,27.21385501,1,0.01030875,600000
0.01,1022,Hybrid,600000,600000,1,60.56526591,60.56526591,0,2.032128205,0.5061187085,58.02701899,21.50410346,5,0.244952707,
0.05,1022,TWAP,3000000,1927651,0.6425503333,50.23419487,48.09137518,19.33306572,0.9968488129,0.6649775878,29.23930275,9.078643879,0,0,
0.05,1022,VWAP,3000000,2206227,0.735409,44.90263932,41.60421087,14.30652821,1.080479772,0.8388182336,28.67681311,2.616666636,0,0,
0.05,1022,SA-QUBO,3000000,1898568,0.632856,47.25089858,43.28483632,19.8578302,0.9526533713,0.6658319088,25.7745831,4.290766892,1,0.010386709,3000000
0.05,1022,Hybrid,3000000,1894088,0.6313626667,50.26290845,48.02983158,19.93866591,0.9802687559,0.6815623932,28.6624114,9.017339223,5,0.242577333,
0.001,1023,TWAP,60000,60000,1,331.5583252,331.5583252,0,2.040650639,3.462565251e-15,329.5176746,-18.97647255,0,0,
0.001,1023,VWAP,60000,60000,1,351.1868159,351.1868159,0,1.562065749,1.601436429e-14,349.6247502,-0.01394811973,0,0,
0.001,1023,SA-QUBO,60000,60000,1,341.0209392,341.0209392,0,2.013924581,0.0004663735176,339.0065483,-9.834911347,1,0.0107275,60000
0.001,1023,Hybrid,60000,60000,1,330.359317,330.359317,0,2.095244894,3.807130756e-05,328.264034,-20.13480018,5,0.249869376,
0.01,1023,TWAP,600000,600000,1,332.075859,332.075859,0,2.030387566,0.3205813489,329.7248901,-18.47649798,0,0,
0.01,1023,VWAP,600000,600000,1,351.2853682,351.2853682,0,1.562229456,0.1268507414,349.596288,0.08126048081,0,0,
0.01,1023,SA-QUBO,600000,600000,1,341.6105239,341.6105239,0,1.971227609,0.4547398778,339.1845564,-9.265330457,1,0.010292959,600000
0.01,1023,Hybrid,600000,600000,1,328.362693,328.362693,0,2.045291531,0.478753355,325.8386481,-22.06368165,5,0.2433935,
0.05,1023,TWAP,3000000,1969604,0.6565346667,484.5326258,377.1391507,236.9276992,1.024919574,0.7051063141,245.8749007,25.05786161,0,0,
0.05,1023,VWAP,3000000,2184537,0.728179,444.0338248,352.2899163,187.5037059,1.087867436,0.8499438448,254.5923077,1.051725692,0,0,
0.05,1023,SA-QUBO,3000000,1829145,0.609715,509.864524,394.6732159,269.2263442,0.9791055146,0.6642784535,238.9947958,41.99702132,1,0.010202125,3000000
0.05,1023,Hybrid,3000000,1900347,0.633449,496.7840616,385.0833564,252.8533946,1.00120648,0.7140420307,242.2154185,32.73253186,5,0.241700042,
0.001,1024,TWAP,60000,60000,1,-11.07983233,-11.07983233,0,2.002934172,0.0006001714776,-13.08336668,-12.65643786,0,0,
0.001,1024,VWAP,60000,60000,1,0.1988091836,0.1988091836,0,1.510126703,-2.98919379e-14,-1.311317519,-1.379576511,0,0,
0.001,1024,SA-QUBO,60000,60000,1,-16.07869868,-16.07869868,0,2.08448128,0.002981804325,-18.16616176,-17.6545152,1,0.010552083,60000
0.001,1024,Hybrid,60000,60000,1,-12.30410594,-12.30410594,0,1.988758693,-6.065030878e-14,-14.29286463,-13.88051823,5,0.250207043,
0.01,1024,TWAP,600000,600000,1,-10.69577879,-10.69577879,0,1.987206821,0.3545432028,-13.03752882,-12.27244494,0,0,
0.01,1024,VWAP,600000,600000,1,0.3134781366,0.3134781366,0,1.510160046,0.1183366676,-1.315018577,-1.264925657,0,0,
0.01,1024,SA-QUBO,600000,600000,1,-15.57444222,-15.57444222,0,2.001106983,0.6343098028,-18.20985901,-17.15033834,1,0.010588166,600000
0.01,1024,Hybrid,600000,600000,1,-11.72976946,-11.72976946,0,1.938372868,0.4625740688,-14.1307164,-13.3062724,5,0.242625375,
0.05,1024,TWAP,3000000,1923200,0.6410666667,31.15940002,0.6563861365,30.73861275,0.953564447,0.6831060303,-1.215883205,-0.9220717801,0,0,
0.05,1024,VWAP,3000000,2179052,0.7263506667,26.06897456,3.638061155,23.42646642,1.026637897,0.8553400019,0.7605302467,2.059132624,0,0,
0.05,1024,SA-QUBO,3000000,1861190,0.6203966667,32.15109593,-0.5798507118,32.51083338,0.9359965704,0.6721192722,-1.967853291,-2.158113506,1,0.010336167,3000000
0.05,1024,Hybrid,3000000,1950092,0.6500306667,30.62055387,1.000727513,29.9700503,0.9579952367,0.7019167381,-1.009408402,-0.5777847528,5,0.240820041,
0.001,1025,TWAP,60000,60000,1,320.1187348,320.1187348,0,1.862621877,0.000380865326,318.255732,33.3221464,0,0,
0.001,1025,VWAP,60000,60000,1,289.0553873,289.0553873,0,1.454048598,2.273217162e-14,287.6013387,3.122050867,0,0,
0.001,1025,SA-QUBO,60000,60000,1,327.3575754,327.3575754,0,1.909554007,0.002732708714,325.4452887,40.35981932,1,0.010618667,60000
0.001,1025,Hybrid,60000,60000,1,317.1945079,317.1945079,0,1.860917505,0.003618220597,315.3299722,30.47918396,5,0.249269916,
0.01,1025,TWAP,600000,600000,1,320.5381513,320.5381513,0,1.848666019,0.3094664077,318.3800189,33.72990731,0,0,
0.01,1025,VWAP,600000,600000,1,289.1572269,289.1572269,0,1.454160002,0.106395681,287.5966712,3.22106032,0,0,
0.01,1025,SA-QUBO,600000,600000,1,327.7781107,327.7781107,0,1.861647814,0.4901279707,325.4263349,40.76866793,1,0.010436459,600000
0.01,1025,Hybrid,600000,600000,1,317.7293571,317.7293571,0,1.818826173,0.4509959628,315.459535,30.99916965,5,0.243106043,
0.05,1025,TWAP,3000000,2002193,0.6673976667,385.971848,321.2604125,171.5633983,0.96203344,0.694854319,212.7515619,34.43209684,0,0,
0.05,1025,VWAP,3000000,2270986,0.7569953333,343.3460274,287.9865311,125.3415673,1.052132465,0.8704939823,216.0818337,2.082898216,0,0,
0.05,1025,SA-QUBO,3000000,1942476,0.647492,395.7419049,330.36629,181.8323751,0.9434136959,0.68722711,212.278889,43.28492155,1,0.009943292,3000000
0.05,1025,Hybrid,3000000,2016161,0.6720536667,382.8821856,318.0114103,169.1614513,0.963765425,0.7086616392,212.0483072,31.27338454,5,0.242485583,
0.001,1026,TWAP,60000,60000,1,19.4286896,19.4286896,-0,2.026879267,0.0005419590393,17.40126837,32.89821978,0,0,
0.001,1026,VWAP,60000,60000,1,-15.6781524,-15.6781524,-0,1.534732919,-9.296088429e-15,-17.21288531,-2.25581779,0,0,
0.001,1026,SA-QUBO,60000,60000,1,23.68596801,23.68596801,-0,2.082387282,0.002966512636,21.60061422,37.16122143,1,0.010627416,60000
0.001,1026,Hybrid,60000,60000,1,13.55713389,13.55713389,-0,2.011999163,0.001007853652,11.54412688,27.0187707,5,0.249165249,
0.01,1026,TWAP,600000,600000,1,19.60678114,19.60678114,-0,2.011627398,0.3250908019,17.27006294,33.07655074,0,0,
0.01,1026,VWAP,600000,600000,1,-15.54033031,-15.54033031,-0,1.534871736,0.1290052675,-17.20420731,-2.117810424,0,0,
0.01,1026,SA-QUBO,600000,600000,1,24.19243254,24.19243254,-0,2.036265617,0.5124460418,21.64372088,37.66836681,1,0.010248875,600000
0.01,1026,Hybrid,600000,600000,1,15.5726035,15.5726035,-0,1.977799646,0.4667788617,13.12802499,29.03694978,5,0.245375584,
0.05,1026,TWAP,3000000,1923163,0.6410543333,-86.00157872,-11.4800541,-78.64224029,0.9881073269,0.6864107099,-9.033856466,1.947924179,0,0,
0.05,1026,VWAP,3000000,2179895,0.7266316667,-67.50784034,-10.4766223,-59.89519482,1.053860079,0.8568836404,-9.523389241,2.952704939,0,0,
0.05,1026,SA-QUBO,3000000,1995733,0.6652443333,-80.90465857,-11.36667164,-73.34304467,1.010595965,0.7397252173,-9.311935079,2.061459067,1,0.010332917,3000000
0.05,1026,Hybrid,3000000,1862477,0.6208256667,-92.42794702,-15.0675194,-83.07364425,0.9454275772,0.6833590051,-10.98308936,-1.644363892,5,0.241183623,
0.001,1027,TWAP,60000,60000,1,-70.79664414,-70.79664414,-0,1.92307105,0.000859008132,-72.7205742,10.60973693,0,0,
0.001,1027,VWAP,60000,60000,1,-77.5787615,-77.5787615,-0,1.449795747,6.836054267e-14,-79.02855725,3.772015142,0,0,
0.001,1027,SA-QUBO,60000,60000,1,-57.72332303,-57.72332303,-0,1.9882984,0.004476386821,-59.71609781,23.79024204,1,0.010556917,60000
0.001,1027,Hybrid,60000,60000,1,-74.38041652,-74.38041652,-0,1.947562326,0.002634291605,-76.33061314,6.996582333,5,0.250229,
0.01,1027,TWAP,600000,600000,1,-70.55922002,-70.55922002,-0,1.905025198,0.3313089375,-72.79555416,10.84910761,0,0,
0.01,1027,VWAP,600000,600000,1,-77.45646547,-77.45646547,-0,1.44978143,0.1182882831,-79.02453518,3.895313841,0,0,
0.01,1027,SA-QUBO,600000,600000,1,-56.99361757,-56.99361757,-0,1.90842687,0.6143616615,-59.5164061,24.52593012,1,0.010456041,600000
0.01,1027,Hybrid,600000,600000,1,-73.90079124,-73.90079124,-0,1.886058298,0.4987038522,-76.28555339,7.48013991,5,0.244677333,
0.05,1027,TWAP,3000000,1970455,0.6568183333,-164.1105187,-85.56649526,-107.9088758,0.9420929256,0.7084900546,-57.85222579,-4.281207505,0,0,
0.05,1027,VWAP,3000000,2218889,0.7396296667,-138.8052501,-76.97366613,-81.87324304,1.015508724,0.8597569961,-58.80727274,4.382071494,0,0,
0.05,1027,SA-QUBO,3000000,1676647,0.5588823333,-188.1165516,-88.42092601,-138.6996581,0.8167134349,0.6083919368,-50.84199882,-7.159040828,1,0.010257167,3000000
0.05,1027,Hybrid,3000000,1944202,0.6480673333,-168.2853772,-88.918559,-110.6601638,0.9319965258,0.725953499,-59.28316344,-7.660753752,5,0.24222475,
0.001,1028,TWAP,60000,60000,1,51.25785335,51.25785335,0,2.201610749,0.0004103210046,49.05583228,13.28981099,0,0,
0.001,1028,VWAP,60000,60000,1,37.84550937,37.84550937,0,1.670397725,1.301807371e-15,36.17511165,-0.0718686426,0,0,
0.001,1028,SA-QUBO,60000,60000,1,41.10892591,41.10892591,0,2.387218978,0.001106912478,38.72060002,3.179220534,1,0.010668875,60000
0.001,1028,Hybrid,60000,60000,1,52.27824535,52.27824535,0,2.136789572,-1.171626634e-14,50.14145578,14.30634852,5,0.249301999,
0.01,1028,TWAP,600000,600000,1,51.6250687,51.6250687,0,2.188326845,0.3063828772,49.13035898,13.65563921,0,0,
0.01,1028,VWAP,600000,600000,1,37.96061014,37.96061014,0,1.670481698,0.1226850261,36.16744341,0.04279733814,0,0,
0.01,1028,SA-QUBO,600000,600000,1,41.37685694,41.37685694,0,2.314306844,0.5986173136,38.46393278,3.446139468,1,0.010369625,600000
0.01,1028,Hybrid,600000,600000,1,52.52492175,52.52492175,0,2.103756823,0.4111530974,50.01001183,14.55209311,5,0.243083417,
0.05,1028,TWAP,3000000,2000104,0.6667013333,110.8894633,60.1634457,70.77841387,1.10436009,0.710472728,38.29621665,22.16176298,0,0,
0.05,1028,VWAP,3000000,2199200,0.7330666667,88.51233845,43.42137603,56.68157506,1.171057865,0.8529835108,29.80672201,5.482935504,0,0,
0.05,1028,SA-QUBO,3000000,1961732,0.6539106667,113.9803132,61.91212576,73.49531375,1.088141914,0.7039837398,38.69287377,23.9038375,1,0.010265916,3000000
0.05,1028,Hybrid,3000000,2007775,0.6692583333,110.3349779,59.91662895,70.23527463,1.105415092,0.7299461812,38.26434196,21.91587857,5,0.241889458,
0.001,1029,TWAP,60000,60000,1,215.1125291,215.1125291,0,1.873268857,1.907596048e-05,213.2392412,23.75113417,0,0,
0.001,1029,VWAP,60000,60000,1,188.9099805,188.9099805,0,1.434254702,1.583140505e-14,187.4757258,-1.960557694,0,0,
0.001,1029,SA-QUBO,60000,60000,1,219.7287208,219.7287208,0,1.963192934,0.001754988364,217.7637728,28.28084996,1,0.010650125,60000
0.001,1029,Hybrid,60000,60000,1,215.5562932,215.5562932,0,1.887499523,0.002289115257,213.6665045,24.18658514,5,0.249957833,
0.01,1029,TWAP,600000,600000,1,215.4435466,215.4435466,0,1.858794972,0.3324672847,213.2522843,24.07595068,0,0,
0.01,1029,VWAP,600000,600000,1,189.0246557,189.0246557,0,1.43436725,0.1231477242,187.4671407,-1.848030786,0,0,
0.01,1029,SA-QUBO,600000,600000,1,220.4772958,220.4772958,0,1.904136622,0.6330643623,217.9400948,29.01540181,1,0.010371084,600000
0.01,1029,Hybrid,600000,600000,1,215.4621514,215.4621514,0,1.835649155,0.4996604479,213.1268418,24.09420694,5,0.244087959,
0.05,1029,TWAP,3000000,1948330,0.6494433333,245.9107232,210.9517165,108.9095372,0.9241598947,0.7055121895,135.3715139,19.6682668,0,0,
0.05,1029,VWAP,3000000,2138585,0.7128616667,228.0706469,194.8038422,89.20245527,0.9816054328,0.8358040517,137.0507821,3.822893243,0,0,
0.05,1029,SA-QUBO,3000000,1809941,0.6033136667,258.8500214,224.7683383,123.244211,0.8798895502,0.6561346381,134.0697862,33.22605954,1,0.010416125,3000000
0.05,1029,Hybrid,3000000,1963421,0.6544736667,243.2534491,207.658584,107.3463742,0.9247207279,0.725750639,134.2566035,16.43682508,5,0.241538626,
