order_fraction_of_adv,strategy,metric,mean,std,ci_low,ci_high,median,count
0.001,TWAP,shortfall_bps,-18.02943372,146.6850127,-68.59631254,34.51361854,-38.92841027,30
0.001,TWAP,execution_cost_bps,-18.02943372,146.6850127,-68.59631254,34.51361854,-38.92841027,30
0.001,TWAP,spread_cost_bps,1.963126156,0.1725898495,1.901429616,2.021035714,1.9686531,30
0.001,TWAP,impact_cost_bps,0.0004258454188,0.0004127552797,0.0002855904514,0.000576941246,0.000333904686,30
0.001,TWAP,timing_cost_bps,-19.99298572,146.6489662,-70.53213503,32.53033952,-40.78426365,30
0.001,TWAP,opportunity_cost_bps,0,0,0,0,0,30
0.001,TWAP,fill_rate,1,0,1,1,1,30
0.001,TWAP,optimization_invocations,0,0,0,0,0,30
0.001,TWAP,optimization_time_s,0,0,0,0,0,30
0.001,VWAP,shortfall_bps,-10.41250531,133.7915087,-55.86832301,37.81906523,-20.86312005,30
0.001,VWAP,execution_cost_bps,-10.41250531,133.7915087,-55.86832301,37.81906523,-20.86312005,30
0.001,VWAP,spread_cost_bps,1.488677291,0.1142309462,1.447413856,1.5271016,1.49663378,30
0.001,VWAP,impact_cost_bps,9.491268176e-07,5.1985816e-06,7.311988774e-15,2.847380429e-06,1.525312181e-14,30
0.001,VWAP,timing_cost_bps,-11.90118355,133.7664402,-57.35350641,36.30682506,-22.35416046,30
0.001,VWAP,opportunity_cost_bps,0,0,0,0,0,30
0.001,VWAP,fill_rate,1,0,1,1,1,30
0.001,VWAP,optimization_invocations,0,0,0,0,0,30
0.001,VWAP,optimization_time_s,0,0,0,0,0,30
0.001,SA-QUBO,shortfall_bps,-18.75520131,149.0421958,-69.84240115,34.94003863,-37.21232867,30
0.001,SA-QUBO,execution_cost_bps,-18.75520131,149.0421958,-69.84240115,34.94003863,-37.21232867,30
0.001,SA-QUBO,spread_cost_bps,1.995176677,0.2078433835,1.922457692,2.067397841,1.98706003,30
0.001,SA-QUBO,impact_cost_bps,0.001911900761,0.001200230865,0.001498334792,0.002343718462,0.00167615511,30
0.001,SA-QUBO,timing_cost_bps,-20.75228989,148.9885485,-71.82929295,32.93277452,-39.05912965,30
0.001,SA-QUBO,opportunity_cost_bps,0,0,0,0,0,30
0.001,SA-QUBO,fill_rate,1,0,1,1,1,30
0.001,SA-QUBO,optimization_invocations,1,0,1,1,1,30
0.001,SA-QUBO,optimization_time_s,0.01060123193,8.798243941e-05,0.01056936906,0.0106310723,0.010619438,30
0.001,Hybrid,shortfall_bps,-17.34330877,146.3718272,-67.57884847,35.27862476,-35.24455549,30
0.001,Hybrid,execution_cost_bps,-17.34330877,146.3718272,-67.57884847,35.27862476,-35.24455549,30
0.001,Hybrid,spread_cost_bps,1.967141403,0.1853268915,1.899954387,2.029290484,1.968160509,30
0.001,Hybrid,impact_cost_bps,0.00175184471,0.001263796541,0.001321257842,0.002210853398,0.001477155397,30
0.001,Hybrid,timing_cost_bps,-19.31220202,146.3327577,-69.55981132,33.24663641,-37.10155616,30
0.001,Hybrid,opportunity_cost_bps,0,0,0,0,0,30
0.001,Hybrid,fill_rate,1,0,1,1,1,30
0.001,Hybrid,optimization_invocations,5,0,5,5,5,30
0.001,Hybrid,optimization_time_s,0.2491239459,0.001294413376,0.2486554227,0.2495709913,0.2492731665,30
0.01,TWAP,shortfall_bps,-17.69309717,146.7104279,-68.28332086,34.86100432,-38.60608653,30
0.01,TWAP,execution_cost_bps,-17.69309717,146.7104279,-68.28332086,34.86100432,-38.60608653,30
0.01,TWAP,spread_cost_bps,1.948999543,0.1734105685,1.886906199,2.007364275,1.957206523,30
0.01,TWAP,impact_cost_bps,0.328457218,0.0157515916,0.3229718626,0.3339083641,0.332304732,30
0.01,TWAP,timing_cost_bps,-19.97055393,146.6770143,-70.52207823,32.56594418,-40.77228528,30
0.01,TWAP,opportunity_cost_bps,0,0,0,0,0,30
0.01,TWAP,fill_rate,1,0,1,1,1,30
0.01,TWAP,optimization_invocations,0,0,0,0,0,30
0.01,TWAP,optimization_time_s,0,0,0,0,0,30
0.01,VWAP,shortfall_bps,-10.29273027,133.7857714,-55.74760223,37.93600572,-20.72498581,30
0.01,VWAP,execution_cost_bps,-10.29273027,133.7857714,-55.74760223,37.93600572,-20.72498581,30
0.01,VWAP,spread_cost_bps,1.488734831,0.1142700773,1.447463876,1.52717541,1.496748571,30
0.01,VWAP,impact_cost_bps,0.1216049362,0.008870874043,0.1185501223,0.1246874465,0.1222737875,30
0.01,VWAP,timing_cost_bps,-11.90307004,133.7623937,-57.35530355,36.30078825,-22.34780362,30
0.01,VWAP,opportunity_cost_bps,0,0,0,0,0,30
0.01,VWAP,fill_rate,1,0,1,1,1,30
0.01,VWAP,optimization_invocations,0,0,0,0,0,30
0.01,VWAP,optimization_time_s,0,0,0,0,0,30
0.01,SA-QUBO,shortfall_bps,-18.157052,149.0052315,-69.20872013,35.49351542,-36.59561582,30
0.01,SA-QUBO,execution_cost_bps,-18.157052,149.0052315,-69.20872013,35.49351542,-36.59561582,30
0.01,SA-QUBO,spread_cost_bps,1.941295777,0.2029015191,1.870548282,2.011374833,1.926195555,30
0.01,SA-QUBO,impact_cost_bps,0.5261520598,0.07322602228,0.5006253751,0.5513932918,0.524214301,30
0.01,SA-QUBO,timing_cost_bps,-20.62449984,148.9482876,-71.66629667,32.92673274,-38.8920352,30
0.01,SA-QUBO,opportunity_cost_bps,0,0,0,0,0,30
0.01,SA-QUBO,fill_rate,1,0,1,1,1,30
0.01,SA-QUBO,optimization_invocations,1,0,1,1,1,30
0.01,SA-QUBO,optimization_time_s,0.01029303057,0.000133862007,0.01024398002,0.01033839044,0.010320146,30
0.01,Hybrid,shortfall_bps,-16.95784388,146.0713243,-67.08579711,35.43583226,-34.98763473,30
0.01,Hybrid,execution_cost_bps,-16.95784388,146.0713243,-67.08579711,35.43583226,-34.98763473,30
0.01,Hybrid,spread_cost_bps,1.927973189,0.1811691365,1.862485516,1.988999867,1.912814723,30
0.01,Hybrid,impact_cost_bps,0.4808602648,0.03454675518,0.4690144981,0.493355204,0.4793622463,30
0.01,Hybrid,timing_cost_bps,-19.36667733,146.0404261,-69.47898405,32.95824809,-37.30107667,30
0.01,Hybrid,opportunity_cost_bps,0,0,0,0,0,30
0.01,Hybrid,fill_rate,1,0,1,1,1,30
0.01,Hybrid,optimization_invocations,5,0,5,5,5,30
0.01,Hybrid,optimization_time_s,0.2434038986,0.001002228673,0.2430576994,0.2437627623,0.243296125,30
0.05,TWAP,shortfall_bps,-2.871677914,178.8627581,-63.28377934,61.24620394,-0.6136254191,30
0.05,TWAP,execution_cost_bps,-10.70339704,146.1614412,-60.47530285,41.78724926,-19.62055312,30
0.05,TWAP,spread_cost_bps,0.9645562497,0.08050315877,0.9350303723,0.9917736633,0.9629455355,30
0.05,TWAP,impact_cost_bps,0.6947558369,0.01409869666,0.6899896272,0.6997319099,0.6933612422,30
0.05,TWAP,timing_cost_bps,-8.315991437,95.47264117,-40.78395674,26.05750728,-14.58935652,30
0.05,TWAP,opportunity_cost_bps,3.785001436,90.54349411,-26.85823877,35.20837525,12.26215032,30
0.05,TWAP,fill_rate,0.6522091778,0.01166439915,0.6480458114,0.6563205969,0.6513063333,30
0.05,TWAP,optimization_invocations,0,0,0,0,0,30
0.05,TWAP,optimization_time_s,0,0,0,0,0,30
0.05,VWAP,shortfall_bps,-3.529771304,161.5139687,-57.8668788,54.56210108,-5.928272054,30
0.05,VWAP,execution_cost_bps,-9.138179252,133.7196106,-54.61099104,39.09269928,-18.42808424,30
0.05,VWAP,spread_cost_bps,1.034629666,0.08203078504,1.004566719,1.062258455,1.039385181,30
0.05,VWAP,impact_cost_bps,0.8529909515,0.009442160814,0.8495777634,0.8562549021,0.8530888143,30
0.05,VWAP,timing_cost_bps,-8.405472828,97.76745787,-41.71914035,26.80050726,-15.28274332,30
0.05,VWAP,opportunity_cost_bps,2.988080906,70.0576386,-20.61141989,27.43958256,9.362946771,30
0.05,VWAP,fill_rate,0.7326044889,0.01106474039,0.7285967703,0.7364991725,0.734973,30
0.05,VWAP,optimization_invocations,0,0,0,0,0,30
0.05,VWAP,optimization_time_s,0,0,0,0,0,30
0.05,SA-QUBO,shortfall_bps,-1.251419937,183.7219394,-63.14857225,64.58553318,1.560996311,30
0.05,SA-QUBO,execution_cost_bps,-9.38843169,149.4647051,-59.90546703,44.55653092,-20.61422802,30
0.05,SA-QUBO,spread_cost_bps,0.943980127,0.08636387513,0.9121311991,0.9727621352,0.9498019739,30
0.05,SA-QUBO,impact_cost_bps,0.6935292607,0.04458582664,0.6780695511,0.709506433,0.6913901252,30
0.05,SA-QUBO,timing_cost_bps,-8.428480812,94.4060673,-40.69278733,25.60014935,-16.12522414,30
0.05,SA-QUBO,opportunity_cost_bps,5.539551488,96.52024702,-27.31044886,39.76599112,12.99034037,30
0.05,SA-QUBO,fill_rate,0.6373664222,0.03807411165,0.6239892222,0.65058583,0.6314091667,30
0.05,SA-QUBO,optimization_invocations,1,0,1,1,1,30
0.05,SA-QUBO,optimization_time_s,0.01025418057,0.0001186208986,0.01021176014,0.01029434584,0.0102569165,30
0.05,Hybrid,shortfall_bps,-3.293771731,180.7143994,-64.10461347,61.43369403,-2.789675316,30
0.05,Hybrid,execution_cost_bps,-10.81979409,147.0695034,-60.80787417,41.96170208,-19.51711715,30
0.05,Hybrid,spread_cost_bps,0.9558305595,0.08226853365,0.9260574422,0.9837251684,0.9540903481,30
0.05,Hybrid,impact_cost_bps,0.7083400597,0.02205263198,0.7009028266,0.7163153976,0.7093139991,30
0.05,Hybrid,timing_cost_bps,-7.980195795,94.52302056,-40.04513895,25.97174743,-13.94915078,30
0.05,Hybrid,opportunity_cost_bps,3.022253445,93.34410501,-28.65262096,35.58626287,12.70922456,30
0.05,Hybrid,fill_rate,0.6463557889,0.01991592105,0.6391384958,0.6530273553,0.649049,30
0.05,Hybrid,optimization_invocations,5,0,5,5,5,30
0.05,Hybrid,optimization_time_s,0.2416163499,0.001025905999,0.2412569362,0.2419765573,0.2417218545,30
