risk_aversion,seed,rmse_shares,rmse_vs_twap_shares,ac_first_step,qubo_first_step
1e-09,0,1425.219117,1425.219281,2500.000913,3750
1e-09,1,1249.999963,1250,2500.000913,1250
1e-09,2,1250.000148,1250,2500.000913,0
1e-09,3,1118.033848,1118.033989,2500.000913,3750
1e-09,4,1185.854015,1185.854123,2500.000913,2500
1e-09,5,1369.306256,1369.306394,2500.000913,3750
1e-09,6,1425.219132,1425.219281,2500.000913,3750
1e-09,7,1369.306262,1369.306394,2500.000913,3750
1e-09,8,1530.931033,1530.931089,2500.000913,3750
1e-09,9,1311.010903,1311.01106,2500.000913,3750
0.0001,0,1409.486131,1425.219281,2590.581403,3750
0.0001,1,1247.100719,1250,2590.581403,1250
0.0001,2,1265.271739,1250,2590.581403,0
0.0001,3,1104.941497,1118.033989,2590.581403,3750
0.0001,4,1175.962715,1185.854123,2590.581403,2500
0.0001,5,1356.243298,1369.306394,2590.581403,3750
0.0001,6,1410.99629,1425.219281,2590.581403,3750
0.0001,7,1356.955628,1369.306394,2590.581403,3750
0.0001,8,1526.002956,1530.931089,2590.581403,3750
0.0001,9,1296.047757,1311.01106,2590.581403,3750
