risk_aversion,expected_cost,variance,first_step_fraction
1e-10,546.6666667,120294882,0.06666827061
2.335721469e-10,546.666667,120292992.9,0.066670413
5.455594781e-10,546.6666688,120288580.8,0.06667541689
1.274274986e-09,546.6666781,120278276.5,0.06668710388
2.976351442e-09,546.6667289,120254215.3,0.06671439757
6.951927962e-09,546.6670058,120198051.5,0.06677812684
1.623776739e-08,546.6685142,120067067.7,0.06692686539
3.792690191e-08,546.6767128,119762208.1,0.06727364989
8.858667904e-08,546.7210546,119055993.1,0.06808024064
2.069138081e-07,546.9581413,117437762.2,0.06994592203
4.832930239e-07,548.1930332,113820982.7,0.07420711668
1.128837892e-06,554.2616831,106173285.6,0.08367180133
2.636650899e-06,580.6749381,91775460.02,0.1035207287
6.158482111e-06,672.6181876,69926035.55,0.1410961929
1.438449888e-05,903.7591156,45854551,0.2029199758
3.359818286e-05,1325.733474,26744986.51,0.2922479328
7.847599704e-05,1973.150916,14213293.62,0.4103517715
0.0001832980711,2903.84099,6623885.051,0.5539373113
0.0004281332399,4139.784751,2470507.71,0.7088147378
0.001,5537.000981,628430.9931,0.8482647546
