step,twap,vwap_expected_profile,almgren_chriss_1e-4,qubo_raw,qubo_repaired
0,666.6666667,1817.827478,4491.456449,999,1000
1,666.6666667,1234.831294,2474.138618,999,1000
2,666.6666667,577.5448973,1362.890405,333,334
3,666.6666667,368.3691757,750.7547228,999,1000
4,666.6666667,308.945385,413.557575,333,333
5,666.6666667,274.8698869,227.8119067,999,1000
6,666.6666667,254.6308442,125.4946467,666,667
7,666.6666667,247.8892603,69.13555823,999,1000
8,666.6666667,254.7325845,38.09503044,999,1000
9,666.6666667,276.5512142,21.00551954,333,333
10,666.6666667,325.3293527,11.60856998,0,0
11,666.6666667,455.6260008,6.462866681,999,1000
12,666.6666667,773.9144165,3.683969796,999,1000
13,666.6666667,1258.996297,2.254202295,0,0
14,666.6666667,1569.941913,1.649960168,333,333
