family,n,seed,solver,p,time_s,energy_best,approx_ratio_best,optimality_gap_best,optimal_found,min_energy,max_energy,iterations,total_shots,energy_mean,approx_ratio_mean,optimality_gap_mean,success_probability,random_success_probability,random_approx_ratio_best,random_approx_ratio_mean,random_optimal_found,num_optimal
toy,4,0,SA,0,0.0009926249986,-39.65,1,0,True,-39.65,121.45,,,,,,,,,,,
toy,4,0,QAOA_Ideal,1,0.824344334,-39.65,1,0,True,-39.65,121.45,26,31000,-19.56865,0.8753485413,0.5064653216,0.069,0.0625,1,0.7804158908,True,1
toy,4,0,QAOA_Noisy,1,0.395002958,-39.65,1,0,True,-39.65,121.45,34,39000,-6.32881,0.7931645562,0.8403831021,0.0714,0.0625,1,0.7804158908,True,1
toy,4,0,QAOA_Ideal,2,1.366589,-39.65,1,0,True,-39.65,121.45,44,49000,-12.6215,0.8322253259,0.6816771753,0.1564,0.0625,1,0.7804158908,True,1
toy,4,0,QAOA_Noisy,2,0.422479667,-39.65,1,0,True,-39.65,121.45,35,40000,-5.24938,0.7864641837,0.8676070618,0.0638,0.0625,1,0.7804158908,True,1
toy,4,0,QAOA_Ideal,3,1.536283166,-39.65,1,0,True,-39.65,121.45,48,53000,-23.86704,0.9020300435,0.3980569987,0.3338,0.0625,1,0.7804158908,True,1
toy,4,0,QAOA_Noisy,3,0.635921709,-39.65,1,0,True,-39.65,121.45,50,55000,-6.21754,0.7924738672,0.8431894073,0.0598,0.0625,1,0.7804158908,True,1
toy,4,1,SA,0,0.0009243749992,-39.65,1,0,True,-39.65,121.45,,,,,,,,,,,
toy,4,1,QAOA_Ideal,1,1.074430666,-39.65,1,0,True,-39.65,121.45,33,38000,-24.34829,0.9050173184,0.385919546,0.0234,0.0625,1,0.7804158908,True,1
toy,4,1,QAOA_Noisy,1,0.376642084,-39.65,1,0,True,-39.65,121.45,30,35000,-19.97044,0.8778425822,0.4963319042,0.0304,0.0625,1,0.7804158908,True,1
toy,4,1,QAOA_Ideal,2,1.405884459,-39.65,1,0,True,-39.65,121.45,42,47000,-15.35195,0.8491741155,0.612813367,0.178,0.0625,1,0.7804158908,True,1
toy,4,1,QAOA_Noisy,2,0.552010667,-39.65,1,0,True,-39.65,121.45,43,48000,-10.55292,0.8193849783,0.7338481715,0.0768,0.0625,1,0.7804158908,True,1
toy,4,1,QAOA_Ideal,3,1.704178917,-39.65,1,0,True,-39.65,121.45,50,55000,-27.58121,0.9250851024,0.3043831021,0.0546,0.0625,1,0.7804158908,True,1
toy,4,1,QAOA_Noisy,3,0.665354167,-39.65,1,0,True,-39.65,121.45,50,55000,-8.17391,0.8046176909,0.7938484237,0.0314,0.0625,1,0.7804158908,True,1
toy,4,2,SA,0,0.0009850000024,-39.65,1,0,True,-39.65,121.45,,,,,,,,,,,
toy,4,2,QAOA_Ideal,1,0.999434709,-39.65,1,0,True,-39.65,121.45,29,34000,-18.95149,0.8715176288,0.522030517,0.1942,0.0625,1,0.7804158908,True,1
toy,4,2,QAOA_Noisy,1,0.403169084,-39.65,1,0,True,-39.65,121.45,31,36000,-20.63406,0.881961887,0.4795949559,0.1846,0.0625,1,0.7804158908,True,1
toy,4,2,QAOA_Ideal,2,1.518727459,-39.65,1,0,True,-39.65,121.45,44,49000,-22.06426,0.8908396027,0.443524338,0.2234,0.0625,1,0.7804158908,True,1
toy,4,2,QAOA_Noisy,2,0.545383291,-39.65,1,0,True,-39.65,121.45,41,46000,-16.30683,0.8551013656,0.5887306431,0.1348,0.0625,1,0.7804158908,True,1
toy,4,2,QAOA_Ideal,3,1.74063425,-39.65,1,0,True,-39.65,121.45,50,55000,-22.87643,0.8958810056,0.4230408575,0.0074,0.0625,1,0.7804158908,True,1
toy,4,2,QAOA_Noisy,3,0.685916542,-39.65,1,0,True,-39.65,121.45,50,55000,-9.1163,0.8104674115,0.7700807062,0.113,0.0625,1,0.7804158908,True,1
toy,4,3,SA,0,0.0009748750017,-39.65,1,-3.584074329e-16,True,-39.65,121.45,,,,,,,,,,,
toy,4,3,QAOA_Ideal,1,0.970350084,-39.65,1,0,True,-39.65,121.45,28,33000,-11.40145,0.8246520795,0.7124476671,0.234,0.0625,1,0.7804158908,True,1
toy,4,3,QAOA_Noisy,1,0.351206167,-39.65,1,0,True,-39.65,121.45,26,31000,-8.8332,0.8087101179,0.777220681,0.182,0.0625,1,0.7804158908,True,1
toy,4,3,QAOA_Ideal,2,1.436126875,-39.65,1,0,True,-39.65,121.45,41,46000,-19.83756,0.8770177529,0.4996832282,0.258,0.0625,1,0.7804158908,True,1
toy,4,3,QAOA_Noisy,2,0.547599792,-39.65,1,0,True,-39.65,121.45,40,45000,-6.80277,0.7961065798,0.8284295082,0.078,0.0625,1,0.7804158908,True,1
toy,4,3,QAOA_Ideal,3,1.782018208,-39.65,1,0,True,-39.65,121.45,50,55000,-30.27245,0.9417905028,0.2365081967,0.3294,0.0625,1,0.7804158908,True,1
toy,4,3,QAOA_Noisy,3,0.695190792,-39.65,1,0,True,-39.65,121.45,50,55000,-10.3005,0.8178181254,0.7402143758,0.061,0.0625,1,0.7804158908,True,1
toy,4,4,SA,0,0.0009841669998,-39.65,1,0,True,-39.65,121.45,,,,,,,,,,,
toy,4,4,QAOA_Ideal,1,0.990742167,-39.65,1,0,True,-39.65,121.45,28,33000,-7.04385,0.7976030416,0.8223493064,0.0288,0.0625,1,0.7804158908,True,1
toy,4,4,QAOA_Noisy,1,0.396768,-39.65,1,0,True,-39.65,121.45,28,33000,-20.73225,0.8825713842,0.4771185372,0.4338,0.0625,1,0.7804158908,True,1
toy,4,4,QAOA_Ideal,2,1.421936459,-39.65,1,0,True,-39.65,121.45,40,45000,-35.61776,0.9749705773,0.1016958386,0.8638,0.0625,1,0.7804158908,True,1
toy,4,4,QAOA_Noisy,2,0.543407916,-39.65,1,0,True,-39.65,121.45,39,44000,-14.5183,0.8439993793,0.6338385876,0.2696,0.0625,1,0.7804158908,True,1
toy,4,4,QAOA_Ideal,3,1.791682458,-39.65,1,0,True,-39.65,121.45,50,55000,-18.71305,0.8700375543,0.5280441362,0.076,0.0625,1,0.7804158908,True,1
toy,4,4,QAOA_Noisy,3,0.689465834,-39.65,1,0,True,-39.65,121.45,49,54000,-8.47394,0.8064800745,0.7862814628,0.1356,0.0625,1,0.7804158908,True,1
toy,6,0,SA,0,0.001368417001,-89.4,1,0,True,-89.4,272.4,,,,,,,,,,,
toy,6,0,QAOA_Ideal,1,1.057753625,-89.4,1,0,True,-89.4,272.4,29,34000,-66.47038,0.9366234936,0.2564834452,0.0012,0.015625,1,0.8325041459,True,1
toy,6,0,QAOA_Noisy,1,0.491270417,-89.4,1,0,True,-89.4,272.4,30,35000,-54.34598,0.9031121614,0.392103132,0.009,0.015625,1,0.8325041459,True,1
toy,6,0,QAOA_Ideal,2,1.373360667,-89.4,1,0,True,-89.4,272.4,37,42000,-31.12952,0.8389428413,0.6517950783,0.0212,0.015625,1,0.8325041459,True,1
toy,6,0,QAOA_Noisy,2,0.664812458,-89.4,1,0,True,-89.4,272.4,36,41000,-28.93527,0.8328780265,0.6763392617,0.017,0.015625,1,0.8325041459,True,1
toy,6,0,QAOA_Ideal,3,1.8802685,-89.4,1,0,True,-89.4,272.4,50,55000,-41.96931,0.8689035655,0.5305446309,0.0926,0.015625,1,0.8325041459,True,1
toy,6,0,QAOA_Noisy,3,1.027708,-89.4,1,0,True,-89.4,272.4,50,55000,-28.89991,0.832780293,0.6767347875,0.0168,0.015625,1,0.8325041459,True,1
toy,6,1,SA,0,0.001464375,-89.3,0.9997236042,0.001118568233,False,-89.4,272.4,,,,,,,,,,,
toy,6,1,QAOA_Ideal,1,1.120525833,-89.4,1,0,True,-89.4,272.4,30,35000,-45.59044,0.8789122167,0.490039821,0.0178,0.015625,1,0.8325041459,True,1
toy,6,1,QAOA_Noisy,1,0.510855958,-89.4,1,0,True,-89.4,272.4,31,36000,-29.56581,0.8346208126,0.6692862416,0.0164,0.015625,1,0.8325041459,True,1
toy,6,1,QAOA_Ideal,2,1.534435042,-89.4,1,0,True,-89.4,272.4,41,46000,-42.07707,0.8692014096,0.5293392617,0.0238,0.015625,1,0.8325041459,True,1
toy,6,1,QAOA_Noisy,2,0.776872042,-89.4,1,0,True,-89.4,272.4,41,46000,-40.01229,0.8634944444,0.5524352349,0.0088,0.015625,1,0.8325041459,True,1
toy,6,1,QAOA_Ideal,3,1.922524166,-89.4,1,0,True,-89.4,272.4,50,55000,-65.81307,0.9348067164,0.263835906,0.0002,0.015625,1,0.8325041459,True,1
toy,6,1,QAOA_Noisy,3,1.044128833,-89.4,1,0,True,-89.4,272.4,50,55000,-32.1542,0.8417750138,0.6403333333,0.0136,0.015625,1,0.8325041459,True,1
toy,6,2,SA,0,0.001438541,-89.4,1,1.589581064e-16,True,-89.4,272.4,,,,,,,,,,,
toy,6,2,QAOA_Ideal,1,1.227930542,-89.4,1,0,True,-89.4,272.4,33,38000,-31.96498,0.8412520177,0.6424498881,0.021,0.015625,1,0.8325041459,True,1
toy,6,2,QAOA_Noisy,1,0.466192416,-89.4,1,0,True,-89.4,272.4,28,33000,-24.23423,0.8198845495,0.7289236018,0.0118,0.015625,1,0.8325041459,True,1
toy,6,2,QAOA_Ideal,2,1.698113,-89.4,1,0,True,-89.4,272.4,45,50000,-51.38391,0.8949251244,0.425235906,0.0446,0.015625,1,0.8325041459,True,1
toy,6,2,QAOA_Noisy,2,0.826707208,-89.4,1,0,True,-89.4,272.4,44,49000,-41.59223,0.8678613322,0.534762528,0.0402,0.015625,1,0.8325041459,True,1
toy,6,2,QAOA_Ideal,3,1.937826667,-89.4,1,0,True,-89.4,272.4,50,55000,-58.57319,0.9147959923,0.3448189038,0.0532,0.015625,1,0.8325041459,True,1
toy,6,2,QAOA_Noisy,3,1.047127959,-89.4,1,0,True,-89.4,272.4,50,55000,-31.15352,0.8390091763,0.6515266219,0.0166,0.015625,1,0.8325041459,True,1
toy,6,3,SA,0,0.001552207999,-89.4,1,-3.179162129e-16,True,-89.4,272.4,,,,,,,,,,,
toy,6,3,QAOA_Ideal,1,1.208092292,-89.4,1,0,True,-89.4,272.4,32,37000,-69.33375,0.944537728,0.224454698,0.034,0.015625,1,0.8325041459,True,1
toy,6,3,QAOA_Noisy,1,0.475279041,-89.4,1,0,True,-89.4,272.4,28,33000,-31.07488,0.8387918187,0.652406264,0.0152,0.015625,1,0.8325041459,True,1
toy,6,3,QAOA_Ideal,2,1.571476125,-89.4,1,0,True,-89.4,272.4,41,46000,-34.15138,0.8472951354,0.6179935123,0.1108,0.015625,1,0.8325041459,True,1
toy,6,3,QAOA_Noisy,2,0.796633917,-89.4,1,0,True,-89.4,272.4,41,46000,-46.88365,0.8824865948,0.4755743848,0.0342,0.015625,1,0.8325041459,True,1
toy,6,3,QAOA_Ideal,3,1.951031458,-89.4,1,0,True,-89.4,272.4,50,55000,-58.75978,0.9153117192,0.3427317673,0.078,0.015625,1,0.8325041459,True,1
toy,6,3,QAOA_Noisy,3,1.058661208,-89.4,1,0,True,-89.4,272.4,50,55000,-33.43934,0.8453270868,0.6259581655,0.0252,0.015625,1,0.8325041459,True,1
toy,6,4,SA,0,0.001481083003,-89.35,0.9998618021,0.0005592841163,False,-89.4,272.4,,,,,,,,,,,
toy,6,4,QAOA_Ideal,1,1.180220166,-89.4,1,0,True,-89.4,272.4,31,36000,-48.84489,0.8879073798,0.4536365772,0.0078,0.015625,1,0.8325041459,True,1
toy,6,4,QAOA_Noisy,1,0.511117708,-89.4,1,0,True,-89.4,272.4,30,35000,-38.7391,0.8599754008,0.5666767338,0.0234,0.015625,1,0.8325041459,True,1
toy,6,4,QAOA_Ideal,2,1.355907875,-89.4,1,0,True,-89.4,272.4,35,40000,-50.34889,0.8920643726,0.436813311,0.0056,0.015625,1,0.8325041459,True,1
toy,6,4,QAOA_Noisy,2,0.67147025,-89.4,1,0,True,-89.4,272.4,35,40000,-42.79158,0.8711762852,0.5213469799,0.0334,0.015625,1,0.8325041459,True,1
toy,6,4,QAOA_Ideal,3,1.976155416,-89.4,1,0,True,-89.4,272.4,50,55000,-64.91933,0.9323364566,0.2738329978,0.2764,0.015625,1,0.8325041459,True,1
toy,6,4,QAOA_Noisy,3,1.067761167,-89.4,1,0,True,-89.4,272.4,50,55000,-30.36104,0.8368187949,0.6603910515,0.015,0.015625,1,0.8325041459,True,1
toy,8,0,SA,0,0.001839042001,-159.1,0.9999221972,0.0003141690229,False,-159.15,483.5,,,,,,,,,,,
toy,8,0,QAOA_Ideal,1,1.191724334,-159.15,1,0,True,-159.15,483.5,30,35000,-134.96849,0.9623721933,0.1519416274,0.0024,0.00390625,1,0.8585544231,True,1
toy,8,0,QAOA_Noisy,1,0.81350425,-159.15,1,0,True,-159.15,483.5,28,33000,-68.45125,0.8588675796,0.5698947534,0.0022,0.00390625,1,0.8585544231,True,1
toy,8,0,QAOA_Ideal,2,1.604506958,-159.15,1,0,True,-159.15,483.5,39,44000,-68.80661,0.85942054,0.5676618913,0.0016,0.00390625,1,0.8585544231,True,1
toy,8,0,QAOA_Noisy,2,1.582441959,-159.15,1,0,True,-159.15,483.5,38,43000,-66.97458,0.8565697969,0.5791732328,0.004,0.00390625,1,0.8585544231,True,1
toy,8,0,QAOA_Ideal,3,2.150581791,-159.15,1,0,True,-159.15,483.5,50,55000,-81.9492,0.8798711585,0.4850819981,0.0008,0.00390625,1,0.8585544231,True,1
toy,8,0,QAOA_Noisy,3,2.715352417,-159.15,1,0,True,-159.15,483.5,50,55000,-68.42472,0.8588262974,0.5700614515,0.0036,0.00390625,1,0.8585544231,True,1
toy,8,1,SA,0,0.001931041999,-159.1,0.9999221972,0.0003141690229,False,-159.15,483.5,,,,,,,,,,,
toy,8,1,QAOA_Ideal,1,1.300906791,-159.15,1,0,True,-159.15,483.5,32,37000,-83.10023,0.8816622267,0.4778496387,0.0148,0.00390625,1,0.8585544231,True,1
toy,8,1,QAOA_Noisy,1,0.929773417,-159.15,1,0,True,-159.15,483.5,32,37000,-73.27576,0.8663747919,0.5395805215,0.0046,0.00390625,1,0.8585544231,True,1
toy,8,1,QAOA_Ideal,2,1.81776225,-159.15,1,0,True,-159.15,483.5,44,49000,-100.61379,0.9089143235,0.367805278,0.002,0.00390625,1,0.8585544231,True,1
toy,8,1,QAOA_Noisy,2,1.595367542,-159.15,1,0,True,-159.15,483.5,38,43000,-64.97159,0.8534530304,0.591758781,0.0024,0.00390625,1,0.8585544231,True,1
toy,8,1,QAOA_Ideal,3,2.165414959,-159.15,1,0,True,-159.15,483.5,50,55000,-100.76997,0.9091573485,0.3668239397,0.0022,0.00390625,1,0.8585544231,True,1
toy,8,1,QAOA_Noisy,3,2.733895541,-159.15,1,0,True,-159.15,483.5,50,55000,-69.91705,0.8611484478,0.5606845743,0.0038,0.00390625,1,0.8585544231,True,1
toy,8,2,SA,0,0.002048041999,-159.15,1,0,True,-159.15,483.5,,,,,,,,,,,
toy,8,2,QAOA_Ideal,1,1.34262525,-159.15,1,0,True,-159.15,483.5,33,38000,-96.52291,0.9025486812,0.3935098335,0.0094,0.00390625,1,0.8585544231,True,1
toy,8,2,QAOA_Noisy,1,0.712540458,-159.15,1,0,True,-159.15,483.5,24,29000,-64.54498,0.852789201,0.594439334,0.003,0.00390625,1,0.8585544231,True,1
toy,8,2,QAOA_Ideal,2,1.878241084,-159.15,1,0,True,-159.15,483.5,44,49000,-127.91899,0.9514027698,0.1962363179,0.0166,0.00390625,1,0.8585544231,True,1
toy,8,2,QAOA_Noisy,2,1.547550083,-159.15,1,0,True,-159.15,483.5,36,41000,-75.16484,0.8693143079,0.5277107132,0.003,0.00390625,1,0.8585544231,True,1
toy,8,2,QAOA_Ideal,3,2.211909542,-159.15,1,0,True,-159.15,483.5,50,55000,-112.01238,0.9266511787,0.2961836004,0.0062,0.00390625,1,0.8585544231,True,1
toy,8,2,QAOA_Noisy,3,2.77672375,-159.15,1,0,True,-159.15,483.5,50,55000,-72.27752,0.8648214736,0.5458528432,0.004,0.00390625,1,0.8585544231,True,1
toy,8,3,SA,0,0.002027582999,-159.1,0.9999221972,0.0003141690229,False,-159.15,483.5,,,,,,,,,,,
toy,8,3,QAOA_Ideal,1,1.293220458,-159.15,1,0,True,-159.15,483.5,31,36000,-68.49931,0.8589423637,0.5695927741,0.0032,0.00390625,1,0.8585544231,True,1
toy,8,3,QAOA_Noisy,1,0.950485458,-159.15,1,0,True,-159.15,483.5,32,37000,-70.02897,0.8613226017,0.5599813384,0.0046,0.00390625,1,0.8585544231,True,1
toy,8,3,QAOA_Ideal,2,1.716164708,-159.15,1,0,True,-159.15,483.5,40,45000,-75.46729,0.8697849374,0.5258103047,0.001,0.00390625,1,0.8585544231,True,1
toy,8,3,QAOA_Noisy,2,1.70306925,-159.15,1,0,True,-159.15,483.5,40,45000,-70.92897,0.862723053,0.5543262959,0.0042,0.00390625,1,0.8585544231,True,1
toy,8,3,QAOA_Ideal,3,2.245403583,-159.15,1,0,True,-159.15,483.5,50,55000,-120.59723,0.9400096942,0.2422417216,0.0116,0.00390625,1,0.8585544231,True,1
toy,8,3,QAOA_Noisy,3,2.804486125,-159.15,1,0,True,-159.15,483.5,50,55000,-70.24698,0.8616618377,0.5586114986,0.0034,0.00390625,1,0.8585544231,True,1
toy,8,4,SA,0,0.002050833002,-159.1,0.9999221972,0.0003141690229,False,-159.15,483.5,,,,,,,,,,,
toy,8,4,QAOA_Ideal,1,1.1818125,-159.15,1,0,True,-159.15,483.5,28,33000,-86.0398,0.8862363651,0.459379202,0.0004,0.00390625,1,0.8585544231,True,1
toy,8,4,QAOA_Noisy,1,0.7634245,-159.15,1,0,True,-159.15,483.5,25,30000,-84.9558,0.8845495993,0.4661903864,0.0042,0.00390625,1,0.8585544231,True,1
toy,8,4,QAOA_Ideal,2,1.70314675,-159.15,1,0,True,-159.15,483.5,39,44000,-90.65818,0.8934228274,0.4303601634,0.0002,0.00390625,1,0.8585544231,True,1
toy,8,4,QAOA_Noisy,2,1.79533625,-159.15,1,0,True,-159.15,483.5,42,47000,-85.36565,0.8851873493,0.4636151429,0.0064,0.00390625,1,0.8585544231,True,1
toy,8,4,QAOA_Ideal,3,2.269509542,-159.15,1,0,True,-159.15,483.5,50,55000,-92.8802,0.896880417,0.4163983663,0.008,0.00390625,1,0.8585544231,True,1
toy,8,4,QAOA_Noisy,3,2.768907583,-159.15,1,0,True,-159.15,483.5,50,55000,-67.2691,0.8570280868,0.5773226516,0.0032,0.00390625,1,0.8585544231,True,1
toy,10,0,SA,0,0.002442958001,-248.9,1,-2.28378541e-16,True,-248.9,754.75,,,,,,,,,,,
toy,10,0,QAOA_Ideal,1,1.468401334,-248.9,1,0,True,-248.9,754.75,33,38000,-176.7438,0.9281062123,0.2899003616,0.0004,0.0009765625,1,0.8741842276,True,1
toy,10,0,QAOA_Noisy,1,2.834761583,-248.9,1,0,True,-248.9,754.75,29,34000,-137.4114,0.8889168535,0.4479252712,0.0002,0.0009765625,1,0.8741842276,True,1
toy,10,0,QAOA_Ideal,2,1.852780083,-248.9,1,0,True,-248.9,754.75,38,43000,-135.19617,0.8867096797,0.4568253515,0.0004,0.0009765625,1,0.8741842276,True,1
toy,10,0,QAOA_Noisy,2,5.287762375,-248.9,1,0,True,-248.9,754.75,37,42000,-124.31302,0.8758661087,0.5005503415,0.0008,0.0009765625,1,0.8741842276,True,1
toy,10,0,QAOA_Ideal,3,2.38263975,-248.9,1,0,True,-248.9,754.75,50,55000,-194.60734,0.9459047875,0.2181304138,0.0022,0.0009765625,1,0.8741842276,True,1
toy,10,0,QAOA_Noisy,3,8.988377834,-248.9,1,0,True,-248.9,754.75,50,55000,-124.26226,0.8758155333,0.5007542788,0.0016,0.0009765625,1,0.8741842276,True,1
toy,10,1,SA,0,0.002487917001,-248.85,0.9999501818,0.0002008838891,False,-248.9,754.75,,,,,,,,,,,
toy,10,1,QAOA_Ideal,1,1.443858292,-248.9,1,0,True,-248.9,754.75,32,37000,-179.1212,0.9304749664,0.2803487344,0.0002,0.0009765625,1,0.8741842276,True,1
toy,10,1,QAOA_Noisy,1,3.273349708,-248.9,1,0,True,-248.9,754.75,33,38000,-177.34005,0.9287002939,0.2875048212,0.0014,0.0009765625,1,0.8741842276,True,1
toy,10,1,QAOA_Ideal,2,1.957367833,-248.9,1,0,True,-248.9,754.75,40,45000,-134.3121,0.8858288248,0.4603772599,0.001,0.0009765625,1,0.8741842276,True,1
toy,10,1,QAOA_Noisy,2,5.628144583,-248.9,1,0,True,-248.9,754.75,40,45000,-136.44775,0.887956708,0.4517969064,0.0014,0.0009765625,1,0.8741842276,True,1
toy,10,1,QAOA_Ideal,3,2.636878875,-248.9,1,0,True,-248.9,754.75,50,55000,-159.96892,0.911392338,0.3572964243,0.0014,0.0009765625,1,0.8741842276,True,1
toy,10,1,QAOA_Noisy,3,9.238214583,-248.9,1,0,True,-248.9,754.75,50,55000,-123.55465,0.8751104967,0.5035972278,0.0008,0.0009765625,1,0.8741842276,True,1
toy,10,2,SA,0,0.002752332999,-248.75,0.9998505455,0.0006026516673,False,-248.9,754.75,,,,,,,,,,,
toy,10,2,QAOA_Ideal,1,1.698684458,-248.9,1,0,True,-248.9,754.75,35,40000,-143.89492,0.8953767947,0.4218765769,0.001,0.0009765625,1,0.8741842276,True,1
toy,10,2,QAOA_Noisy,1,3.496451125,-248.9,1,0,True,-248.9,754.75,36,41000,-183.55918,0.9348968067,0.2625183608,0.0006,0.0009765625,1,0.8741842276,True,1
toy,10,2,QAOA_Ideal,2,1.829305625,-248.9,1,0,True,-248.9,754.75,35,40000,-82.44366,0.8341490161,0.6687679389,0.0012,0.0009765625,1,0.8741842276,True,1
toy,10,2,QAOA_Noisy,2,6.160597167,-248.9,1,0,True,-248.9,754.75,42,47000,-121.16845,0.8727329746,0.5131842105,0.0008,0.0009765625,1,0.8741842276,True,1
toy,10,2,QAOA_Ideal,3,2.802727875,-248.9,1,0,True,-248.9,754.75,50,55000,-174.27356,0.9256449559,0.29982499,0.0064,0.0009765625,1,0.8741842276,True,1
toy,10,2,QAOA_Noisy,3,9.260104625,-248.9,1,0,True,-248.9,754.75,50,55000,-126.92168,0.8784652817,0.4900695862,0.0008,0.0009765625,1,0.8741842276,True,1
toy,10,3,SA,0,0.002983041002,-248.8,0.9999003637,0.0004017677782,False,-248.9,754.75,,,,,,,,,,,
toy,10,3,QAOA_Ideal,1,1.358887041,-248.9,1,0,True,-248.9,754.75,26,31000,-126.69545,0.8782398745,0.4909785054,0.0006,0.0009765625,1,0.8741842276,True,1
toy,10,3,QAOA_Noisy,1,2.991646917,-248.9,1,0,True,-248.9,754.75,30,35000,-137.79343,0.8892974941,0.4463903978,0.0008,0.0009765625,1,0.8741842276,True,1
toy,10,3,QAOA_Ideal,2,1.995553542,-248.9,1,0,True,-248.9,754.75,36,41000,-181.80667,0.9331506701,0.2695593813,0.001,0.0009765625,1,0.8741842276,True,1
toy,10,3,QAOA_Noisy,2,6.103917958,-248.9,1,0,True,-248.9,754.75,43,48000,-126.07298,0.8776196682,0.4934793893,0.0008,0.0009765625,1,0.8741842276,True,1
toy,10,3,QAOA_Ideal,3,2.8881705,-248.9,1,0,True,-248.9,754.75,50,55000,-143.70344,0.8951860111,0.4226458819,0.0012,0.0009765625,1,0.8741842276,True,1
toy,10,3,QAOA_Noisy,3,9.336227958,-248.9,1,0,True,-248.9,754.75,50,55000,-125.66702,0.8772151846,0.4951104058,0.001,0.0009765625,1,0.8741842276,True,1
toy,10,4,SA,0,0.003118917,-248.7,0.9998007273,0.0008035355564,False,-248.9,754.75,,,,,,,,,,,
toy,10,4,QAOA_Ideal,1,1.465821875,-248.9,1,0,True,-248.9,754.75,28,33000,-185.68852,0.9370184028,0.2539633588,0.0002,0.0009765625,1,0.8741842276,True,1
toy,10,4,QAOA_Noisy,1,2.906378292,-248.9,1,0,True,-248.9,754.75,29,34000,-132.22401,0.8837483286,0.4687665327,0.0016,0.0009765625,1,0.8741842276,True,1
toy,10,4,QAOA_Ideal,2,1.983748166,-248.9,1,0,True,-248.9,754.75,35,40000,-140.99231,0.8924847407,0.4335383286,0.0002,0.0009765625,1,0.8741842276,True,1
toy,10,4,QAOA_Noisy,2,5.874095292,-248.9,1,0,True,-248.9,754.75,40,45000,-126.87839,0.8784221492,0.4902435115,0.0006,0.0009765625,1,0.8741842276,True,1
toy,10,4,QAOA_Ideal,3,2.811874375,-248.9,1,0,True,-248.9,754.75,49,54000,-198.51776,0.9498009864,0.2024196063,0.0068,0.0009765625,1,0.8741842276,True,1
toy,10,4,QAOA_Noisy,3,9.463755583,-248.9,1,0,True,-248.9,754.75,50,55000,-123.23496,0.8747919693,0.5048816392,0.0012,0.0009765625,1,0.8741842276,True,1
toy,12,0,SA,0,0.003410292,-358.55,0.9999653919,0.000139431121,False,-358.6,1086.15,,,,,,,,,,,
toy,12,0,QAOA_Ideal,1,1.539193583,-358.6,1,0,True,-358.6,1086.15,27,32000,-189.28555,0.8828070947,0.4721540714,0.0002,0.000244140625,1,0.8846340197,True,1
toy,12,0,QAOA_Ideal,2,2.197669083,-358.6,1,0,True,-358.6,1086.15,36,41000,-213.70707,0.899710725,0.4040516732,0.0004,0.000244140625,1,0.8846340197,True,1
toy,12,0,QAOA_Ideal,3,3.226531875,-358.6,1,0,True,-358.6,1086.15,50,55000,-210.12738,0.8972330022,0.414034077,0.0046,0.000244140625,1,0.8846340197,True,1
toy,12,1,SA,0,0.003722291,-358.45,0.9998961758,0.0004182933631,False,-358.6,1086.15,,,,,,,,,,,
toy,12,1,QAOA_Ideal,1,1.681657334,-358.45,0.9998961758,0.0004182933631,False,-358.6,1086.15,30,35000,-210.1653,0.897259249,0.4139283324,0,0.000244140625,1,0.8846340197,True,1
toy,12,1,QAOA_Ideal,2,2.585918459,-358.6,1,0,True,-358.6,1086.15,43,48000,-243.46129,0.9203054438,0.3210783882,0.0002,0.000244140625,1,0.8846340197,True,1
toy,12,1,QAOA_Ideal,3,3.22168175,-358.6,1,0,True,-358.6,1086.15,50,55000,-247.39206,0.9230261706,0.3101169548,0.0004,0.000244140625,1,0.8846340197,True,1
toy,12,2,SA,0,0.003584333001,-358.6,1,3.170296646e-16,True,-358.6,1086.15,,,,,,,,,,,
toy,12,2,QAOA_Ideal,1,1.755644625,-358.6,1,0,True,-358.6,1086.15,31,36000,-237.11188,0.9159106281,0.3387844953,0.0004,0.000244140625,1,0.8846340197,True,1
toy,12,2,QAOA_Ideal,2,2.473147917,-358.6,1,0,True,-358.6,1086.15,42,47000,-274.03091,0.941464551,0.2358312605,0.0008,0.000244140625,1,0.8846340197,True,1
toy,12,2,QAOA_Ideal,3,3.268028042,-358.45,0.9998961758,0.0004182933631,False,-358.6,1086.15,50,55000,-214.99675,0.9006033916,0.4004552426,0,0.000244140625,1,0.8846340197,True,1
toy,12,3,SA,0,0.003494084001,-358.45,0.9998961758,0.0004182933631,False,-358.6,1086.15,,,,,,,,,,,
toy,12,3,QAOA_Ideal,1,1.782520291,-358.55,0.9999653919,0.000139431121,False,-358.6,1086.15,31,36000,-195.97739,0.8874389272,0.4534930563,0,0.000244140625,1,0.8846340197,True,1
toy,12,3,QAOA_Ideal,2,2.217283208,-358.6,1,0,True,-358.6,1086.15,37,42000,-242.10294,0.9193652466,0.3248663134,0.0008,0.000244140625,1,0.8846340197,True,1
toy,12,3,QAOA_Ideal,3,3.110010666,-358.5,0.9999307839,0.0002788622421,False,-358.6,1086.15,48,53000,-184.98195,0.8798283094,0.4841551868,0,0.000244140625,1,0.8846340197,True,1
toy,12,4,SA,0,0.003509334001,-358.45,0.9998961758,0.0004182933631,False,-358.6,1086.15,,,,,,,,,,,
toy,12,4,QAOA_Ideal,1,1.552389,-358.6,1,0,True,-358.6,1086.15,28,33000,-277.74972,0.9440385672,0.2254609035,0.0008,0.000244140625,1,0.8846340197,True,1
toy,12,4,QAOA_Ideal,2,2.364444167,-358.6,1,0,True,-358.6,1086.15,39,44000,-223.79446,0.9066928257,0.3759217513,0.0004,0.000244140625,1,0.8846340197,True,1
toy,12,4,QAOA_Ideal,3,3.248925417,-358.6,1,0,True,-358.6,1086.15,50,55000,-226.51452,0.9085755459,0.368336531,0.0008,0.000244140625,1,0.8846340197,True,1
random,4,0,SA,0,0.001351750001,-4.709609688,1,-5.65765623e-16,True,-4.709609688,0.07221458224,,,,,,,,,,,
random,4,0,QAOA_Ideal,1,1.357214208,-4.709609688,1,0,True,-4.709609688,0.07221458224,29,34000,-1.941002665,0.4210144777,0.58786337,0.1214,0.0625,1,0.3942545654,True,1
random,4,0,QAOA_Noisy,1,0.5698555,-4.709609688,1,0,True,-4.709609688,0.07221458224,31,36000,-1.805175398,0.392609572,0.616703821,0.0644,0.0625,1,0.3942545654,True,1
random,4,0,QAOA_Ideal,2,2.114778583,-4.709609688,1,0,True,-4.709609688,0.07221458224,45,50000,-2.278517778,0.4915973962,0.5161981716,0.1054,0.0625,1,0.3942545654,True,1
random,4,0,QAOA_Noisy,2,0.708387417,-4.709609688,1,0,True,-4.709609688,0.07221458224,38,43000,-1.90619794,0.4137359322,0.5952535208,0.0716,0.0625,1,0.3942545654,True,1
random,4,0,QAOA_Ideal,3,2.369651042,-4.709609688,1,0,True,-4.709609688,0.07221458224,50,55000,-2.49596204,0.5370704729,0.4700278356,0.1036,0.0625,1,0.3942545654,True,1
random,4,0,QAOA_Noisy,3,0.943555334,-4.709609688,1,0,True,-4.709609688,0.07221458224,50,55000,-1.875253553,0.4072646808,0.6018239988,0.0742,0.0625,1,0.3942545654,True,1
random,4,1,SA,0,0.001359334001,-5.494320118,1,-4.849617791e-16,True,-5.494320118,3.889544279,,,,,,,,,,,
random,4,1,QAOA_Ideal,1,1.587318542,-5.494320118,1,0,True,-5.494320118,3.889544279,34,39000,-0.8454074126,0.5045844112,0.8461306596,0.0878,0.0625,1,0.4416336275,True,1
random,4,1,QAOA_Noisy,1,0.626412458,-5.494320118,1,0,True,-5.494320118,3.889544279,33,38000,-0.7558448317,0.4950400937,0.8624315993,0.0958,0.0625,1,0.4416336275,True,1
random,4,1,QAOA_Ideal,2,1.655004291,-5.494320118,1,0,True,-5.494320118,3.889544279,35,40000,-0.815966388,0.5014470018,0.8514891068,0.1628,0.0625,1,0.4416336275,True,1
random,4,1,QAOA_Noisy,2,0.68757125,-5.494320118,1,0,True,-5.494320118,3.889544279,37,42000,-0.4910785391,0.4668250342,0.9106206904,0.0924,0.0625,1,0.4416336275,True,1
random,4,1,QAOA_Ideal,3,2.376264,-5.494320118,1,0,True,-5.494320118,3.889544279,50,55000,-0.6952222392,0.4885797923,0.8734652834,0.222,0.0625,1,0.4416336275,True,1
random,4,1,QAOA_Noisy,3,0.94663925,-5.494320118,1,0,True,-5.494320118,3.889544279,50,55000,-0.421551792,0.4594158535,0.9232749853,0.0806,0.0625,1,0.4416336275,True,1
random,4,2,SA,0,0.001388584002,-8.437219325,1,-1.473767292e-15,True,-8.437219325,0.451887367,,,,,,,,,,,
random,4,2,QAOA_Ideal,1,1.449669084,-8.437219325,1,0,True,-8.437219325,0.451887367,31,36000,-4.228542918,0.5265355055,0.4988226861,0.091,0.0625,1,0.3810935901,True,1
random,4,2,QAOA_Noisy,1,0.553889834,-8.437219325,1,0,True,-8.437219325,0.451887367,30,35000,-3.621290472,0.4582212792,0.5707957406,0.1118,0.0625,1,0.3810935901,True,1
random,4,2,QAOA_Ideal,2,2.254102833,-8.437219325,1,0,True,-8.437219325,0.451887367,48,53000,-6.525364314,0.7849215813,0.2265977613,0.3836,0.0625,1,0.3810935901,True,1
random,4,2,QAOA_Noisy,2,0.656095083,-8.437219325,1,0,True,-8.437219325,0.451887367,35,40000,-2.90292044,0.3774066308,0.6559387248,0.0562,0.0625,1,0.3810935901,True,1
random,4,2,QAOA_Ideal,3,2.369502625,-8.437219325,1,0,True,-8.437219325,0.451887367,50,55000,-4.381355837,0.5437265376,0.4807109228,0.3744,0.0625,1,0.3810935901,True,1
random,4,2,QAOA_Noisy,3,0.947118833,-8.437219325,1,0,True,-8.437219325,0.451887367,50,55000,-2.91344274,0.3785903605,0.6546915959,0.0622,0.0625,1,0.3810935901,True,1
random,4,3,SA,0,0.001375,-2.628781101,1,-6.757340271e-16,True,-2.628781101,5.624119771,,,,,,,,,,,
random,4,3,QAOA_Ideal,1,1.264739083,-2.628781101,1,0,True,-2.628781101,5.624119771,27,32000,0.9775481887,0.5630228273,1.37186367,0.1656,0.0625,1,0.4968899827,True,1
random,4,3,QAOA_Noisy,1,0.577432083,-2.628781101,1,0,True,-2.628781101,5.624119771,31,36000,1.277207916,0.5267132033,1.485855561,0.0736,0.0625,1,0.4968899827,True,1
random,4,3,QAOA_Ideal,2,2.097734833,-2.628781101,1,0,True,-2.628781101,5.624119771,44,49000,0.40957568,0.631843781,1.155804407,0.1316,0.0625,1,0.4968899827,True,1
random,4,3,QAOA_Noisy,2,0.677683583,-2.628781101,1,0,True,-2.628781101,5.624119771,36,41000,1.361041489,0.5165551299,1.517746224,0.0608,0.0625,1,0.4968899827,True,1
random,4,3,QAOA_Ideal,3,2.37049575,-2.628781101,1,0,True,-2.628781101,5.624119771,50,55000,0.8992967453,0.5725045168,1.342096474,0.0672,0.0625,1,0.4968899827,True,1
random,4,3,QAOA_Noisy,3,0.947524375,-2.628781101,1,0,True,-2.628781101,5.624119771,50,55000,1.338851461,0.5192438848,1.509305039,0.0762,0.0625,1,0.4968899827,True,1
random,4,4,SA,0,0.001351499999,-4.963801564,1,0,True,-4.963801564,4.111236343,,,,,,,,,,,
random,4,4,QAOA_Ideal,1,1.31607075,-4.963801564,1,0,True,-4.963801564,4.111236343,28,33000,-1.625112833,0.6321019521,0.672607212,0.1658,0.0625,1,0.591746231,True,1
random,4,4,QAOA_Noisy,1,0.571012416,-4.963801564,1,0,True,-4.963801564,4.111236343,31,36000,-1.382261136,0.6053415463,0.7215317497,0.1104,0.0625,1,0.591746231,True,1
random,4,4,QAOA_Ideal,2,1.835064,-4.963801564,1,0,True,-4.963801564,4.111236343,39,44000,-1.543944051,0.623157771,0.6889593528,0.0622,0.0625,1,0.591746231,True,1
random,4,4,QAOA_Noisy,2,0.706193583,-4.963801564,1,0,True,-4.963801564,4.111236343,38,43000,-1.410091979,0.608408293,0.71592499,0.0664,0.0625,1,0.591746231,True,1
random,4,4,QAOA_Ideal,3,2.375174459,-4.963801564,1,0,True,-4.963801564,4.111236343,50,55000,-2.750245801,0.7560830285,0.4459396159,0.1478,0.0625,1,0.591746231,True,1
random,4,4,QAOA_Noisy,3,0.941781625,-4.963801564,1,0,True,-4.963801564,4.111236343,50,55000,-1.585926663,0.6277839348,0.6805015989,0.0718,0.0625,1,0.591746231,True,1
random,6,0,SA,0,0.001930750001,-3.774580015,1,-2.823662764e-15,True,-3.774580015,8.342911364,,,,,,,,,,,
random,6,0,QAOA_Ideal,1,1.349056542,-3.774580015,1,0,True,-3.774580015,8.342911364,28,33000,1.092629321,0.5983319333,1.289470435,0.0122,0.015625,1,0.5715146919,True,1
random,6,0,QAOA_Noisy,1,0.635395875,-3.774580015,1,0,True,-3.774580015,8.342911364,29,34000,1.353885263,0.5767716999,1.358685008,0.016,0.015625,1,0.5715146919,True,1
random,6,0,QAOA_Ideal,2,1.859492541,-3.774580015,1,0,True,-3.774580015,8.342911364,38,43000,1.088865701,0.5986425272,1.288473339,0.0264,0.015625,1,0.5715146919,True,1
random,6,0,QAOA_Noisy,2,0.914606333,-3.774580015,1,0,True,-3.774580015,8.342911364,37,42000,1.403666253,0.5726635072,1.371873493,0.0178,0.015625,1,0.5715146919,True,1
random,6,0,QAOA_Ideal,3,2.502888916,-3.774580015,1,0,True,-3.774580015,8.342911364,50,55000,1.47298795,0.5669427111,1.390238899,0.0002,0.015625,1,0.5715146919,True,1
random,6,0,QAOA_Noisy,3,1.36996025,-3.774580015,1,0,True,-3.774580015,8.342911364,50,55000,1.404283092,0.5726126023,1.372036912,0.0194,0.015625,1,0.5715146919,True,1
random,6,1,SA,0,0.001929458002,-6.07480207,1,-5.848278903e-16,True,-6.07480207,5.183859643,,,,,,,,,,,
random,6,1,QAOA_Ideal,1,1.584816833,-6.07480207,1,0,True,-6.07480207,5.183859643,33,38000,-0.5887432149,0.5127254912,0.903084379,0.037,0.015625,1,0.4350954322,True,1
random,6,1,QAOA_Noisy,1,0.658377417,-6.07480207,1,0,True,-6.07480207,5.183859643,30,35000,-0.1441163843,0.4732335124,0.9762763654,0.0216,0.015625,1,0.4350954322,True,1
random,6,1,QAOA_Ideal,2,1.847121708,-6.07480207,1,0,True,-6.07480207,5.183859643,38,43000,-0.5753883455,0.511539305,0.9052827831,0.0166,0.015625,1,0.4350954322,True,1
random,6,1,QAOA_Noisy,2,1.037868375,-6.07480207,1,0,True,-6.07480207,5.183859643,42,47000,0.2268890119,0.4402806263,1.037349202,0.0158,0.015625,1,0.4350954322,True,1
random,6,1,QAOA_Ideal,3,2.457530625,-6.07480207,1,0,True,-6.07480207,5.183859643,50,55000,-0.4610998812,0.5013881461,0.924096312,0.0194,0.015625,1,0.4350954322,True,1
random,6,1,QAOA_Noisy,3,1.368431792,-6.07480207,1,0,True,-6.07480207,5.183859643,50,55000,0.2748565531,0.4360201252,1.045245351,0.0142,0.015625,1,0.4350954322,True,1
random,6,2,SA,0,0.001904833,-10.06089734,1,-1.765604777e-16,True,-10.06089734,2.904405529,,,,,,,,,,,
random,6,2,QAOA_Ideal,1,1.861678917,-10.06089734,1,0,True,-10.06089734,2.904405529,39,44000,-7.042779735,0.7672158041,0.2999849318,0.3962,0.015625,1,0.4247505125,True,1
random,6,2,QAOA_Noisy,1,0.613785458,-10.06089734,1,0,True,-10.06089734,2.904405529,28,33000,-4.802464602,0.5944226842,0.5226604108,0.1248,0.015625,1,0.4247505125,True,1
random,6,2,QAOA_Ideal,2,2.081378167,-10.06089734,1,0,True,-10.06089734,2.904405529,43,48000,-3.209983986,0.4715963505,0.6809445641,0.011,0.015625,1,0.4247505125,True,1
random,6,2,QAOA_Noisy,2,0.889831625,-10.06089734,1,0,True,-10.06089734,2.904405529,36,41000,-2.652408587,0.4285911539,0.7363646106,0.0184,0.015625,1,0.4247505125,True,1
random,6,2,QAOA_Ideal,3,2.476351667,-10.06089734,1,0,True,-10.06089734,2.904405529,50,55000,-3.444015892,0.4896469822,0.6576830299,0.0248,0.015625,1,0.4247505125,True,1
random,6,2,QAOA_Noisy,3,1.3722955,-10.06089734,1,0,True,-10.06089734,2.904405529,50,55000,-2.569666841,0.4222093712,0.7445887026,0.0148,0.015625,1,0.4247505125,True,1
random,6,3,SA,0,0.001870249998,-2.940062684,1,-1.057332718e-15,True,-2.940062684,6.233503797,,,,,,,,,,,
random,6,3,QAOA_Ideal,1,1.485307334,-2.940062684,1,0,True,-2.940062684,6.233503797,31,36000,0.5709266986,0.6172710592,1.194188614,0.0282,0.015625,1,0.5294115438,True,1
random,6,3,QAOA_Noisy,1,0.697613167,-2.940062684,1,0,True,-2.940062684,6.233503797,32,37000,1.017422334,0.5685990802,1.34605464,0.0156,0.015625,1,0.5294115438,True,1
random,6,3,QAOA_Ideal,2,2.122836792,-2.940062684,1,0,True,-2.940062684,6.233503797,44,49000,0.4913048355,0.6259505475,1.167106925,0.006,0.015625,1,0.5294115438,True,1
random,6,3,QAOA_Noisy,2,0.990085,-2.940062684,1,0,True,-2.940062684,6.233503797,40,45000,1.285447994,0.5393819092,1.437217887,0.0138,0.015625,1,0.5294115438,True,1
random,6,3,QAOA_Ideal,3,2.469259959,-2.940062684,1,0,True,-2.940062684,6.233503797,50,55000,0.401627474,0.6357261742,1.136605072,0.0944,0.015625,1,0.5294115438,True,1
random,6,3,QAOA_Noisy,3,1.37180725,-2.940062684,1,0,True,-2.940062684,6.233503797,50,55000,1.334096054,0.5340788397,1.453764493,0.0158,0.015625,1,0.5294115438,True,1
random,6,4,SA,0,0.001877499999,-0.517945132,1,-3.429623583e-15,True,-0.517945132,9.780368136,,,,,,,,,,,
random,6,4,QAOA_Ideal,1,1.4409975,-0.517945132,1,0,True,-0.517945132,9.780368136,30,35000,3.275424132,0.6316514011,7.323882452,0.0008,0.015625,1,0.5482988148,True,1
random,6,4,QAOA_Noisy,1,0.70048875,-0.517945132,1,0,True,-0.517945132,9.780368136,32,37000,3.730495417,0.5874624865,8.202491512,0.0218,0.015625,1,0.5482988148,True,1
random,6,4,QAOA_Ideal,2,1.749693333,-0.517945132,1,0,True,-0.517945132,9.780368136,36,41000,3.650418016,0.5952382648,8.047885559,0.0118,0.015625,1,0.5482988148,True,1
random,6,4,QAOA_Noisy,2,0.839950125,-0.517945132,1,0,True,-0.517945132,9.780368136,34,39000,3.968448937,0.5643564191,8.661909905,0.0168,0.015625,1,0.5482988148,True,1
random,6,4,QAOA_Ideal,3,2.458218083,-0.517945132,1,0,True,-0.517945132,9.780368136,50,55000,3.733143577,0.5872053415,8.207604331,0.018,0.015625,1,0.5482988148,True,1
random,6,4,QAOA_Noisy,3,1.389459041,-0.517945132,1,0,True,-0.517945132,9.780368136,50,55000,4.103657776,0.5512271973,8.922958481,0.015,0.015625,1,0.5482988148,True,1
random,8,0,SA,0,0.002477708,-7.218962352,1,-2.091579426e-15,True,-7.218962352,10.48108044,,,,,,,,,,,
random,8,0,QAOA_Ideal,1,1.633043084,-7.218962352,1,0,True,-7.218962352,10.48108044,33,38000,0.414446567,0.568735002,1.057410823,0.0104,0.00390625,1,0.5508227354,True,1
random,8,0,QAOA_Noisy,1,0.976695,-7.218962352,1,0,True,-7.218962352,10.48108044,29,34000,0.7245562267,0.5512147246,1.100368473,0.0036,0.00390625,1,0.5508227354,True,1
random,8,0,QAOA_Ideal,2,2.041314791,-7.218962352,1,0,True,-7.218962352,10.48108044,40,45000,0.4851633867,0.5647397111,1.067206804,0.004,0.00390625,1,0.5508227354,True,1
random,8,0,QAOA_Noisy,2,1.799874333,-7.218962352,1,0,True,-7.218962352,10.48108044,38,43000,0.7412310663,0.5502726456,1.102678339,0.0054,0.00390625,1,0.5508227354,True,1
random,8,0,QAOA_Ideal,3,2.6301705,-7.218962352,1,0,True,-7.218962352,10.48108044,50,55000,0.51756182,0.5629092956,1.071694766,0.001,0.00390625,1,0.5508227354,True,1
random,8,0,QAOA_Noisy,3,3.019621417,-7.218962352,1,0,True,-7.218962352,10.48108044,50,55000,0.7442472219,0.5501022417,1.103096149,0.0038,0.00390625,1,0.5508227354,True,1
random,8,1,SA,0,0.002452624998,-12.29363004,1,0,True,-12.29363004,7.347041686,,,,,,,,,,,
random,8,1,QAOA_Ideal,1,1.395617833,-12.29363004,1,0,True,-12.29363004,7.347041686,28,33000,-0.9375833468,0.4218096584,0.9237342149,0.0004,0.00390625,1,0.4183275361,True,1
random,8,1,QAOA_Noisy,1,1.044398375,-12.29363004,1,0,True,-12.29363004,7.347041686,31,36000,-0.9262105529,0.4212306154,0.9246593114,0.0028,0.00390625,1,0.4183275361,True,1
random,8,1,QAOA_Ideal,2,2.048379708,-12.29363004,1,0,True,-12.29363004,7.347041686,40,45000,-0.8700138899,0.418369376,0.9292305131,0.0014,0.00390625,1,0.4183275361,True,1
random,8,1,QAOA_Noisy,2,1.804132583,-12.29363004,1,0,True,-12.29363004,7.347041686,38,43000,-0.8568617033,0.4176997357,0.9303003506,0.0044,0.00390625,1,0.4183275361,True,1
random,8,1,QAOA_Ideal,3,2.63665325,-12.29363004,1,0,True,-12.29363004,7.347041686,50,55000,-1.691886451,0.4602148166,0.8623769834,0.0012,0.00390625,1,0.4183275361,True,1
random,8,1,QAOA_Noisy,3,3.091525208,-12.29363004,1,0,True,-12.29363004,7.347041686,50,55000,-0.8725929313,0.4185006873,0.9290207263,0.0028,0.00390625,1,0.4183275361,True,1
random,8,2,SA,0,0.002430125001,-19.58349987,1,3.628272476e-16,True,-19.58349987,3.753853043,,,,,,,,,,,
random,8,2,QAOA_Ideal,1,1.490399458,-19.58349987,1,0,True,-19.58349987,3.753853043,30,35000,-4.427075895,0.3505508516,0.7739384725,0.0014,0.00390625,1,0.3385843166,True,1
random,8,2,QAOA_Noisy,1,1.232585375,-19.58349987,1,0,True,-19.58349987,3.753853043,37,42000,-7.308126677,0.4740031896,0.6268222369,0.0256,0.00390625,1,0.3385843166,True,1
random,8,2,QAOA_Ideal,2,1.888096583,-19.58349987,1,0,True,-19.58349987,3.753853043,37,42000,-5.094152786,0.379134937,0.7398752614,0.0108,0.00390625,1,0.3385843166,True,1
random,8,2,QAOA_Noisy,2,1.74260125,-19.58349987,1,0,True,-19.58349987,3.753853043,37,42000,-4.112573382,0.337074494,0.7899980387,0.0042,0.00390625,1,0.3385843166,True,1
random,8,2,QAOA_Ideal,3,2.648929333,-19.58349987,1,0,True,-19.58349987,3.753853043,50,55000,-5.385115244,0.3916026089,0.7250177303,0.0108,0.00390625,1,0.3385843166,True,1
random,8,2,QAOA_Noisy,3,3.052216292,-19.58349987,1,0,True,-19.58349987,3.753853043,50,55000,-4.097641137,0.3364346508,0.7907605298,0.0026,0.00390625,1,0.3385843166,True,1
random,8,3,SA,0,0.002494083998,-21.82144363,1,0,True,-21.82144363,4.56736362,,,,,,,,,,,
random,8,3,QAOA_Ideal,1,1.828135042,-21.82144363,1,0,True,-21.82144363,4.56736362,37,42000,-6.123530247,0.405129863,0.7193801496,0.0078,0.00390625,1,0.3676773683,True,1
random,8,3,QAOA_Noisy,1,0.982334333,-21.82144363,1,0,True,-21.82144363,4.56736362,29,34000,-5.256049153,0.3722567936,0.7591337566,0.0048,0.00390625,1,0.3676773683,True,1
random,8,3,QAOA_Ideal,2,1.842356791,-21.82144363,1,0,True,-21.82144363,4.56736362,36,41000,-5.605613071,0.3855034672,0.7431144719,0.005,0.00390625,1,0.3676773683,True,1
random,8,3,QAOA_Noisy,2,1.746459292,-21.82144363,1,0,True,-21.82144363,4.56736362,37,42000,-4.85914379,0.3572161227,0.7773225332,0.0024,0.00390625,1,0.3676773683,True,1
random,8,3,QAOA_Ideal,3,2.637841375,-21.82144363,1,0,True,-21.82144363,4.56736362,50,55000,-5.997309041,0.4003467288,0.7251644235,0.0156,0.00390625,1,0.3676773683,True,1
random,8,3,QAOA_Noisy,3,3.029121,-21.82144363,1,0,True,-21.82144363,4.56736362,50,55000,-5.194031891,0.3699066584,0.7619757896,0.0032,0.00390625,1,0.3676773683,True,1
random,8,4,SA,0,0.002412124999,-8.0074945,1,4.436735709e-16,True,-8.0074945,11.34560572,,,,,,,,,,,
random,8,4,QAOA_Ideal,1,1.343358708,-8.0074945,1,0,True,-8.0074945,11.34560572,27,32000,0.136884953,0.5791692619,1.017094605,0.001,0.00390625,1,0.5762405891,True,1
random,8,4,QAOA_Noisy,1,0.999118208,-8.0074945,1,0,True,-8.0074945,11.34560572,29,34000,0.2396449819,0.5738595168,1.029927586,0.0022,0.00390625,1,0.5762405891,True,1
random,8,4,QAOA_Ideal,2,2.091289875,-8.0074945,1,0,True,-8.0074945,11.34560572,41,46000,0.2326280634,0.5742220901,1.029051292,0.001,0.00390625,1,0.5762405891,True,1
random,8,4,QAOA_Noisy,2,1.658934875,-8.0074945,1,0,True,-8.0074945,11.34560572,35,40000,0.1628325188,0.5778285172,1.020335015,0.0036,0.00390625,1,0.5762405891,True,1
random,8,4,QAOA_Ideal,3,2.650015958,-8.0074945,1,0,True,-8.0074945,11.34560572,50,55000,-0.08179063887,0.5904685157,0.989785739,0.0002,0.00390625,1,0.5762405891,True,1
random,8,4,QAOA_Noisy,3,3.018999875,-8.0074945,1,0,True,-8.0074945,11.34560572,50,55000,0.1932447756,0.5762570761,1.024132989,0.0042,0.00390625,1,0.5762405891,True,1
random,10,0,SA,0,0.003639458002,-15.23162101,1,-8.163607714e-16,True,-15.23162101,11.9728138,,,,,,,,,,,
random,10,0,QAOA_Ideal,1,1.334200083,-15.23162101,1,0,True,-15.23162101,11.9728138,25,30000,-2.206165893,0.5212010392,0.8551588244,0.0008,0.0009765625,1,0.5165440128,True,1
random,10,0,QAOA_Noisy,1,3.172144583,-15.23162101,1,0,True,-15.23162101,11.9728138,30,35000,-2.123420096,0.5181594102,0.8605913255,0.001,0.0009765625,1,0.5165440128,True,1
random,10,0,QAOA_Ideal,2,2.071030542,-15.23162101,1,0,True,-15.23162101,11.9728138,37,42000,-2.047727227,0.5153770378,0.8655607814,0.0008,0.0009765625,1,0.5165440128,True,1
random,10,0,QAOA_Noisy,2,5.439040833,-15.23162101,1,0,True,-15.23162101,11.9728138,35,40000,-1.99925496,0.5135952597,0.868743126,0.0004,0.0009765625,1,0.5165440128,True,1
random,10,0,QAOA_Ideal,3,2.939170875,-13.32397108,0.9298772447,0.1252427384,False,-15.23162101,11.9728138,50,55000,-2.025320482,0.5145533947,0.867031849,0,0.0009765625,1,0.5165440128,True,1
random,10,0,QAOA_Noisy,3,9.808949208,-15.23162101,1,0,True,-15.23162101,11.9728138,50,55000,-2.109164115,0.5176353787,0.8615272719,0.0008,0.0009765625,1,0.5165440128,True,1
random,10,1,SA,0,0.003007166997,-15.56825377,1,0,True,-15.56825377,8.94099019,,,,,,,,,,,
random,10,1,QAOA_Ideal,1,1.449167625,-15.56825377,1,0,True,-15.56825377,8.94099019,27,32000,-2.382164388,0.4619952618,0.8469857684,0.0048,0.0009765625,1,0.4553249205,True,1
random,10,1,QAOA_Noisy,1,2.907661334,-15.56825377,1,0,True,-15.56825377,8.94099019,27,32000,-2.234085156,0.4559534911,0.8564973831,0.0006,0.0009765625,1,0.4553249205,True,1
random,10,1,QAOA_Ideal,2,1.984749083,-15.56825377,1,0,True,-15.56825377,8.94099019,35,40000,-2.362939565,0.4612108711,0.8482206418,0.0002,0.0009765625,1,0.4553249205,True,1
random,10,1,QAOA_Noisy,2,6.481133333,-15.56825377,1,0,True,-15.56825377,8.94099019,42,47000,-2.186687455,0.4540196207,0.8595418929,0.001,0.0009765625,1,0.4553249205,True,1
random,10,1,QAOA_Ideal,3,2.919186709,-15.56825377,1,0,True,-15.56825377,8.94099019,50,55000,-2.336237072,0.4601213845,0.8499358305,0.0006,0.0009765625,1,0.4553249205,True,1
random,10,1,QAOA_Noisy,3,9.857313375,-15.56825377,1,0,True,-15.56825377,8.94099019,50,55000,-2.165876882,0.4531705299,0.8608786243,0.0006,0.0009765625,1,0.4553249205,True,1
random,10,2,SA,0,0.003004125003,-7.862460202,1,-1.581502171e-15,True,-7.862460202,12.85963814,,,,,,,,,,,
random,10,2,QAOA_Ideal,1,1.389117416,-7.862460202,1,0,True,-7.862460202,12.85963814,26,31000,1.431180664,0.5515106282,1.182027079,0.0016,0.0009765625,1,0.5510985471,True,1
random,10,2,QAOA_Noisy,1,3.09353125,-7.862460202,1,0,True,-7.862460202,12.85963814,28,33000,1.381670797,0.5538998586,1.175730085,0.0012,0.0009765625,1,0.5510985471,True,1
random,10,2,QAOA_Ideal,2,2.392065292,-7.862460202,1,0,True,-7.862460202,12.85963814,43,48000,1.090506926,0.567950746,1.138697926,0.0022,0.0009765625,1,0.5510985471,True,1
random,10,2,QAOA_Noisy,2,6.191536292,-7.862460202,1,0,True,-7.862460202,12.85963814,40,45000,1.464675683,0.549894237,1.186287198,0.0014,0.0009765625,1,0.5510985471,True,1
random,10,2,QAOA_Ideal,3,2.92702275,-7.862460202,1,0,True,-7.862460202,12.85963814,50,55000,1.391232761,0.5534384206,1.176946239,0.0006,0.0009765625,1,0.5510985471,True,1
random,10,2,QAOA_Noisy,3,9.825563083,-7.862460202,1,0,True,-7.862460202,12.85963814,50,55000,1.437088473,0.5512255312,1.182778473,0.001,0.0009765625,1,0.5510985471,True,1
random,10,3,SA,0,0.002911457999,-16.29676668,1,0,True,-16.29676668,12.36414685,,,,,,,,,,,
random,10,3,QAOA_Ideal,1,1.389612292,-16.29676668,1,0,True,-16.29676668,12.36414685,26,31000,-0.7893068703,0.4589335125,0.9515666582,0.0026,0.0009765625,1,0.4528487251,True,1
random,10,3,QAOA_Noisy,1,3.512529791,-16.29676668,1,0,True,-16.29676668,12.36414685,32,37000,-0.6514050968,0.4541220199,0.9600285683,0.0018,0.0009765625,1,0.4528487251,True,1
random,10,3,QAOA_Ideal,2,2.119734792,-16.29676668,1,0,True,-16.29676668,12.36414685,38,43000,-0.7619017846,0.4579773292,0.9532482854,0.0028,0.0009765625,1,0.4528487251,True,1
random,10,3,QAOA_Noisy,2,5.647315334,-16.29676668,1,0,True,-16.29676668,12.36414685,36,41000,-0.6470440737,0.4539698606,0.9602961688,0.0004,0.0009765625,1,0.4528487251,True,1
random,10,3,QAOA_Ideal,3,2.919651,-16.29676668,1,0,True,-16.29676668,12.36414685,50,55000,-0.6604025454,0.4544359474,0.959476468,0.0012,0.0009765625,1,0.4528487251,True,1
random,10,3,QAOA_Noisy,3,9.85603875,-16.29676668,1,0,True,-16.29676668,12.36414685,50,55000,-0.6203038046,0.4530368733,0.9619370016,0.0016,0.0009765625,1,0.4528487251,True,1
random,10,4,SA,0,0.003067624999,-12.25824611,1,0,True,-12.25824611,12.79050584,,,,,,,,,,,
random,10,4,QAOA_Ideal,1,1.395804334,-12.25824611,1,0,True,-12.25824611,12.79050584,26,31000,1.06751549,0.4680069639,1.0870855,0.0012,0.0009765625,1,0.4748178454,True,1
random,10,4,QAOA_Noisy,1,3.069063292,-12.25824611,1,0,True,-12.25824611,12.79050584,28,33000,0.8228473294,0.4777746426,1.067126025,0.0014,0.0009765625,1,0.4748178454,True,1
random,10,4,QAOA_Ideal,2,2.50584375,-12.04220003,0.9913749764,0.01762455046,False,-12.25824611,12.79050584,45,50000,0.4768758048,0.4915865692,1.03890245,0,0.0009765625,1,0.4748178454,True,1
random,10,4,QAOA_Noisy,2,6.751584541,-12.25824611,1,0,True,-12.25824611,12.79050584,43,48000,1.050853906,0.4686721301,1.085726285,0.0006,0.0009765625,1,0.4748178454,True,1
random,10,4,QAOA_Ideal,3,2.92305475,-12.25824611,1,0,True,-12.25824611,12.79050584,50,55000,0.4098748038,0.4942613931,1.03343666,0.0002,0.0009765625,1,0.4748178454,True,1
random,10,4,QAOA_Noisy,3,9.715209125,-12.25824611,1,0,True,-12.25824611,12.79050584,50,55000,0.7959268362,0.4788493665,1.064929912,0.0014,0.0009765625,1,0.4748178454,True,1
random,12,0,SA,0,0.003768417002,-23.95665143,1,4.448927708e-16,True,-23.95665143,15.23472814,,,,,,,,,,,
random,12,0,QAOA_Ideal,1,1.708082084,-23.95665143,1,0,True,-23.95665143,15.23472814,30,35000,-3.0532183,0.4666318624,0.8725523762,0.0002,0.000244140625,1,0.4671831812,True,1
random,12,0,QAOA_Ideal,2,2.159244417,-23.60479122,0.9910219997,0.01468737059,False,-23.95665143,15.23472814,35,40000,-3.103702638,0.4679200114,0.8704450559,0,0.000244140625,1,0.4671831812,True,1
random,12,0,QAOA_Ideal,3,3.091319792,-23.95665143,1,0,True,-23.95665143,15.23472814,47,52000,-3.145931652,0.4689975192,0.8686823298,0.0004,0.000244140625,1,0.4671831812,True,1
random,12,1,SA,0,0.003947958001,-26.12086846,1,-1.360105497e-16,True,-26.12086846,9.851510772,,,,,,,,,,,
random,12,1,QAOA_Ideal,1,1.659068667,-25.19337004,0.9742163727,0.03550794727,False,-26.12086846,9.851510772,29,34000,-6.492915049,0.4543604335,0.7514280561,0,0.000244140625,1,0.4519945098,True,1
random,12,1,QAOA_Ideal,2,2.085068417,-26.12086846,1,0,True,-26.12086846,9.851510772,34,39000,-6.442115601,0.4529482542,0.7533728402,0.0002,0.000244140625,1,0.4519945098,True,1
random,12,1,QAOA_Ideal,3,3.300895916,-26.12086846,1,0,True,-26.12086846,9.851510772,50,55000,-6.476855785,0.4539140003,0.752042862,0.0002,0.000244140625,1,0.4519945098,True,1
random,12,2,SA,0,0.003500416999,-20.401522,1,-5.224189175e-16,True,-20.401522,11.78328817,,,,,,,,,,,
random,12,2,QAOA_Ideal,1,1.901522667,-20.401522,1,0,True,-20.401522,11.78328817,34,39000,-12.85980953,0.7656747878,0.369664208,0.0062,0.000244140625,1,0.519995568,True,1
random,12,2,QAOA_Ideal,2,2.3848285,-19.99631701,0.9874100552,0.01986150757,False,-20.401522,11.78328817,39,44000,-4.985280565,0.5210087818,0.7556417327,0,0.000244140625,1,0.519995568,True,1
random,12,2,QAOA_Ideal,3,3.286717208,-20.401522,1,0,True,-20.401522,11.78328817,50,55000,-5.124056596,0.5253206305,0.7488394936,0.0006,0.000244140625,1,0.519995568,True,1
random,12,3,SA,0,0.003441334,-22.09891398,1,-8.03820876e-16,True,-22.09891398,13.98882204,,,,,,,,,,,
random,12,3,QAOA_Ideal,1,1.594667125,-21.93370788,0.9954220985,0.007475756573,False,-22.09891398,13.98882204,28,33000,-2.691491263,0.4622155652,0.87820708,0,0.000244140625,1,0.4651400828,True,1
random,12,3,QAOA_Ideal,2,2.207310292,-21.28361629,0.9774079016,0.03689311093,False,-22.09891398,13.98882204,36,41000,-2.76919958,0.4643688817,0.8746906937,0,0.000244140625,1,0.4651400828,True,1
random,12,3,QAOA_Ideal,3,3.283232,-21.99487873,0.9971171577,0.004707708736,False,-22.09891398,13.98882204,50,55000,-2.776895575,0.4645821396,0.8743424416,0,0.000244140625,1,0.4651400828,True,1
random,12,4,SA,0,0.003513750002,-22.12533028,1,1.605722325e-16,True,-22.12533028,11.25185958,,,,,,,,,,,
random,12,4,QAOA_Ideal,1,1.611929042,-22.12533028,1,0,True,-22.12533028,11.25185958,28,33000,-5.588831658,0.5045568937,0.74740121,0.0002,0.000244140625,1,0.5044660721,True,1
random,12,4,QAOA_Ideal,2,2.157307792,-22.12533028,1,0,True,-22.12533028,11.25185958,35,40000,-5.476816425,0.5012008522,0.7524639698,0.0002,0.000244140625,1,0.5044660721,True,1
random,12,4,QAOA_Ideal,3,3.2827925,-20.45015567,0.9498107952,0.07571297673,False,-22.12533028,11.25185958,50,55000,-5.559156192,0.5036677994,0.748742454,0,0.000244140625,1,0.5044660721,True,1
fig07,12,0,SA,0,0.003670500002,-15999998.96,0.9999999962,1.535696566e-08,False,-15999999.21,48000003.26,,,,,,,,,,,
fig07,12,0,QAOA_Ideal,1,1.464708167,-15999999.21,1,0,True,-15999999.21,48000003.26,27,32000,-9869998.658,0.9042187451,0.3831250533,0.001,0.00390625,1,0.859374992,True,16
fig07,12,0,QAOA_Ideal,2,2.239928416,-15999999.21,1,0,True,-15999999.21,48000003.26,40,45000,-9257598.396,0.8946499914,0.4214000716,0.0034,0.00390625,1,0.859374992,True,16
fig07,12,0,QAOA_Ideal,3,2.863993625,-15999999.21,1,0,True,-15999999.21,48000003.26,50,55000,-9481398.43,0.8981468668,0.4074125687,0.0236,0.00390625,1,0.859374992,True,16
fig07,12,1,SA,0,0.003692290997,-15999998.63,0.9999999909,3.633089183e-08,False,-15999999.21,48000003.26,,,,,,,,,,,
fig07,12,1,QAOA_Ideal,1,1.467999167,-15999999.21,1,0,True,-15999999.21,48000003.26,27,32000,-11649398.76,0.9320218706,0.2719125416,0.0016,0.00390625,1,0.859374992,True,16
fig07,12,1,QAOA_Ideal,2,2.203440166,-15999999.21,1,0,True,-15999999.21,48000003.26,39,44000,-9405598.494,0.8969624928,0.412150065,0.001,0.00390625,1,0.859374992,True,16
fig07,12,1,QAOA_Ideal,3,2.856246792,-15999999.21,1,0,True,-15999999.21,48000003.26,50,55000,-10370798.81,0.9120437472,0.3518250421,0.0644,0.00390625,1,0.859374992,True,16
fig07,12,2,SA,0,0.003636709003,-15999998.86,0.9999999946,2.15343279e-08,False,-15999999.21,48000003.26,,,,,,,,,,,
fig07,12,2,QAOA_Ideal,1,1.631454917,-15999999.21,1,0,True,-15999999.21,48000003.26,30,35000,-6964598.344,0.858821867,0.5647125819,0.0026,0.00390625,1,0.859374992,True,16
fig07,12,2,QAOA_Ideal,2,2.448143584,-15999999.21,1,0,True,-15999999.21,48000003.26,44,49000,-13240398.92,0.9568812472,0.1724750266,0.0012,0.00390625,1,0.859374992,True,16
fig07,12,2,QAOA_Ideal,3,2.86741075,-15999999.21,1,0,True,-15999999.21,48000003.26,50,55000,-10459798.88,0.9134343733,0.3462625374,0.148,0.00390625,1,0.859374992,True,16
fig07,12,3,SA,0,0.003715125,-15999999.21,1,2.328306552e-16,True,-15999999.21,48000003.26,,,,,,,,,,,
fig07,12,3,QAOA_Ideal,1,1.51176875,-15999999.21,1,0,True,-15999999.21,48000003.26,28,33000,-11841598.91,0.9350249978,0.2599000316,0.048,0.00390625,1,0.859374992,True,16
fig07,12,3,QAOA_Ideal,2,2.217278792,-15999999.21,1,0,True,-15999999.21,48000003.26,40,45000,-7353798.533,0.8649031197,0.5403875689,0.0636,0.00390625,1,0.859374992,True,16
fig07,12,3,QAOA_Ideal,3,2.868391417,-15999999.21,1,0,True,-15999999.21,48000003.26,50,55000,-9065798.736,0.8916531218,0.4333875509,0.003,0.00390625,1,0.859374992,True,16
fig07,12,4,SA,0,0.003727583,-15999998.87,0.9999999948,2.075601297e-08,False,-15999999.21,48000003.26,,,,,,,,,,,
fig07,12,4,QAOA_Ideal,1,1.524492334,-15999999.21,1,0,True,-15999999.21,48000003.26,28,33000,-6950598.351,0.8586031171,0.5655875815,0.0032,0.00390625,1,0.859374992,True,16
fig07,12,4,QAOA_Ideal,2,2.2394865,-15999999.21,1,0,True,-15999999.21,48000003.26,40,45000,-8817998.372,0.8877812413,0.4488750744,0.018,0.00390625,1,0.859374992,True,16
fig07,12,4,QAOA_Ideal,3,2.920966916,-15999999.21,1,0,True,-15999999.21,48000003.26,50,55000,-8768998.307,0.8870156153,0.4519375787,0.0168,0.00390625,1,0.859374992,True,16
