family,n,solver,p,metric,mean,std,ci_low,ci_high,median,count
toy,4,SA,0,approx_ratio_best,1,0,1,1,1,5
toy,4,SA,0,optimality_gap_best,0,0,0,0,0,5
toy,4,SA,0,optimal_found,1,0,1,1,1,5
toy,4,SA,0,time_s,0.0427076416,0.005352079569,0.0380694168,0.0463494914,0.044174625,5
toy,4,QAOA_Ideal,1,approx_ratio_best,1,0,1,1,1,5
toy,4,QAOA_Ideal,1,approx_ratio_mean,0.8548277219,0.04302291847,0.819085897,0.8864498696,0.8715176288,5
toy,4,QAOA_Ideal,1,optimality_gap_best,0,0,0,0,0,5
toy,4,QAOA_Ideal,1,optimal_found,1,0,1,1,1,5
toy,4,QAOA_Ideal,1,success_probability,0.10988,0.0977747002,0.03576,0.18508,0.069,5
toy,4,QAOA_Ideal,1,random_success_probability,0.0625,0,0.0625,0.0625,0.0625,5
toy,4,QAOA_Ideal,1,random_approx_ratio_best,1,0,1,1,1,5
toy,4,QAOA_Ideal,1,random_approx_ratio_mean,0.7804158908,0,0.7804158908,0.7804158908,0.7804158908,5
toy,4,QAOA_Ideal,1,time_s,1.022834867,0.1183756689,0.9154770002,1.10086645,1.043973834,5
toy,4,QAOA_Noisy,1,approx_ratio_best,1,0,1,1,1,5
toy,4,QAOA_Noisy,1,approx_ratio_mean,0.8488501055,0.04411965953,0.8140331347,0.881381825,0.8778425822,5
toy,4,QAOA_Noisy,1,optimality_gap_best,0,0,0,0,0,5
toy,4,QAOA_Noisy,1,optimal_found,1,0,1,1,1,5
toy,4,QAOA_Noisy,1,success_probability,0.18044,0.157013337,0.06944,0.31096,0.182,5
toy,4,QAOA_Noisy,1,random_success_probability,0.0625,0,0.0625,0.0625,0.0625,5
toy,4,QAOA_Noisy,1,random_approx_ratio_best,1,0,1,1,1,5
toy,4,QAOA_Noisy,1,random_approx_ratio_mean,0.7804158908,0,0.7804158908,0.7804158908,0.7804158908,5
toy,4,QAOA_Noisy,1,time_s,0.4057165334,0.02415696227,0.386683975,0.4230434834,0.403272125,5
toy,4,QAOA_Ideal,2,approx_ratio_best,1,0,1,1,1,5
toy,4,QAOA_Ideal,2,approx_ratio_mean,0.8848454749,0.05536484183,0.8473379392,0.93298509,0.8770177529,5
toy,4,QAOA_Ideal,2,optimality_gap_best,0,0,0,0,0,5
toy,4,QAOA_Ideal,2,optimal_found,1,0,1,1,1,5
toy,4,QAOA_Ideal,2,success_probability,0.33592,0.2977229114,0.17844,0.60116,0.2234,5
toy,4,QAOA_Ideal,2,random_success_probability,0.0625,0,0.0625,0.0625,0.0625,5
toy,4,QAOA_Ideal,2,random_approx_ratio_best,1,0,1,1,1,5
toy,4,QAOA_Ideal,2,random_approx_ratio_mean,0.7804158908,0,0.7804158908,0.7804158908,0.7804158908,5
toy,4,QAOA_Ideal,2,time_s,1.5117923,0.06165497244,1.469864025,1.56497015,1.506830625,5
toy,4,QAOA_Noisy,2,approx_ratio_best,1,0,1,1,1,5
toy,4,QAOA_Noisy,2,approx_ratio_mean,0.8202112973,0.02959635786,0.7969053011,0.8435172936,0.8193849783,5
toy,4,QAOA_Noisy,2,optimality_gap_best,0,0,0,0,0,5
toy,4,QAOA_Noisy,2,optimal_found,1,0,1,1,1,5
toy,4,QAOA_Noisy,2,success_probability,0.1246,0.0855600374,0.07184,0.20148,0.078,5
toy,4,QAOA_Noisy,2,random_success_probability,0.0625,0,0.0625,0.0625,0.0625,5
toy,4,QAOA_Noisy,2,random_approx_ratio_best,1,0,1,1,1,5
toy,4,QAOA_Noisy,2,random_approx_ratio_mean,0.7804158908,0,0.7804158908,0.7804158908,0.7804158908,5
toy,4,QAOA_Noisy,2,time_s,0.5550187666,0.05384218242,0.5060574162,0.5839290914,0.575990166,5
toy,4,QAOA_Ideal,3,approx_ratio_best,1,0,1,1,1,5
toy,4,QAOA_Ideal,3,approx_ratio_mean,0.9069648417,0.02762244888,0.8862157542,0.9271562508,0.9020300435,5
toy,4,QAOA_Ideal,3,optimality_gap_best,0,0,0,0,0,5
toy,4,QAOA_Ideal,3,optimal_found,1,0,1,1,1,5
toy,4,QAOA_Ideal,3,success_probability,0.16024,0.1583938383,0.04,0.28048,0.076,5
toy,4,QAOA_Ideal,3,random_success_probability,0.0625,0,0.0625,0.0625,0.0625,5
toy,4,QAOA_Ideal,3,random_approx_ratio_best,1,0,1,1,1,5
toy,4,QAOA_Ideal,3,random_approx_ratio_mean,0.7804158908,0,0.7804158908,0.7804158908,0.7804158908,5
toy,4,QAOA_Ideal,3,time_s,1.815852533,0.1062701989,1.72510975,1.887782075,1.849724208,5
toy,4,QAOA_Noisy,3,approx_ratio_best,1,0,1,1,1,5
toy,4,QAOA_Noisy,3,approx_ratio_mean,0.8063714339,0.009274070809,0.7985013408,0.813282905,0.8064800745,5
toy,4,QAOA_Noisy,3,optimality_gap_best,0,0,0,0,0,5
toy,4,QAOA_Noisy,3,optimal_found,1,0,1,1,1,5
toy,4,QAOA_Noisy,3,success_probability,0.08016,0.04275287125,0.04868,0.11592,0.061,5
toy,4,QAOA_Noisy,3,random_success_probability,0.0625,0,0.0625,0.0625,0.0625,5
toy,4,QAOA_Noisy,3,random_approx_ratio_best,1,0,1,1,1,5
toy,4,QAOA_Noisy,3,random_approx_ratio_mean,0.7804158908,0,0.7804158908,0.7804158908,0.7804158908,5
toy,4,QAOA_Noisy,3,time_s,0.71132925,0.02478912701,0.6903035168,0.7291894082,0.717539625,5
toy,6,SA,0,approx_ratio_best,1,0,1,1,1,5
toy,6,SA,0,optimality_gap_best,0,0,0,0,0,5
toy,6,SA,0,optimal_found,1,0,1,1,1,5
toy,6,SA,0,time_s,0.0728892334,0.002706851668,0.0711543834,0.0752590998,0.072326833,5
toy,6,QAOA_Ideal,1,approx_ratio_best,1,0,1,1,1,5
toy,6,QAOA_Ideal,1,approx_ratio_mean,0.8978465672,0.04284843823,0.8656471697,0.9300459646,0.8879073798,5
toy,6,QAOA_Ideal,1,optimality_gap_best,0,0,0,0,0,5
toy,6,QAOA_Ideal,1,optimal_found,1,0,1,1,1,5
toy,6,QAOA_Ideal,1,success_probability,0.01636,0.01262806398,0.00648,0.02616,0.0178,5
toy,6,QAOA_Ideal,1,random_success_probability,0.015625,0,0.015625,0.015625,0.015625,5
toy,6,QAOA_Ideal,1,random_approx_ratio_best,1,0,1,1,1,5
toy,6,QAOA_Ideal,1,random_approx_ratio_mean,0.8325041459,1.241267077e-16,0.8325041459,0.8325041459,0.8325041459,5
toy,6,QAOA_Ideal,1,time_s,1.247754325,0.08323205143,1.17667885,1.30838035,1.290537,5
toy,6,QAOA_Noisy,1,approx_ratio_best,1,0,1,1,1,5
toy,6,QAOA_Noisy,1,approx_ratio_mean,0.8512769486,0.03233164246,0.8295605086,0.8778392869,0.8387918187,5
toy,6,QAOA_Noisy,1,optimality_gap_best,0,0,0,0,0,5
toy,6,QAOA_Noisy,1,optimal_found,1,0,1,1,1,5
toy,6,QAOA_Noisy,1,success_probability,0.01516,0.005446833943,0.01124,0.01944,0.0152,5
toy,6,QAOA_Noisy,1,random_success_probability,0.015625,0,0.015625,0.015625,0.015625,5
toy,6,QAOA_Noisy,1,random_approx_ratio_best,1,0,1,1,1,5
toy,6,QAOA_Noisy,1,random_approx_ratio_mean,0.8325041459,1.241267077e-16,0.8325041459,0.8325041459,0.8325041459,5
toy,6,QAOA_Noisy,1,time_s,0.5323636918,0.02773717119,0.5115608416,0.554741917,0.528811042,5
toy,6,QAOA_Ideal,2,approx_ratio_best,1,0,1,1,1,5
toy,6,QAOA_Ideal,2,approx_ratio_mean,0.8684857767,0.02538370406,0.8483354726,0.8886360807,0.8692014096,5
toy,6,QAOA_Ideal,2,optimality_gap_best,0,0,0,0,0,5
toy,6,QAOA_Ideal,2,optimal_found,1,0,1,1,1,5
toy,6,QAOA_Ideal,2,success_probability,0.0412,0.04130932098,0.01548,0.07652,0.0238,5
toy,6,QAOA_Ideal,2,random_success_probability,0.015625,0,0.015625,0.015625,0.015625,5
toy,6,QAOA_Ideal,2,random_approx_ratio_best,1,0,1,1,1,5
toy,6,QAOA_Ideal,2,random_approx_ratio_mean,0.8325041459,1.241267077e-16,0.8325041459,0.8325041459,0.8325041459,5
toy,6,QAOA_Ideal,2,time_s,1.630137992,0.1340051695,1.526419233,1.731443283,1.656056584,5
toy,6,QAOA_Noisy,2,approx_ratio_best,1,0,1,1,1,5
toy,6,QAOA_Noisy,2,approx_ratio_mean,0.8635793367,0.01854798624,0.8468713488,0.8764261028,0.8678613322,5
toy,6,QAOA_Noisy,2,optimality_gap_best,0,0,0,0,0,5
toy,6,QAOA_Noisy,2,optimal_found,1,0,1,1,1,5
toy,6,QAOA_Noisy,2,success_probability,0.02672,0.01320878496,0.01552,0.03644,0.0334,5
toy,6,QAOA_Noisy,2,random_success_probability,0.015625,0,0.015625,0.015625,0.015625,5
toy,6,QAOA_Noisy,2,random_approx_ratio_best,1,0,1,1,1,5
toy,6,QAOA_Noisy,2,random_approx_ratio_mean,0.8325041459,1.241267077e-16,0.8325041459,0.8325041459,0.8325041459,5
toy,6,QAOA_Noisy,2,time_s,0.8120564336,0.07409463945,0.7535301834,0.8676864668,0.821532584,5
toy,6,QAOA_Ideal,3,approx_ratio_best,1,0,1,1,1,5
toy,6,QAOA_Ideal,3,approx_ratio_mean,0.91323089,0.02646804702,0.8907686291,0.929919613,0.9153117192,5
toy,6,QAOA_Ideal,3,optimality_gap_best,0,0,0,0,0,5
toy,6,QAOA_Ideal,3,optimal_found,1,0,1,1,1,5
toy,6,QAOA_Ideal,3,success_probability,0.10008,0.1046493765,0.03132,0.19208,0.078,5
toy,6,QAOA_Ideal,3,random_success_probability,0.015625,0,0.015625,0.015625,0.015625,5
toy,6,QAOA_Ideal,3,random_approx_ratio_best,1,0,1,1,1,5
toy,6,QAOA_Ideal,3,random_approx_ratio_mean,0.8325041459,1.241267077e-16,0.8325041459,0.8325041459,0.8325041459,5
toy,6,QAOA_Ideal,3,time_s,2.113285775,0.1013508382,2.043166592,2.203397175,2.059303625,5
toy,6,QAOA_Noisy,3,approx_ratio_best,1,0,1,1,1,5
toy,6,QAOA_Noisy,3,approx_ratio_mean,0.839142073,0.004771642813,0.8352896517,0.8427999226,0.8390091763,5
toy,6,QAOA_Noisy,3,optimality_gap_best,0,0,0,0,0,5
toy,6,QAOA_Noisy,3,optimal_found,1,0,1,1,1,5
toy,6,QAOA_Noisy,3,success_probability,0.01744,0.004528575935,0.01476,0.02148,0.0166,5
toy,6,QAOA_Noisy,3,random_success_probability,0.015625,0,0.015625,0.015625,0.015625,5
toy,6,QAOA_Noisy,3,random_approx_ratio_best,1,0,1,1,1,5
toy,6,QAOA_Noisy,3,random_approx_ratio_mean,0.8325041459,1.241267077e-16,0.8325041459,0.8325041459,0.8325041459,5
toy,6,QAOA_Noisy,3,time_s,1.155938017,0.05997959069,1.1140253,1.208549109,1.127483167,5
toy,8,SA,0,approx_ratio_best,1,0,1,1,1,5
toy,8,SA,0,optimality_gap_best,0,0,0,0,0,5
toy,8,SA,0,optimal_found,1,0,1,1,1,5
toy,8,SA,0,time_s,0.1156244666,0.007036219728,0.109211575,0.1202462334,0.1170815,5
toy,8,QAOA_Ideal,1,approx_ratio_best,1,0,1,1,1,5
toy,8,QAOA_Ideal,1,approx_ratio_mean,0.898352366,0.03903413204,0.8725742815,0.931917862,0.8862363651,5
toy,8,QAOA_Ideal,1,optimality_gap_best,0,0,0,0,0,5
toy,8,QAOA_Ideal,1,optimal_found,1,0,1,1,1,5
toy,8,QAOA_Ideal,1,success_probability,0.00604,0.005940370359,0.00176,0.01124,0.0032,5
toy,8,QAOA_Ideal,1,random_success_probability,0.00390625,0,0.00390625,0.00390625,0.00390625,5
toy,8,QAOA_Ideal,1,random_approx_ratio_best,1,0,1,1,1,5
toy,8,QAOA_Ideal,1,random_approx_ratio_mean,0.8585544231,0,0.8585544231,0.8585544231,0.8585544231,5
toy,8,QAOA_Ideal,1,time_s,1.54449855,0.09645955027,1.460509633,1.607461492,1.573286958,5
toy,8,QAOA_Noisy,1,approx_ratio_best,1,0,1,1,1,5
toy,8,QAOA_Noisy,1,approx_ratio_mean,0.8647807547,0.01208377006,0.8567219949,0.8747677958,0.8613226017,5
toy,8,QAOA_Noisy,1,optimality_gap_best,0,0,0,0,0,5
toy,8,QAOA_Noisy,1,optimal_found,1,0,1,1,1,5
toy,8,QAOA_Noisy,1,success_probability,0.00372,0.001073312629,0.00284,0.00452,0.0042,5
toy,8,QAOA_Noisy,1,random_success_probability,0.00390625,0,0.00390625,0.00390625,0.00390625,5
toy,8,QAOA_Noisy,1,random_approx_ratio_best,1,0,1,1,1,5
toy,8,QAOA_Noisy,1,random_approx_ratio_mean,0.8585544231,0,0.8585544231,0.8585544231,0.8585544231,5
toy,8,QAOA_Noisy,1,time_s,0.9623268248,0.1207248867,0.8716626664,1.052990983,0.9079065,5
toy,8,QAOA_Ideal,2,approx_ratio_best,1,0,1,1,1,5
toy,8,QAOA_Ideal,2,approx_ratio_mean,0.8965890796,0.03628512024,0.8703667564,0.925909702,0.8934228274,5
toy,8,QAOA_Ideal,2,optimality_gap_best,0,0,0,0,0,5
toy,8,QAOA_Ideal,2,optimal_found,1,0,1,1,1,5
toy,8,QAOA_Ideal,2,success_probability,0.00428,0.006920404612,0.00076,0.01056,0.0016,5
toy,8,QAOA_Ideal,2,random_success_probability,0.00390625,0,0.00390625,0.00390625,0.00390625,5
toy,8,QAOA_Ideal,2,random_approx_ratio_best,1,0,1,1,1,5
toy,8,QAOA_Ideal,2,random_approx_ratio_mean,0.8585544231,0,0.8585544231,0.8585544231,0.8585544231,5
toy,8,QAOA_Ideal,2,time_s,2.142206925,0.1350798296,2.018839684,2.219278775,2.211212458,5
toy,8,QAOA_Noisy,2,approx_ratio_best,1,0,1,1,1,5
toy,8,QAOA_Noisy,2,approx_ratio_mean,0.8654495075,0.01259679876,0.8565537415,0.8756658772,0.862723053,5
toy,8,QAOA_Noisy,2,optimality_gap_best,0,0,0,0,0,5
toy,8,QAOA_Noisy,2,optimal_found,1,0,1,1,1,5
toy,8,QAOA_Noisy,2,success_probability,0.004,0.001529705854,0.00288,0.00524,0.004,5
toy,8,QAOA_Noisy,2,random_success_probability,0.00390625,0,0.00390625,0.00390625,0.00390625,5
toy,8,QAOA_Noisy,2,random_approx_ratio_best,1,0,1,1,1,5
toy,8,QAOA_Noisy,2,random_approx_ratio_mean,0.8585544231,0,0.8585544231,0.8585544231,0.8585544231,5
toy,8,QAOA_Noisy,2,time_s,1.863339725,0.1809388525,1.730307608,2.01612775,1.781477708,5
toy,8,QAOA_Ideal,3,approx_ratio_best,1,0,1,1,1,5
toy,8,QAOA_Ideal,3,approx_ratio_mean,0.9105139594,0.02375449084,0.8925320999,0.9287121357,0.9091573485,5
toy,8,QAOA_Ideal,3,optimality_gap_best,0,0,0,0,0,5
toy,8,QAOA_Ideal,3,optimal_found,1,0,1,1,1,5
toy,8,QAOA_Ideal,3,success_probability,0.00576,0.004375842776,0.00244,0.00908,0.0062,5
toy,8,QAOA_Ideal,3,random_success_probability,0.00390625,0,0.00390625,0.00390625,0.00390625,5
toy,8,QAOA_Ideal,3,random_approx_ratio_best,1,0,1,1,1,5
toy,8,QAOA_Ideal,3,random_approx_ratio_mean,0.8585544231,0,0.8585544231,0.8585544231,0.8585544231,5
toy,8,QAOA_Ideal,3,time_s,2.749860775,0.1584396951,2.6293824,2.876431991,2.692547666,5
toy,8,QAOA_Noisy,3,approx_ratio_best,1,0,1,1,1,5
toy,8,QAOA_Noisy,3,approx_ratio_mean,0.8606972287,0.002962534863,0.8584666553,0.8629905112,0.8611484478,5
toy,8,QAOA_Noisy,3,optimality_gap_best,0,0,0,0,0,5
toy,8,QAOA_Noisy,3,optimal_found,1,0,1,1,1,5
toy,8,QAOA_Noisy,3,success_probability,0.0036,0.000316227766,0.00336,0.00384,0.0036,5
toy,8,QAOA_Noisy,3,random_success_probability,0.00390625,0,0.00390625,0.00390625,0.00390625,5
toy,8,QAOA_Noisy,3,random_approx_ratio_best,1,0,1,1,1,5
toy,8,QAOA_Noisy,3,random_approx_ratio_mean,0.8585544231,0,0.8585544231,0.8585544231,0.8585544231,5
toy,8,QAOA_Noisy,3,time_s,3.117824258,0.1606899057,2.994436875,3.2463727,3.111189917,5
toy,10,SA,0,approx_ratio_best,1,0,1,1,1,5
toy,10,SA,0,optimality_gap_best,0,0,0,0,0,5
toy,10,SA,0,optimal_found,1,0,1,1,1,5
toy,10,SA,0,time_s,0.1618008166,0.002242675487,0.1599501248,0.1634760834,0.162926833,5
toy,10,QAOA_Ideal,1,approx_ratio_best,1,0,1,1,1,5
toy,10,QAOA_Ideal,1,approx_ratio_mean,0.9138432501,0.02562100756,0.8921142769,0.9326185901,0.9281062123,5
toy,10,QAOA_Ideal,1,optimality_gap_best,0,0,0,0,0,5
toy,10,QAOA_Ideal,1,optimal_found,1,0,1,1,1,5
toy,10,QAOA_Ideal,1,success_probability,0.00048,0.0003346640106,0.00024,0.00076,0.0004,5
toy,10,QAOA_Ideal,1,random_success_probability,0.0009765625,0,0.0009765625,0.0009765625,0.0009765625,5
toy,10,QAOA_Ideal,1,random_approx_ratio_best,1,0,1,1,1,5
toy,10,QAOA_Ideal,1,random_approx_ratio_mean,0.8741842276,0,0.8741842276,0.8741842276,0.8741842276,5
toy,10,QAOA_Ideal,1,time_s,1.781514333,0.2084934589,1.618425633,1.941938833,1.818933,5
toy,10,QAOA_Noisy,1,approx_ratio_best,1,0,1,1,1,5
toy,10,QAOA_Noisy,1,approx_ratio_mean,0.9051119554,0.0245577388,0.8869255717,0.9244615135,0.8892974941,5
toy,10,QAOA_Noisy,1,optimality_gap_best,0,0,0,0,0,5
toy,10,QAOA_Noisy,1,optimal_found,1,0,1,1,1,5
toy,10,QAOA_Noisy,1,success_probability,0.00092,0.0005761944116,0.00048,0.00136,0.0008,5
toy,10,QAOA_Noisy,1,random_success_probability,0.0009765625,0,0.0009765625,0.0009765625,0.0009765625,5
toy,10,QAOA_Noisy,1,random_approx_ratio_best,1,0,1,1,1,5
toy,10,QAOA_Noisy,1,random_approx_ratio_mean,0.8741842276,0,0.8741842276,0.8741842276,0.8741842276,5
toy,10,QAOA_Noisy,1,time_s,4.025210883,0.286274701,3.80575265,4.244669117,4.0762725,5
toy,10,QAOA_Ideal,2,approx_ratio_best,1,0,1,1,1,5
toy,10,QAOA_Ideal,2,approx_ratio_mean,0.8864645863,0.03518954328,0.8563282937,0.9145742739,0.8867096797,5
toy,10,QAOA_Ideal,2,optimality_gap_best,0,0,0,0,0,5
toy,10,QAOA_Ideal,2,optimal_found,1,0,1,1,1,5
toy,10,QAOA_Ideal,2,success_probability,0.00076,0.0004335896678,0.0004,0.00108,0.001,5
toy,10,QAOA_Ideal,2,random_success_probability,0.0009765625,0,0.0009765625,0.0009765625,0.0009765625,5
toy,10,QAOA_Ideal,2,random_approx_ratio_best,1,0,1,1,1,5
toy,10,QAOA_Ideal,2,random_approx_ratio_mean,0.8741842276,0,0.8741842276,0.8741842276,0.8741842276,5
toy,10,QAOA_Ideal,2,time_s,2.313328983,0.1507754939,2.200244725,2.434502267,2.245943625,5
toy,10,QAOA_Noisy,2,approx_ratio_best,1,0,1,1,1,5
toy,10,QAOA_Noisy,2,approx_ratio_mean,0.8785195217,0.005709737968,0.8746876521,0.8834711802,0.8776196682,5
toy,10,QAOA_Noisy,2,optimality_gap_best,0,0,0,0,0,5
toy,10,QAOA_Noisy,2,optimal_found,1,0,1,1,1,5
toy,10,QAOA_Noisy,2,success_probability,0.00088,0.0003033150178,0.00068,0.00116,0.0008,5
toy,10,QAOA_Noisy,2,random_success_probability,0.0009765625,0,0.0009765625,0.0009765625,0.0009765625,5
toy,10,QAOA_Noisy,2,random_approx_ratio_best,1,0,1,1,1,5
toy,10,QAOA_Noisy,2,random_approx_ratio_mean,0.8741842276,0,0.8741842276,0.8741842276,0.8741842276,5
toy,10,QAOA_Noisy,2,time_s,7.052462583,0.2601267235,6.838410575,7.261539575,7.073083875,5
toy,10,QAOA_Ideal,3,approx_ratio_best,1,0,1,1,1,5
toy,10,QAOA_Ideal,3,approx_ratio_mean,0.9255858158,0.02304800175,0.9077603308,0.9434113008,0.9256449559,5
toy,10,QAOA_Ideal,3,optimality_gap_best,0,0,0,0,0,5
toy,10,QAOA_Ideal,3,optimal_found,1,0,1,1,1,5
toy,10,QAOA_Ideal,3,success_probability,0.0036,0.002767670501,0.00152,0.00572,0.0022,5
toy,10,QAOA_Ideal,3,random_success_probability,0.0009765625,0,0.0009765625,0.0009765625,0.0009765625,5
toy,10,QAOA_Ideal,3,random_approx_ratio_best,1,0,1,1,1,5
toy,10,QAOA_Ideal,3,random_approx_ratio_mean,0.8741842276,0,0.8741842276,0.8741842276,0.8741842276,5
toy,10,QAOA_Ideal,3,time_s,3.255450292,0.03608692496,3.22875785,3.285471375,3.248616,5
toy,10,QAOA_Noisy,3,approx_ratio_best,1,0,1,1,1,5
toy,10,QAOA_Noisy,3,approx_ratio_mean,0.8762796931,0.001536857879,0.8751240931,0.8775443053,0.8758155333,5
toy,10,QAOA_Noisy,3,optimality_gap_best,0,0,0,0,0,5
toy,10,QAOA_Noisy,3,optimal_found,1,0,1,1,1,5
toy,10,QAOA_Noisy,3,success_probability,0.00108,0.0003346640106,0.00084,0.00136,0.001,5
toy,10,QAOA_Noisy,3,random_success_probability,0.0009765625,0,0.0009765625,0.0009765625,0.0009765625,5
toy,10,QAOA_Noisy,3,random_approx_ratio_best,1,0,1,1,1,5
toy,10,QAOA_Noisy,3,random_approx_ratio_mean,0.8741842276,0,0.8741842276,0.8741842276,0.8741842276,5
toy,10,QAOA_Noisy,3,time_s,10.96925021,0.1805693443,10.86778224,11.13073173,10.91739721,5
toy,12,SA,0,approx_ratio_best,1,0,1,1,1,5
toy,12,SA,0,optimality_gap_best,0,0,0,0,0,5
toy,12,SA,0,optimal_found,1,0,1,1,1,5
toy,12,SA,0,time_s,0.1923003586,0.003589785343,0.189535892,0.1950821504,0.191650042,5
toy,12,QAOA_Ideal,1,approx_ratio_best,0.9999723135,4.512339439e-05,0.9999307839,1,1,5
toy,12,QAOA_Ideal,1,approx_ratio_mean,0.9054908932,0.02501340745,0.8875502585,0.9270930514,0.897259249,5
toy,12,QAOA_Ideal,1,optimality_gap_best,0.0001115448968,0.0001817959399,0,0.0002788622421,0,5
toy,12,QAOA_Ideal,1,optimal_found,0.6,0.5477225575,0.2,1,1,5
toy,12,QAOA_Ideal,1,success_probability,0.00028,0.0003346640106,4e-05,0.00056,0.0002,5
toy,12,QAOA_Ideal,1,random_success_probability,0.000244140625,0,0.000244140625,0.000244140625,0.000244140625,5
toy,12,QAOA_Ideal,1,random_approx_ratio_best,1,0,1,1,1,5
toy,12,QAOA_Ideal,1,random_approx_ratio_mean,0.8846340197,0,0.8846340197,0.8846340197,0.8846340197,5
toy,12,QAOA_Ideal,1,time_s,1.837600317,0.1191738034,1.743812567,1.931388067,1.858865333,5
toy,12,QAOA_Ideal,2,approx_ratio_best,1,0,1,1,1,5
toy,12,QAOA_Ideal,2,approx_ratio_mean,0.9175077584,0.01596012516,0.9052260889,0.930090345,0.9193652466,5
toy,12,QAOA_Ideal,2,optimality_gap_best,0,0,0,0,0,5
toy,12,QAOA_Ideal,2,optimal_found,1,0,1,1,1,5
toy,12,QAOA_Ideal,2,success_probability,0.00052,0.0002683281573,0.00032,0.00072,0.0004,5
toy,12,QAOA_Ideal,2,random_success_probability,0.000244140625,0,0.000244140625,0.000244140625,0.000244140625,5
toy,12,QAOA_Ideal,2,random_approx_ratio_best,1,0,1,1,1,5
toy,12,QAOA_Ideal,2,random_approx_ratio_mean,0.8846340197,0,0.8846340197,0.8846340197,0.8846340197,5
toy,12,QAOA_Ideal,2,time_s,2.768197992,0.2007086893,2.610583733,2.92581225,2.77571175,5
toy,12,QAOA_Ideal,3,approx_ratio_best,0.9999653919,4.894319302e-05,0.9999238623,1,1,5
toy,12,QAOA_Ideal,3,approx_ratio_mean,0.901853284,0.01582315293,0.8890586953,0.914057059,0.9006033916,5
toy,12,QAOA_Ideal,3,optimality_gap_best,0.000139431121,0.0001971853824,0,0.0003067484663,0,5
toy,12,QAOA_Ideal,3,optimal_found,0.6,0.5477225575,0.2,1,1,5
toy,12,QAOA_Ideal,3,success_probability,0.00116,0.001951409747,8e-05,0.00292,0.0004,5
toy,12,QAOA_Ideal,3,random_success_probability,0.000244140625,0,0.000244140625,0.000244140625,0.000244140625,5
toy,12,QAOA_Ideal,3,random_approx_ratio_best,1,0,1,1,1,5
toy,12,QAOA_Ideal,3,random_approx_ratio_mean,0.8846340197,0,0.8846340197,0.8846340197,0.8846340197,5
toy,12,QAOA_Ideal,3,time_s,3.766096042,0.07449482716,3.708224317,3.822841583,3.758517208,5
random,4,SA,0,approx_ratio_best,1,0,1,1,1,5
random,4,SA,0,optimality_gap_best,0,0,0,0,0,5
random,4,SA,0,optimal_found,1,0,1,1,1,5
random,4,SA,0,time_s,0.0529382916,0.003622651083,0.0502507414,0.0557685252,0.050609625,5
random,4,QAOA_Ideal,1,approx_ratio_best,1,0,1,1,1,5
random,4,QAOA_Ideal,1,approx_ratio_mean,0.5294518348,0.07753968704,0.4661301343,0.5898844572,0.5265355055,5
random,4,QAOA_Ideal,1,optimality_gap_best,0,0,0,0,0,5
random,4,QAOA_Ideal,1,optimal_found,1,0,1,1,1,5
random,4,QAOA_Ideal,1,success_probability,0.12632,0.03826580719,0.0958,0.15684,0.1214,5
random,4,QAOA_Ideal,1,random_success_probability,0.0625,0,0.0625,0.0625,0.0625,5
random,4,QAOA_Ideal,1,random_approx_ratio_best,1,0,1,1,1,5
random,4,QAOA_Ideal,1,random_approx_ratio_mean,0.4611235993,0.08601981627,0.3984659877,0.5317011896,0.4416336275,5
random,4,QAOA_Ideal,1,time_s,1.648641742,0.1279321837,1.558508758,1.76177525,1.586167209,5
random,4,QAOA_Noisy,1,approx_ratio_best,1,0,1,1,1,5
random,4,QAOA_Noisy,1,approx_ratio_mean,0.4955851389,0.07908183709,0.4335817807,0.5581645405,0.4950400937,5
random,4,QAOA_Noisy,1,optimality_gap_best,0,0,0,0,0,5
random,4,QAOA_Noisy,1,optimal_found,1,0,1,1,1,5
random,4,QAOA_Noisy,1,success_probability,0.0912,0.02146019571,0.07436,0.10804,0.0958,5
random,4,QAOA_Noisy,1,random_success_probability,0.0625,0,0.0625,0.0625,0.0625,5
random,4,QAOA_Noisy,1,random_approx_ratio_best,1,0,1,1,1,5
random,4,QAOA_Noisy,1,random_approx_ratio_mean,0.4611235993,0.08601981627,0.3984659877,0.5317011896,0.4416336275,5
random,4,QAOA_Noisy,1,time_s,0.672087575,0.0251274463,0.6530315666,0.6911435834,0.678916333,5
random,4,QAOA_Ideal,2,approx_ratio_best,1,0,1,1,1,5
random,4,QAOA_Ideal,2,approx_ratio_mean,0.6065935063,0.1193657681,0.5216165942,0.6976111053,0.623157771,5
random,4,QAOA_Ideal,2,optimality_gap_best,0,0,0,0,0,5
random,4,QAOA_Ideal,2,optimal_found,1,0,1,1,1,5
random,4,QAOA_Ideal,2,success_probability,0.16912,0.1254407111,0.09096,0.2828,0.1316,5
random,4,QAOA_Ideal,2,random_success_probability,0.0625,0,0.0625,0.0625,0.0625,5
random,4,QAOA_Ideal,2,random_approx_ratio_best,1,0,1,1,1,5
random,4,QAOA_Ideal,2,random_approx_ratio_mean,0.4611235993,0.08601981627,0.3984659877,0.5317011896,0.4416336275,5
random,4,QAOA_Ideal,2,time_s,2.366185858,0.2766246121,2.15357565,2.561625417,2.450217,5
random,4,QAOA_Noisy,2,approx_ratio_best,1,0,1,1,1,5
random,4,QAOA_Noisy,2,approx_ratio_mean,0.476586204,0.0906319522,0.409822032,0.5511031882,0.4668250342,5
random,4,QAOA_Noisy,2,optimality_gap_best,0,0,0,0,0,5
random,4,QAOA_Noisy,2,optimal_found,1,0,1,1,1,5
random,4,QAOA_Noisy,2,success_probability,0.06948,0.01406243222,0.06008,0.081,0.0664,5
random,4,QAOA_Noisy,2,random_success_probability,0.0625,0,0.0625,0.0625,0.0625,5
random,4,QAOA_Noisy,2,random_approx_ratio_best,1,0,1,1,1,5
random,4,QAOA_Noisy,2,random_approx_ratio_mean,0.4611235993,0.08601981627,0.3984659877,0.5317011896,0.4416336275,5
random,4,QAOA_Noisy,2,time_s,0.8061609168,0.0309605003,0.7822984004,0.8323734538,0.804497,5
random,4,QAOA_Ideal,3,approx_ratio_best,1,0,1,1,1,5
random,4,QAOA_Ideal,3,approx_ratio_mean,0.5795928696,0.103170913,0.5150628733,0.6698092192,0.5437265376,5
random,4,QAOA_Ideal,3,optimality_gap_best,0,0,0,0,0,5
random,4,QAOA_Ideal,3,optimal_found,1,0,1,1,1,5
random,4,QAOA_Ideal,3,success_probability,0.183,0.1215606844,0.09788,0.28296,0.1478,5
random,4,QAOA_Ideal,3,random_success_probability,0.0625,0,0.0625,0.0625,0.0625,5
random,4,QAOA_Ideal,3,random_approx_ratio_best,1,0,1,1,1,5
random,4,QAOA_Ideal,3,random_approx_ratio_mean,0.4611235993,0.08601981627,0.3984659877,0.5317011896,0.4416336275,5
random,4,QAOA_Ideal,3,time_s,2.8402635,0.05171709756,2.8007825,2.88116285,2.842298375,5
random,4,QAOA_Noisy,3,approx_ratio_best,1,0,1,1,1,5
random,4,QAOA_Noisy,3,approx_ratio_mean,0.4784597429,0.09920478902,0.4062251872,0.5604367023,0.4594158535,5
random,4,QAOA_Noisy,3,optimality_gap_best,0,0,0,0,0,5
random,4,QAOA_Noisy,3,optimal_found,1,0,1,1,1,5
random,4,QAOA_Noisy,3,success_probability,0.073,0.006846897107,0.067,0.07796,0.0742,5
random,4,QAOA_Noisy,3,random_success_probability,0.0625,0,0.0625,0.0625,0.0625,5
random,4,QAOA_Noisy,3,random_approx_ratio_best,1,0,1,1,1,5
random,4,QAOA_Noisy,3,random_approx_ratio_mean,0.4611235993,0.08601981627,0.3984659877,0.5317011896,0.4416336275,5
random,4,QAOA_Noisy,3,time_s,1.117356825,0.0141726222,1.10641275,1.128300899,1.117139333,5
random,6,SA,0,approx_ratio_best,1,0,1,1,1,5
random,6,SA,0,optimality_gap_best,0,0,0,0,0,5
random,6,SA,0,optimal_found,1,0,1,1,1,5
random,6,SA,0,time_s,0.078680025,0.003989632183,0.0754450414,0.0815739668,0.08084800001,5
random,6,QAOA_Ideal,1,approx_ratio_best,1,0,1,1,1,5
random,6,QAOA_Ideal,1,approx_ratio_mean,0.6254391378,0.09171300276,0.5574197868,0.7063261494,0.6172710592,5
random,6,QAOA_Ideal,1,optimality_gap_best,0,0,0,0,0,5
random,6,QAOA_Ideal,1,optimal_found,1,0,1,1,1,5
random,6,QAOA_Ideal,1,success_probability,0.09488,0.1690244716,0.01032,0.24756,0.0282,5
random,6,QAOA_Ideal,1,random_success_probability,0.015625,0,0.015625,0.015625,0.015625,5
random,6,QAOA_Ideal,1,random_approx_ratio_best,1,0,1,1,1,5
random,6,QAOA_Ideal,1,random_approx_ratio_mean,0.5018141991,0.06739954984,0.4498206867,0.5538077114,0.5294115438,5
random,6,QAOA_Ideal,1,time_s,1.902367975,0.2387480045,1.740421458,2.093254333,1.838119708,5
random,6,QAOA_Noisy,1,approx_ratio_best,1,0,1,1,1,5
random,6,QAOA_Noisy,1,approx_ratio_mean,0.5600978926,0.04955481538,0.5151524208,0.5881084083,0.5767716999,5
random,6,QAOA_Noisy,1,optimality_gap_best,0,0,0,0,0,5
random,6,QAOA_Noisy,1,optimal_found,1,0,1,1,1,5
random,6,QAOA_Noisy,1,success_probability,0.03996,0.04751892255,0.016959,0.0824,0.0216,5
random,6,QAOA_Noisy,1,random_success_probability,0.015625,0,0.015625,0.015625,0.015625,5
random,6,QAOA_Noisy,1,random_approx_ratio_best,1,0,1,1,1,5
random,6,QAOA_Noisy,1,random_approx_ratio_mean,0.5018141991,0.06739954984,0.4498206867,0.5538077114,0.5294115438,5
random,6,QAOA_Noisy,1,time_s,0.810619175,0.03768431709,0.7813721748,0.8398661752,0.806203708,5
random,6,QAOA_Ideal,2,approx_ratio_best,1,0,1,1,1,5
random,6,QAOA_Ideal,2,approx_ratio_mean,0.560593399,0.06566265781,0.5049941768,0.6088848829,0.5952382648,5
random,6,QAOA_Ideal,2,optimality_gap_best,0,0,0,0,0,5
random,6,QAOA_Ideal,2,optimal_found,1,0,1,1,1,5
random,6,QAOA_Ideal,2,success_probability,0.01436,0.007708955831,0.00912,0.02056,0.0118,5
random,6,QAOA_Ideal,2,random_success_probability,0.015625,0,0.015625,0.015625,0.015625,5
random,6,QAOA_Ideal,2,random_approx_ratio_best,1,0,1,1,1,5
random,6,QAOA_Ideal,2,random_approx_ratio_mean,0.5018141991,0.06739954984,0.4498206867,0.5538077114,0.5294115438,5
random,6,QAOA_Ideal,2,time_s,2.387295567,0.1977204254,2.238900317,2.545672658,2.290485167,5
random,6,QAOA_Noisy,2,approx_ratio_best,1,0,1,1,1,5
random,6,QAOA_Noisy,2,approx_ratio_mean,0.5090547231,0.06933317308,0.4554250939,0.5626843523,0.5393819092,5
random,6,QAOA_Noisy,2,optimality_gap_best,0,0,0,0,0,5
random,6,QAOA_Noisy,2,optimal_found,1,0,1,1,1,5
random,6,QAOA_Noisy,2,success_probability,0.01652,0.001814386949,0.015,0.01784,0.0168,5
random,6,QAOA_Noisy,2,random_success_probability,0.015625,0,0.015625,0.015625,0.015625,5
random,6,QAOA_Noisy,2,random_approx_ratio_best,1,0,1,1,1,5
random,6,QAOA_Noisy,2,random_approx_ratio_mean,0.5018141991,0.06739954984,0.4498206867,0.5538077114,0.5294115438,5
random,6,QAOA_Noisy,2,time_s,1.130092525,0.1000727817,1.056844641,1.209573166,1.088958375,5
random,6,QAOA_Ideal,3,approx_ratio_best,1,0,1,1,1,5
random,6,QAOA_Ideal,3,approx_ratio_mean,0.556181871,0.060899079,0.5098025935,0.6025611485,0.5669427111,5
random,6,QAOA_Ideal,3,optimality_gap_best,0,0,0,0,0,5
random,6,QAOA_Ideal,3,optimal_found,1,0,1,1,1,5
random,6,QAOA_Ideal,3,success_probability,0.03136,0.03643333638,0.00868,0.06412,0.0194,5
random,6,QAOA_Ideal,3,random_success_probability,0.015625,0,0.015625,0.015625,0.015625,5
random,6,QAOA_Ideal,3,random_approx_ratio_best,1,0,1,1,1,5
random,6,QAOA_Ideal,3,random_approx_ratio_mean,0.5018141991,0.06739954984,0.4498206867,0.5538077114,0.5294115438,5
random,6,QAOA_Ideal,3,time_s,3.046396408,0.008913208333,3.039850266,3.053866083,3.04122375,5
random,6,QAOA_Noisy,3,approx_ratio_best,1,0,1,1,1,5
random,6,QAOA_Noisy,3,approx_ratio_mean,0.5032296271,0.06919327447,0.4501075665,0.5563516878,0.5340788397,5
random,6,QAOA_Noisy,3,optimality_gap_best,0,0,0,0,0,5
random,6,QAOA_Noisy,3,optimal_found,1,0,1,1,1,5
random,6,QAOA_Noisy,3,success_probability,0.01584,0.002070748657,0.0146,0.01764,0.015,5
random,6,QAOA_Noisy,3,random_success_probability,0.015625,0,0.015625,0.015625,0.015625,5
random,6,QAOA_Noisy,3,random_approx_ratio_best,1,0,1,1,1,5
random,6,QAOA_Noisy,3,random_approx_ratio_mean,0.5018141991,0.06739954984,0.4498206867,0.5538077114,0.5294115438,5
random,6,QAOA_Noisy,3,time_s,1.671688208,0.006379955992,1.666635708,1.676740708,1.672817125,5
random,8,SA,0,approx_ratio_best,1,0,1,1,1,5
random,8,SA,0,optimality_gap_best,0,0,0,0,0,5
random,8,SA,0,optimal_found,1,0,1,1,1,5
random,8,SA,0,time_s,0.0957156166,0.006262791695,0.090917175,0.1003983414,0.094756083,5
random,8,QAOA_Ideal,1,approx_ratio_best,1,0,1,1,1,5
random,8,QAOA_Ideal,1,approx_ratio_mean,0.4650789274,0.1028882723,0.3866342175,0.5435236372,0.4218096584,5
random,8,QAOA_Ideal,1,optimality_gap_best,0,0,0,0,0,5
random,8,QAOA_Ideal,1,optimal_found,1,0,1,1,1,5
random,8,QAOA_Ideal,1,success_probability,0.0042,0.004580392996,0.00084,0.008,0.0014,5
random,8,QAOA_Ideal,1,random_success_probability,0.00390625,0,0.00390625,0.00390625,0.00390625,5
random,8,QAOA_Ideal,1,random_approx_ratio_best,1,1.110223025e-16,1,1,1,5
random,8,QAOA_Ideal,1,random_approx_ratio_mean,0.4503305091,0.1075813405,0.3661701812,0.534490837,0.4183275361,5
random,8,QAOA_Ideal,1,time_s,1.853998075,0.2336857242,1.678589858,2.029406292,1.786279959,5
random,8,QAOA_Noisy,1,approx_ratio_best,1,0,1,1,1,5
random,8,QAOA_Noisy,1,approx_ratio_mean,0.478512968,0.08510066158,0.4125773382,0.5448303345,0.4740031896,5
random,8,QAOA_Noisy,1,optimality_gap_best,0,0,0,0,0,5
random,8,QAOA_Noisy,1,optimal_found,1,0,1,1,1,5
random,8,QAOA_Noisy,1,success_probability,0.0078,0.0099979998,0.00272,0.0168,0.0036,5
random,8,QAOA_Noisy,1,random_success_probability,0.00390625,0,0.00390625,0.00390625,0.00390625,5
random,8,QAOA_Noisy,1,random_approx_ratio_best,1,1.110223025e-16,1,1,1,5
random,8,QAOA_Noisy,1,random_approx_ratio_mean,0.4503305091,0.1075813405,0.3661701812,0.534490837,0.4183275361,5
random,8,QAOA_Noisy,1,time_s,1.1918764,0.1279530544,1.1065823,1.303934308,1.145636167,5
random,8,QAOA_Ideal,2,approx_ratio_best,1,0,1,1,1,5
random,8,QAOA_Ideal,2,approx_ratio_mean,0.4643939163,0.09713722396,0.3895292369,0.5392585957,0.418369376,5
random,8,QAOA_Ideal,2,optimality_gap_best,0,0,0,0,0,5
random,8,QAOA_Ideal,2,optimal_found,1,0,1,1,1,5
random,8,QAOA_Ideal,2,success_probability,0.00444,0.003938019807,0.00176,0.00776,0.004,5
random,8,QAOA_Ideal,2,random_success_probability,0.00390625,0,0.00390625,0.00390625,0.00390625,5
random,8,QAOA_Ideal,2,random_approx_ratio_best,1,1.110223025e-16,1,1,1,5
random,8,QAOA_Ideal,2,random_approx_ratio_mean,0.4503305091,0.1075813405,0.3661701812,0.534490837,0.4183275361,5
random,8,QAOA_Ideal,2,time_s,2.390500758,0.164435685,2.257284959,2.514825133,2.462218333,5
random,8,QAOA_Noisy,2,approx_ratio_best,1,0,1,1,1,5
random,8,QAOA_Noisy,2,approx_ratio_mean,0.448018303,0.1104303202,0.3612561938,0.5347804122,0.4176997357,5
random,8,QAOA_Noisy,2,optimality_gap_best,0,0,0,0,0,5
random,8,QAOA_Noisy,2,optimal_found,1,0,1,1,1,5
random,8,QAOA_Noisy,2,success_probability,0.004,0.001104536102,0.00312,0.0048,0.0042,5
random,8,QAOA_Noisy,2,random_success_probability,0.00390625,0,0.00390625,0.00390625,0.00390625,5
random,8,QAOA_Noisy,2,random_approx_ratio_best,1,1.110223025e-16,1,1,1,5
random,8,QAOA_Noisy,2,random_approx_ratio_mean,0.4503305091,0.1075813405,0.3661701812,0.534490837,0.4183275361,5
random,8,QAOA_Noisy,2,time_s,2.020764208,0.2009985571,1.889644167,2.186700225,1.93931,5
random,8,QAOA_Ideal,3,approx_ratio_best,1,0,1,1,1,5
random,8,QAOA_Ideal,3,approx_ratio_mean,0.4811083931,0.09168055604,0.4088226984,0.5533940878,0.4602148166,5
random,8,QAOA_Ideal,3,optimality_gap_best,0,0,0,0,0,5
random,8,QAOA_Ideal,3,optimal_found,1,0,1,1,1,5
random,8,QAOA_Ideal,3,success_probability,0.00576,0.007010563458,0.00072,0.01172,0.0012,5
random,8,QAOA_Ideal,3,random_success_probability,0.00390625,0,0.00390625,0.00390625,0.00390625,5
random,8,QAOA_Ideal,3,random_approx_ratio_best,1,1.110223025e-16,1,1,1,5
random,8,QAOA_Ideal,3,random_approx_ratio_mean,0.4503305091,0.1075813405,0.3661701812,0.534490837,0.4183275361,5
random,8,QAOA_Ideal,3,time_s,3.178835583,0.09271578303,3.110317042,3.256981125,3.138232875,5
random,8,QAOA_Noisy,3,approx_ratio_best,1,0,1,1,1,5
random,8,QAOA_Noisy,3,approx_ratio_mean,0.4502402629,0.1075468015,0.3662366612,0.5342438646,0.4185006873,5
random,8,QAOA_Noisy,3,optimality_gap_best,0,0,0,0,0,5
random,8,QAOA_Noisy,3,optimal_found,1,0,1,1,1,5
random,8,QAOA_Noisy,3,success_probability,0.00332,0.0006723094526,0.0028,0.00384,0.0032,5
random,8,QAOA_Noisy,3,random_success_probability,0.00390625,0,0.00390625,0.00390625,0.00390625,5
random,8,QAOA_Noisy,3,random_approx_ratio_best,1,1.110223025e-16,1,1,1,5
random,8,QAOA_Noisy,3,random_approx_ratio_mean,0.4503305091,0.1075813405,0.3661701812,0.534490837,0.4183275361,5
random,8,QAOA_Noisy,3,time_s,3.328909933,0.04282781049,3.296201142,3.361618725,3.328040708,5
random,10,SA,0,approx_ratio_best,1,0,1,1,1,5
random,10,SA,0,optimality_gap_best,0,0,0,0,0,5
random,10,SA,0,optimal_found,1,0,1,1,1,5
random,10,SA,0,time_s,0.1140317414,0.006202327392,0.1092689414,0.1187945414,0.115019791,5
random,10,QAOA_Ideal,1,approx_ratio_best,1,0,1,1,1,5
random,10,QAOA_Ideal,1,approx_ratio_mean,0.4923294811,0.04172234254,0.4619729025,0.5275456371,0.4680069639,5
random,10,QAOA_Ideal,1,optimality_gap_best,0,0,0,0,0,5
random,10,QAOA_Ideal,1,optimal_found,1,0,1,1,1,5
random,10,QAOA_Ideal,1,success_probability,0.0022,0.0016,0.00112,0.00356,0.0016,5
random,10,QAOA_Ideal,1,random_success_probability,0.0009765625,0,0.0009765625,0.0009765625,0.0009765625,5
random,10,QAOA_Ideal,1,random_approx_ratio_best,1,1.110223025e-16,1,1,1,5
random,10,QAOA_Ideal,1,random_approx_ratio_mean,0.4901268102,0.04257526529,0.4582330273,0.525032915,0.4748178454,5
random,10,QAOA_Ideal,1,time_s,1.637650617,0.04665033599,1.596972075,1.669865791,1.660440125,5
random,10,QAOA_Noisy,1,approx_ratio_best,1,0,1,1,1,5
random,10,QAOA_Noisy,1,approx_ratio_mean,0.4919818845,0.04316352213,0.4595851329,0.5271624954,0.4777746426,5
random,10,QAOA_Noisy,1,optimality_gap_best,0,0,0,0,0,5
random,10,QAOA_Noisy,1,optimal_found,1,0,1,1,1,5
random,10,QAOA_Noisy,1,success_probability,0.0012,0.0004472135955,0.00084,0.00156,0.0012,5
random,10,QAOA_Noisy,1,random_success_probability,0.0009765625,0,0.0009765625,0.0009765625,0.0009765625,5
random,10,QAOA_Noisy,1,random_approx_ratio_best,1,1.110223025e-16,1,1,1,5
random,10,QAOA_Noisy,1,random_approx_ratio_mean,0.4901268102,0.04257526529,0.4582330273,0.525032915,0.4748178454,5
random,10,QAOA_Noisy,1,time_s,3.65133205,0.1987610471,3.50172615,3.815471166,3.583932,5
random,10,QAOA_Ideal,2,approx_ratio_best,0.9982749953,0.003857227823,0.9948249858,1,1,5
random,10,QAOA_Ideal,2,approx_ratio_mean,0.4988205107,0.04524402833,0.465992594,0.5360880294,0.4915865692,5
random,10,QAOA_Ideal,2,optimality_gap_best,0.003524910092,0.007881938581,0,0.01057473028,0,5
random,10,QAOA_Ideal,2,optimal_found,0.8,0.4472135955,0.4,1,1,5
random,10,QAOA_Ideal,2,success_probability,0.0012,0.001240967365,0.00024,0.00216,0.0008,5
random,10,QAOA_Ideal,2,random_success_probability,0.0009765625,0,0.0009765625,0.0009765625,0.0009765625,5
random,10,QAOA_Ideal,2,random_approx_ratio_best,1,1.110223025e-16,1,1,1,5
random,10,QAOA_Ideal,2,random_approx_ratio_mean,0.4901268102,0.04257526529,0.4582330273,0.525032915,0.4748178454,5
random,10,QAOA_Ideal,2,time_s,2.581379708,0.2698057253,2.376074242,2.7968681,2.493930292,5
random,10,QAOA_Noisy,2,approx_ratio_best,1,0,1,1,1,5
random,10,QAOA_Noisy,2,approx_ratio_mean,0.4880302216,0.04234469398,0.4569302186,0.5234595183,0.4686721301,5
random,10,QAOA_Noisy,2,optimality_gap_best,0,0,0,0,0,5
random,10,QAOA_Noisy,2,optimal_found,1,0,1,1,1,5
random,10,QAOA_Noisy,2,success_probability,0.00076,0.0004335896678,0.00044,0.00112,0.0006,5
random,10,QAOA_Noisy,2,random_success_probability,0.0009765625,0,0.0009765625,0.0009765625,0.0009765625,5
random,10,QAOA_Noisy,2,random_approx_ratio_best,1,1.110223025e-16,1,1,1,5
random,10,QAOA_Noisy,2,random_approx_ratio_mean,0.4901268102,0.04257526529,0.4582330273,0.525032915,0.4748178454,5
random,10,QAOA_Noisy,2,time_s,6.860373117,0.594095495,6.397281225,7.312803448,6.990859125,5
random,10,QAOA_Ideal,3,approx_ratio_best,0.9859754489,0.03135984953,0.9579263468,1,1,5
random,10,QAOA_Ideal,3,approx_ratio_mean,0.4953621081,0.04080206599,0.4646752114,0.5269980082,0.4942613931,5
random,10,QAOA_Ideal,3,optimality_gap_best,0.02504854768,0.05601025535,0,0.07514564304,0,5
random,10,QAOA_Ideal,3,optimal_found,0.8,0.4472135955,0.4,1,1,5
random,10,QAOA_Ideal,3,success_probability,0.00052,0.0004604345773,0.00016,0.00088,0.0006,5
random,10,QAOA_Ideal,3,random_success_probability,0.0009765625,0,0.0009765625,0.0009765625,0.0009765625,5
random,10,QAOA_Ideal,3,random_approx_ratio_best,1,1.110223025e-16,1,1,1,5
random,10,QAOA_Ideal,3,random_approx_ratio_mean,0.4901268102,0.04257526529,0.4582330273,0.525032915,0.4748178454,5
random,10,QAOA_Ideal,3,time_s,3.470148558,0.04719520108,3.433625492,3.506671625,3.478629375,5
random,10,QAOA_Noisy,3,approx_ratio_best,1,0,1,1,1,5
random,10,QAOA_Noisy,3,approx_ratio_mean,0.4907835359,0.04288423198,0.4582528346,0.5248965004,0.4788493665,5
random,10,QAOA_Noisy,3,optimality_gap_best,0,0,0,0,0,5
random,10,QAOA_Noisy,3,optimal_found,1,0,1,1,1,5
random,10,QAOA_Noisy,3,success_probability,0.00108,0.0004147288271,0.00076,0.0014,0.001,5
random,10,QAOA_Noisy,3,random_success_probability,0.0009765625,0,0.0009765625,0.0009765625,0.0009765625,5
random,10,QAOA_Noisy,3,random_approx_ratio_best,1,1.110223025e-16,1,1,1,5
random,10,QAOA_Noisy,3,random_approx_ratio_mean,0.4901268102,0.04257526529,0.4582330273,0.525032915,0.4748178454,5
random,10,QAOA_Noisy,3,time_s,11.21818011,0.1052210845,11.13543531,11.29798654,11.25531004,5
random,12,SA,0,approx_ratio_best,1,0,1,1,1,5
random,12,SA,0,optimality_gap_best,0,0,0,0,0,5
random,12,SA,0,optimal_found,1,0,1,1,1,5
random,12,SA,0,time_s,0.148205933,0.008136907489,0.1435545162,0.1553132582,0.144967833,5
random,12,QAOA_Ideal,1,approx_ratio_best,0.9939276942,0.01119584894,0.9836142433,1,1,5
random,12,QAOA_Ideal,1,approx_ratio_mean,0.5306879085,0.1327772436,0.459956772,0.6511883381,0.4666318624,5
random,12,QAOA_Ideal,1,optimality_gap_best,0.008596740769,0.01538815695,0,0.02279991968,0,5
random,12,QAOA_Ideal,1,optimal_found,0.6,0.5477225575,0.2,1,1,5
random,12,QAOA_Ideal,1,success_probability,0.00132,0.00272983516,4e-05,0.00376,0.0002,5
random,12,QAOA_Ideal,1,random_success_probability,0.000244140625,0,0.000244140625,0.000244140625,0.000244140625,5
random,12,QAOA_Ideal,1,random_approx_ratio_best,1,1.922962686e-16,1,1,1,5
random,12,QAOA_Ideal,1,random_approx_ratio_mean,0.4817558828,0.02894915362,0.4602904733,0.5059185718,0.4671831812,5
random,12,QAOA_Ideal,1,time_s,2.038585242,0.1542201612,1.946433409,2.175714316,1.982301917,5
random,12,QAOA_Ideal,2,approx_ratio_best,0.9911679913,0.009480140064,0.983926752,0.9982043999,0.9910219997,5
random,12,QAOA_Ideal,2,approx_ratio_mean,0.4814893563,0.02846998568,0.4605108567,0.5057192158,0.4679200114,5
random,12,QAOA_Ideal,2,optimality_gap_best,0.01428839782,0.01541515821,0.002937474119,0.02610816807,0.01468737059,5
random,12,QAOA_Ideal,2,optimal_found,0.4,0.5477225575,0,0.8,0,5
random,12,QAOA_Ideal,2,success_probability,8e-05,0.0001095445115,0,0.00016,0,5
random,12,QAOA_Ideal,2,random_success_probability,0.000244140625,0,0.000244140625,0.000244140625,0.000244140625,5
random,12,QAOA_Ideal,2,random_approx_ratio_best,1,1.922962686e-16,1,1,1,5
random,12,QAOA_Ideal,2,random_approx_ratio_mean,0.4817558828,0.02894915362,0.4602904733,0.5059185718,0.4671831812,5
random,12,QAOA_Ideal,2,time_s,2.701179675,0.1571669853,2.587981717,2.838137475,2.6502785,5
random,12,QAOA_Ideal,3,approx_ratio_best,0.9893855906,0.02215817355,0.9693099087,1,1,5
random,12,QAOA_Ideal,3,approx_ratio_mean,0.4832964178,0.02999598644,0.4611979598,0.5088423661,0.4689975192,5
random,12,QAOA_Ideal,3,optimality_gap_best,0.01608413709,0.03339580826,0,0.04636932778,0,5
random,12,QAOA_Ideal,3,optimal_found,0.6,0.5477225575,0.2,1,1,5
random,12,QAOA_Ideal,3,success_probability,0.00024,0.0002607680962,4e-05,0.00044,0.0002,5
random,12,QAOA_Ideal,3,random_success_probability,0.000244140625,0,0.000244140625,0.000244140625,0.000244140625,5
random,12,QAOA_Ideal,3,random_approx_ratio_best,1,1.922962686e-16,1,1,1,5
random,12,QAOA_Ideal,3,random_approx_ratio_mean,0.4817558828,0.02894915362,0.4602904733,0.5059185718,0.4671831812,5
random,12,QAOA_Ideal,3,time_s,4.029299583,0.1261485817,3.916734817,4.096987508,4.082759292,5
slice,4,SA,0,approx_ratio_best,1,0,1,1,1,5
slice,4,SA,0,optimality_gap_best,0,0,0,0,0,5
slice,4,SA,0,optimal_found,1,0,1,1,1,5
slice,4,SA,0,time_s,0.0732392586,0.001935215132,0.0719457004,0.0748963338,0.072519333,5
slice,4,QAOA_Ideal,1,approx_ratio_best,1,0,1,1,1,5
slice,4,QAOA_Ideal,1,approx_ratio_mean,0.815906431,0.0415170662,0.7814699207,0.8496057681,0.8204719677,5
slice,4,QAOA_Ideal,1,optimality_gap_best,0,0,0,0,0,5
slice,4,QAOA_Ideal,1,optimal_found,1,0,1,1,1,5
slice,4,QAOA_Ideal,1,success_probability,0.08844,0.1056584497,0.0302,0.18308,0.053,5
slice,4,QAOA_Ideal,1,random_success_probability,0.0625,0,0.0625,0.0625,0.0625,5
slice,4,QAOA_Ideal,1,random_approx_ratio_best,1,0,1,1,1,5
slice,4,QAOA_Ideal,1,random_approx_ratio_mean,0.7092190408,0,0.7092190408,0.7092190408,0.7092190408,5
slice,4,QAOA_Ideal,1,time_s,1.672184233,0.08730066155,1.603255383,1.740292833,1.682035875,5
slice,4,QAOA_Noisy,1,approx_ratio_best,1,0,1,1,1,5
slice,4,QAOA_Noisy,1,approx_ratio_mean,0.7704940006,0.02501901112,0.7511866198,0.7882432006,0.7717074634,5
slice,4,QAOA_Noisy,1,optimality_gap_best,0,0,0,0,0,5
slice,4,QAOA_Noisy,1,optimal_found,1,0,1,1,1,5
slice,4,QAOA_Noisy,1,success_probability,0.08232,0.04437535352,0.0506,0.11828,0.0692,5
slice,4,QAOA_Noisy,1,random_success_probability,0.0625,0,0.0625,0.0625,0.0625,5
slice,4,QAOA_Noisy,1,random_approx_ratio_best,1,0,1,1,1,5
slice,4,QAOA_Noisy,1,random_approx_ratio_mean,0.7092190408,0,0.7092190408,0.7092190408,0.7092190408,5
slice,4,QAOA_Noisy,1,time_s,0.6560803666,0.03667991883,0.6252578498,0.6869638084,0.65650775,5
slice,4,QAOA_Ideal,2,approx_ratio_best,1,0,1,1,1,5
slice,4,QAOA_Ideal,2,approx_ratio_mean,0.8353492696,0.02748315377,0.8138520911,0.8564750107,0.843013743,5
slice,4,QAOA_Ideal,2,optimality_gap_best,0,0,0,0,0,5
slice,4,QAOA_Ideal,2,optimal_found,1,0,1,1,1,5
slice,4,QAOA_Ideal,2,success_probability,0.15352,0.1121775913,0.08112,0.24888,0.114,5
slice,4,QAOA_Ideal,2,random_success_probability,0.0625,0,0.0625,0.0625,0.0625,5
slice,4,QAOA_Ideal,2,random_approx_ratio_best,1,0,1,1,1,5
slice,4,QAOA_Ideal,2,random_approx_ratio_mean,0.7092190408,0,0.7092190408,0.7092190408,0.7092190408,5
slice,4,QAOA_Ideal,2,time_s,2.397297092,0.2462072871,2.210361008,2.593756725,2.361906542,5
slice,4,QAOA_Noisy,2,approx_ratio_best,1,0,1,1,1,5
slice,4,QAOA_Noisy,2,approx_ratio_mean,0.7284280339,0.01038024632,0.7208517717,0.737353849,0.724214508,5
slice,4,QAOA_Noisy,2,optimality_gap_best,0,0,0,0,0,5
slice,4,QAOA_Noisy,2,optimal_found,1,0,1,1,1,5
slice,4,QAOA_Noisy,2,success_probability,0.06764,0.01531757161,0.05584,0.07884,0.0644,5
slice,4,QAOA_Noisy,2,random_success_probability,0.0625,0,0.0625,0.0625,0.0625,5
slice,4,QAOA_Noisy,2,random_approx_ratio_best,1,0,1,1,1,5
slice,4,QAOA_Noisy,2,random_approx_ratio_mean,0.7092190408,0,0.7092190408,0.7092190408,0.7092190408,5
slice,4,QAOA_Noisy,2,time_s,0.9510989414,0.1180839011,0.8593949748,1.042802908,0.910042208,5
slice,4,QAOA_Ideal,3,approx_ratio_best,1,0,1,1,1,5
slice,4,QAOA_Ideal,3,approx_ratio_mean,0.8429880454,0.03584957184,0.8151437238,0.870832367,0.8299258225,5
slice,4,QAOA_Ideal,3,optimality_gap_best,0,0,0,0,0,5
slice,4,QAOA_Ideal,3,optimal_found,1,0,1,1,1,5
slice,4,QAOA_Ideal,3,success_probability,0.046,0.01282029641,0.03672,0.05604,0.0468,5
slice,4,QAOA_Ideal,3,random_success_probability,0.0625,0,0.0625,0.0625,0.0625,5
slice,4,QAOA_Ideal,3,random_approx_ratio_best,1,0,1,1,1,5
slice,4,QAOA_Ideal,3,random_approx_ratio_mean,0.7092190408,0,0.7092190408,0.7092190408,0.7092190408,5
slice,4,QAOA_Ideal,3,time_s,2.895686033,0.0271282332,2.87297695,2.915880667,2.895991167,5
slice,4,QAOA_Noisy,3,approx_ratio_best,1,0,1,1,1,5
slice,4,QAOA_Noisy,3,approx_ratio_mean,0.7201910957,0.002309678186,0.7181522102,0.7218315294,0.7215119415,5
slice,4,QAOA_Noisy,3,optimality_gap_best,0,0,0,0,0,5
slice,4,QAOA_Noisy,3,optimal_found,1,0,1,1,1,5
slice,4,QAOA_Noisy,3,success_probability,0.06176,0.003840312487,0.05864,0.06432,0.0632,5
slice,4,QAOA_Noisy,3,random_success_probability,0.0625,0,0.0625,0.0625,0.0625,5
slice,4,QAOA_Noisy,3,random_approx_ratio_best,1,0,1,1,1,5
slice,4,QAOA_Noisy,3,random_approx_ratio_mean,0.7092190408,0,0.7092190408,0.7092190408,0.7092190408,5
slice,4,QAOA_Noisy,3,time_s,1.139191333,0.01496461347,1.126419792,1.151269658,1.139979792,5
slice,6,SA,0,approx_ratio_best,1,0,1,1,1,5
slice,6,SA,0,optimality_gap_best,0,0,0,0,0,5
slice,6,SA,0,optimal_found,1,0,1,1,1,5
slice,6,SA,0,time_s,0.10243075,0.001294940249,0.1014500916,0.1034469584,0.102302792,5
slice,6,QAOA_Ideal,1,approx_ratio_best,1,0,1,1,1,5
slice,6,QAOA_Ideal,1,approx_ratio_mean,0.8637885994,0.03551478884,0.8358366168,0.8903065803,0.8646594359,5
slice,6,QAOA_Ideal,1,optimality_gap_best,0,0,0,0,0,5
slice,6,QAOA_Ideal,1,optimal_found,1,0,1,1,1,5
slice,6,QAOA_Ideal,1,success_probability,0.02004,0.01461259731,0.0084,0.03136,0.0204,5
slice,6,QAOA_Ideal,1,random_success_probability,0.015625,0,0.015625,0.015625,0.015625,5
slice,6,QAOA_Ideal,1,random_approx_ratio_best,1,1.241267077e-16,1,1,1,5
slice,6,QAOA_Ideal,1,random_approx_ratio_mean,0.7833266034,0,0.7833266034,0.7833266034,0.7833266034,5
slice,6,QAOA_Ideal,1,time_s,1.818566658,0.1524276238,1.708054217,1.943386241,1.739955917,5
slice,6,QAOA_Noisy,1,approx_ratio_best,1,0,1,1,1,5
slice,6,QAOA_Noisy,1,approx_ratio_mean,0.8007055735,0.01259396321,0.7915142421,0.8104888457,0.7970850384,5
slice,6,QAOA_Noisy,1,optimality_gap_best,0,0,0,0,0,5
slice,6,QAOA_Noisy,1,optimal_found,1,0,1,1,1,5
slice,6,QAOA_Noisy,1,success_probability,0.01696,0.008606276779,0.01016,0.02396,0.0176,5
slice,6,QAOA_Noisy,1,random_success_probability,0.015625,0,0.015625,0.015625,0.015625,5
slice,6,QAOA_Noisy,1,random_approx_ratio_best,1,1.241267077e-16,1,1,1,5
slice,6,QAOA_Noisy,1,random_approx_ratio_mean,0.7833266034,0,0.7833266034,0.7833266034,0.7833266034,5
slice,6,QAOA_Noisy,1,time_s,0.7854278834,0.07032421521,0.731031725,0.8398240418,0.797226875,5
slice,6,QAOA_Ideal,2,approx_ratio_best,1,0,1,1,1,5
slice,6,QAOA_Ideal,2,approx_ratio_mean,0.8576930035,0.02181426873,0.840758673,0.8746273339,0.8483931938,5
slice,6,QAOA_Ideal,2,optimality_gap_best,0,0,0,0,0,5
slice,6,QAOA_Ideal,2,optimal_found,1,0,1,1,1,5
slice,6,QAOA_Ideal,2,success_probability,0.037,0.03032292862,0.01508,0.05968,0.0266,5
slice,6,QAOA_Ideal,2,random_success_probability,0.015625,0,0.015625,0.015625,0.015625,5
slice,6,QAOA_Ideal,2,random_approx_ratio_best,1,1.241267077e-16,1,1,1,5
slice,6,QAOA_Ideal,2,random_approx_ratio_mean,0.7833266034,0,0.7833266034,0.7833266034,0.7833266034,5
slice,6,QAOA_Ideal,2,time_s,2.46018585,0.08793809897,2.394583192,2.529274083,2.442132041,5
slice,6,QAOA_Noisy,2,approx_ratio_best,1,0,1,1,1,5
slice,6,QAOA_Noisy,2,approx_ratio_mean,0.7837175795,0.004103273288,0.7808508963,0.7872158291,0.7823063391,5
slice,6,QAOA_Noisy,2,optimality_gap_best,0,0,0,0,0,5
slice,6,QAOA_Noisy,2,optimal_found,1,0,1,1,1,5
slice,6,QAOA_Noisy,2,success_probability,0.01544,0.001033440855,0.01468,0.01624,0.0156,5
slice,6,QAOA_Noisy,2,random_success_probability,0.015625,0,0.015625,0.015625,0.015625,5
slice,6,QAOA_Noisy,2,random_approx_ratio_best,1,1.241267077e-16,1,1,1,5
slice,6,QAOA_Noisy,2,random_approx_ratio_mean,0.7833266034,0,0.7833266034,0.7833266034,0.7833266034,5
slice,6,QAOA_Noisy,2,time_s,1.110745517,0.06910432349,1.059669492,1.161821542,1.135340208,5
slice,6,QAOA_Ideal,3,approx_ratio_best,1,0,1,1,1,5
slice,6,QAOA_Ideal,3,approx_ratio_mean,0.8488828113,0.02768855123,0.827231713,0.870345622,0.8526328843,5
slice,6,QAOA_Ideal,3,optimality_gap_best,0,0,0,0,0,5
slice,6,QAOA_Ideal,3,optimal_found,1,0,1,1,1,5
slice,6,QAOA_Ideal,3,success_probability,0.0148,0.006640783086,0.0108,0.0206,0.0136,5
slice,6,QAOA_Ideal,3,random_success_probability,0.015625,0,0.015625,0.015625,0.015625,5
slice,6,QAOA_Ideal,3,random_approx_ratio_best,1,1.241267077e-16,1,1,1,5
slice,6,QAOA_Ideal,3,random_approx_ratio_mean,0.7833266034,0,0.7833266034,0.7833266034,0.7833266034,5
slice,6,QAOA_Ideal,3,time_s,2.984781692,0.06379747124,2.934315383,3.028606017,2.978378667,5
slice,6,QAOA_Noisy,3,approx_ratio_best,1,0,1,1,1,5
slice,6,QAOA_Noisy,3,approx_ratio_mean,0.7844683978,0.003519918571,0.7814488968,0.7866934384,0.7858225403,5
slice,6,QAOA_Noisy,3,optimality_gap_best,0,0,0,0,0,5
slice,6,QAOA_Noisy,3,optimal_found,1,0,1,1,1,5
slice,6,QAOA_Noisy,3,success_probability,0.01688,0.002609980843,0.01468,0.01868,0.0182,5
slice,6,QAOA_Noisy,3,random_success_probability,0.015625,0,0.015625,0.015625,0.015625,5
slice,6,QAOA_Noisy,3,random_approx_ratio_best,1,1.241267077e-16,1,1,1,5
slice,6,QAOA_Noisy,3,random_approx_ratio_mean,0.7833266034,0,0.7833266034,0.7833266034,0.7833266034,5
slice,6,QAOA_Noisy,3,time_s,1.670370533,0.009458074959,1.663540708,1.678252975,1.668558875,5
slice,8,SA,0,approx_ratio_best,1,0,1,1,1,5
slice,8,SA,0,optimality_gap_best,0,0,0,0,0,5
slice,8,SA,0,optimal_found,1,0,1,1,1,5
slice,8,SA,0,time_s,0.1379137748,0.002815229862,0.1358339164,0.1402823416,0.137768083,5
slice,8,QAOA_Ideal,1,approx_ratio_best,1,0,1,1,1,5
slice,8,QAOA_Ideal,1,approx_ratio_mean,0.9132915604,0.02677314396,0.8914160011,0.9327250048,0.9136554527,5
slice,8,QAOA_Ideal,1,optimality_gap_best,0,0,0,0,0,5
slice,8,QAOA_Ideal,1,optimal_found,1,0,1,1,1,5
slice,8,QAOA_Ideal,1,success_probability,0.0076,0.008192679659,0.00188,0.01496,0.003,5
slice,8,QAOA_Ideal,1,random_success_probability,0.00390625,0,0.00390625,0.00390625,0.00390625,5
slice,8,QAOA_Ideal,1,random_approx_ratio_best,1,0,1,1,1,5
slice,8,QAOA_Ideal,1,random_approx_ratio_mean,0.8567049373,0,0.8567049373,0.8567049373,0.8567049373,5
slice,8,QAOA_Ideal,1,time_s,1.894328633,0.1213064471,1.800530808,1.988126459,1.854201125,5
slice,8,QAOA_Noisy,1,approx_ratio_best,1,0,1,1,1,5
slice,8,QAOA_Noisy,1,approx_ratio_mean,0.8649976671,0.00740360326,0.8582894493,0.8694252981,0.8673540279,5
slice,8,QAOA_Noisy,1,optimality_gap_best,0,0,0,0,0,5
slice,8,QAOA_Noisy,1,optimal_found,1,0,1,1,1,5
slice,8,QAOA_Noisy,1,success_probability,0.00428,0.001926655133,0.00308,0.006,0.0036,5
slice,8,QAOA_Noisy,1,random_success_probability,0.00390625,0,0.00390625,0.00390625,0.00390625,5
slice,8,QAOA_Noisy,1,random_approx_ratio_best,1,0,1,1,1,5
slice,8,QAOA_Noisy,1,random_approx_ratio_mean,0.8567049373,0,0.8567049373,0.8567049373,0.8567049373,5
slice,8,QAOA_Noisy,1,time_s,1.130787775,0.07639025731,1.082830283,1.198322084,1.096364583,5
slice,8,QAOA_Ideal,2,approx_ratio_best,0.9999284406,0.0001600117408,0.9997853217,1,1,5
slice,8,QAOA_Ideal,2,approx_ratio_mean,0.9080672582,0.02462090624,0.8908598373,0.9268695393,0.9132256,5
slice,8,QAOA_Ideal,2,optimality_gap_best,7.188402026e-05,0.0001607375558,0,0.0002156520608,0,5
slice,8,QAOA_Ideal,2,optimal_found,0.8,0.4472135955,0.4,1,1,5
slice,8,QAOA_Ideal,2,success_probability,0.00384,0.005101764401,0.00072,0.00836,0.002,5
slice,8,QAOA_Ideal,2,random_success_probability,0.00390625,0,0.00390625,0.00390625,0.00390625,5
slice,8,QAOA_Ideal,2,random_approx_ratio_best,1,0,1,1,1,5
slice,8,QAOA_Ideal,2,random_approx_ratio_mean,0.8567049373,0,0.8567049373,0.8567049373,0.8567049373,5
slice,8,QAOA_Ideal,2,time_s,2.521725692,0.2134827102,2.3524094,2.694739134,2.547378583,5
slice,8,QAOA_Noisy,2,approx_ratio_best,1,0,1,1,1,5
slice,8,QAOA_Noisy,2,approx_ratio_mean,0.8581788175,0.002581226107,0.8565995934,0.8604312978,0.8573253861,5
slice,8,QAOA_Noisy,2,optimality_gap_best,0,0,0,0,0,5
slice,8,QAOA_Noisy,2,optimal_found,1,0,1,1,1,5
slice,8,QAOA_Noisy,2,success_probability,0.00396,0.0007402702209,0.00336,0.00452,0.0038,5
slice,8,QAOA_Noisy,2,random_success_probability,0.00390625,0,0.00390625,0.00390625,0.00390625,5
slice,8,QAOA_Noisy,2,random_approx_ratio_best,1,0,1,1,1,5
slice,8,QAOA_Noisy,2,random_approx_ratio_mean,0.8567049373,0,0.8567049373,0.8567049373,0.8567049373,5
slice,8,QAOA_Noisy,2,time_s,2.057191075,0.1374729235,1.965928358,2.176992392,2.004246459,5
slice,8,QAOA_Ideal,3,approx_ratio_best,1,0,1,1,1,5
slice,8,QAOA_Ideal,3,approx_ratio_mean,0.8926092352,0.006253128137,0.8879841421,0.8971809503,0.8909226654,5
slice,8,QAOA_Ideal,3,optimality_gap_best,0,0,0,0,0,5
slice,8,QAOA_Ideal,3,optimal_found,1,0,1,1,1,5
slice,8,QAOA_Ideal,3,success_probability,0.0018,0.0008602325267,0.00116,0.00252,0.0014,5
slice,8,QAOA_Ideal,3,random_success_probability,0.00390625,0,0.00390625,0.00390625,0.00390625,5
slice,8,QAOA_Ideal,3,random_approx_ratio_best,1,0,1,1,1,5
slice,8,QAOA_Ideal,3,random_approx_ratio_mean,0.8567049373,0,0.8567049373,0.8567049373,0.8567049373,5
slice,8,QAOA_Ideal,3,time_s,3.250754742,0.05923296065,3.205454234,3.292484325,3.271624042,5
slice,8,QAOA_Noisy,3,approx_ratio_best,1,0,1,1,1,5
slice,8,QAOA_Noisy,3,approx_ratio_mean,0.857052569,0.001491034023,0.8559144014,0.8582556939,0.8567860307,5
slice,8,QAOA_Noisy,3,optimality_gap_best,0,0,0,0,0,5
slice,8,QAOA_Noisy,3,optimal_found,1,0,1,1,1,5
slice,8,QAOA_Noisy,3,success_probability,0.00392,0.0006418722614,0.0034,0.0044,0.004,5
slice,8,QAOA_Noisy,3,random_success_probability,0.00390625,0,0.00390625,0.00390625,0.00390625,5
slice,8,QAOA_Noisy,3,random_approx_ratio_best,1,0,1,1,1,5
slice,8,QAOA_Noisy,3,random_approx_ratio_mean,0.8567049373,0,0.8567049373,0.8567049373,0.8567049373,5
slice,8,QAOA_Noisy,3,time_s,3.372878992,0.03109298518,3.349808917,3.399151425,3.360737583,5
slice,9,SA,0,approx_ratio_best,1,0,1,1,1,5
slice,9,SA,0,optimality_gap_best,0,0,0,0,0,5
slice,9,SA,0,optimal_found,1,0,1,1,1,5
slice,9,SA,0,time_s,0.148912292,0.00336633151,0.1467260254,0.151862492,0.147165459,5
slice,9,QAOA_Ideal,1,approx_ratio_best,1,0,1,1,1,5
slice,9,QAOA_Ideal,1,approx_ratio_mean,0.8913094823,0.01977241778,0.8753232023,0.9061786266,0.8965116969,5
slice,9,QAOA_Ideal,1,optimality_gap_best,0,0,0,0,0,5
slice,9,QAOA_Ideal,1,optimal_found,1,0,1,1,1,5
slice,9,QAOA_Ideal,1,success_probability,0.00324,0.005376616036,0.00048,0.00808,0.0008,5
slice,9,QAOA_Ideal,1,random_success_probability,0.001953125,0,0.001953125,0.001953125,0.001953125,5
slice,9,QAOA_Ideal,1,random_approx_ratio_best,1,0,1,1,1,5
slice,9,QAOA_Ideal,1,random_approx_ratio_mean,0.8665350095,0,0.8665350095,0.8665350095,0.8665350095,5
slice,9,QAOA_Ideal,1,time_s,1.801867475,0.142203169,1.702683067,1.92080055,1.761888583,5
slice,9,QAOA_Noisy,1,approx_ratio_best,1,0,1,1,1,5
slice,9,QAOA_Noisy,1,approx_ratio_mean,0.8725596648,0.00924584383,0.8654496615,0.8796696682,0.8705157934,5
slice,9,QAOA_Noisy,1,optimality_gap_best,0,0,0,0,0,5
slice,9,QAOA_Noisy,1,optimal_found,1,0,1,1,1,5
slice,9,QAOA_Noisy,1,success_probability,0.00208,0.0009338094024,0.00136,0.00284,0.0022,5
slice,9,QAOA_Noisy,1,random_success_probability,0.001953125,0,0.001953125,0.001953125,0.001953125,5
slice,9,QAOA_Noisy,1,random_approx_ratio_best,1,0,1,1,1,5
slice,9,QAOA_Noisy,1,random_approx_ratio_mean,0.8665350095,0,0.8665350095,0.8665350095,0.8665350095,5
slice,9,QAOA_Noisy,1,time_s,2.805833117,0.2196275346,2.6260292,2.9665486,2.881317417,5
slice,9,QAOA_Ideal,2,approx_ratio_best,1,0,1,1,1,5
slice,9,QAOA_Ideal,2,approx_ratio_mean,0.8835207236,0.02290533239,0.8677669578,0.9028882625,0.8743884915,5
slice,9,QAOA_Ideal,2,optimality_gap_best,0,0,0,0,0,5
slice,9,QAOA_Ideal,2,optimal_found,1,0,1,1,1,5
slice,9,QAOA_Ideal,2,success_probability,0.00044,0.0001673320053,0.00032,0.00056,0.0004,5
slice,9,QAOA_Ideal,2,random_success_probability,0.001953125,0,0.001953125,0.001953125,0.001953125,5
slice,9,QAOA_Ideal,2,random_approx_ratio_best,1,0,1,1,1,5
slice,9,QAOA_Ideal,2,random_approx_ratio_mean,0.8665350095,0,0.8665350095,0.8665350095,0.8665350095,5
slice,9,QAOA_Ideal,2,time_s,2.448908425,0.2577087657,2.2951846,2.685713134,2.302601917,5
slice,9,QAOA_Noisy,2,approx_ratio_best,1,0,1,1,1,5
slice,9,QAOA_Noisy,2,approx_ratio_mean,0.8692007036,0.003572909758,0.8661264675,0.8715236306,0.8703142098,5
slice,9,QAOA_Noisy,2,optimality_gap_best,0,0,0,0,0,5
slice,9,QAOA_Noisy,2,optimal_found,1,0,1,1,1,5
slice,9,QAOA_Noisy,2,success_probability,0.00164,0.0005176871642,0.0012,0.002,0.0018,5
slice,9,QAOA_Noisy,2,random_success_probability,0.001953125,0,0.001953125,0.001953125,0.001953125,5
slice,9,QAOA_Noisy,2,random_approx_ratio_best,1,0,1,1,1,5
slice,9,QAOA_Noisy,2,random_approx_ratio_mean,0.8665350095,0,0.8665350095,0.8665350095,0.8665350095,5
slice,9,QAOA_Noisy,2,time_s,6.08556555,0.6439695059,5.637996983,6.598364067,6.03028175,5
slice,9,QAOA_Ideal,3,approx_ratio_best,1,0,1,1,1,5
slice,9,QAOA_Ideal,3,approx_ratio_mean,0.8983656487,0.01503658357,0.8855613084,0.9078815931,0.9041584804,5
slice,9,QAOA_Ideal,3,optimality_gap_best,0,0,0,0,0,5
slice,9,QAOA_Ideal,3,optimal_found,1,0,1,1,1,5
slice,9,QAOA_Ideal,3,success_probability,0.0026,0.003065941943,0.00088,0.0054,0.0016,5
slice,9,QAOA_Ideal,3,random_success_probability,0.001953125,0,0.001953125,0.001953125,0.001953125,5
slice,9,QAOA_Ideal,3,random_approx_ratio_best,1,0,1,1,1,5
slice,9,QAOA_Ideal,3,random_approx_ratio_mean,0.8665350095,0,0.8665350095,0.8665350095,0.8665350095,5
slice,9,QAOA_Ideal,3,time_s,3.329417133,0.06061261859,3.280857017,3.370775092,3.330278042,5
slice,9,QAOA_Noisy,3,approx_ratio_best,1,0,1,1,1,5
slice,9,QAOA_Noisy,3,approx_ratio_mean,0.8660446986,0.002133467356,0.8643540466,0.8675284312,0.8664653995,5
slice,9,QAOA_Noisy,3,optimality_gap_best,0,0,0,0,0,5
slice,9,QAOA_Noisy,3,optimal_found,1,0,1,1,1,5
slice,9,QAOA_Noisy,3,success_probability,0.00176,0.0006066300355,0.00132,0.00228,0.0014,5
slice,9,QAOA_Noisy,3,random_success_probability,0.001953125,0,0.001953125,0.001953125,0.001953125,5
slice,9,QAOA_Noisy,3,random_approx_ratio_best,1,0,1,1,1,5
slice,9,QAOA_Noisy,3,random_approx_ratio_mean,0.8665350095,0,0.8665350095,0.8665350095,0.8665350095,5
slice,9,QAOA_Noisy,3,time_s,11.32436567,0.1664050473,11.18079146,11.45391789,11.3260405,5
slice,10,SA,0,approx_ratio_best,1,0,1,1,1,5
slice,10,SA,0,optimality_gap_best,0,0,0,0,0,5
slice,10,SA,0,optimal_found,1,0,1,1,1,5
slice,10,SA,0,time_s,0.1673281582,0.001997594643,0.1657467664,0.168818675,0.16768325,5
slice,10,QAOA_Ideal,1,approx_ratio_best,1,0,1,1,1,5
slice,10,QAOA_Ideal,1,approx_ratio_mean,0.9161342583,0.02279520255,0.8985508157,0.9337177009,0.9069459687,5
slice,10,QAOA_Ideal,1,optimality_gap_best,0,0,0,0,0,5
slice,10,QAOA_Ideal,1,optimal_found,1,0,1,1,1,5
slice,10,QAOA_Ideal,1,success_probability,0.002,0.001691153453,0.0008,0.00332,0.002,5
slice,10,QAOA_Ideal,1,random_success_probability,0.0009765625,0,0.0009765625,0.0009765625,0.0009765625,5
slice,10,QAOA_Ideal,1,random_approx_ratio_best,1,0,1,1,1,5
slice,10,QAOA_Ideal,1,random_approx_ratio_mean,0.8957011366,0,0.8957011366,0.8957011366,0.8957011366,5
slice,10,QAOA_Ideal,1,time_s,1.873830975,0.09276444294,1.804081983,1.948038808,1.830162167,5
slice,10,QAOA_Noisy,1,approx_ratio_best,1,0,1,1,1,5
slice,10,QAOA_Noisy,1,approx_ratio_mean,0.9053101315,0.008811604321,0.8989052127,0.911755986,0.907036428,5
slice,10,QAOA_Noisy,1,optimality_gap_best,0,0,0,0,0,5
slice,10,QAOA_Noisy,1,optimal_found,1,0,1,1,1,5
slice,10,QAOA_Noisy,1,success_probability,0.00128,0.000228035085,0.00112,0.00144,0.0012,5
slice,10,QAOA_Noisy,1,random_success_probability,0.0009765625,0,0.0009765625,0.0009765625,0.0009765625,5
slice,10,QAOA_Noisy,1,random_approx_ratio_best,1,0,1,1,1,5
slice,10,QAOA_Noisy,1,random_approx_ratio_mean,0.8957011366,0,0.8957011366,0.8957011366,0.8957011366,5
slice,10,QAOA_Noisy,1,time_s,3.968406967,0.2572634027,3.763353866,4.165409092,3.991570917,5
slice,10,QAOA_Ideal,2,approx_ratio_best,0.9999315069,9.526662378e-05,0.9998535559,1,1,5
slice,10,QAOA_Ideal,2,approx_ratio_mean,0.9303441687,0.02844387471,0.9084515231,0.9516641439,0.9378057165,5
slice,10,QAOA_Ideal,2,optimality_gap_best,8.969806651e-05,0.000124760547,0,0.0001917822634,0,5
slice,10,QAOA_Ideal,2,optimal_found,0.6,0.5477225575,0.2,1,1,5
slice,10,QAOA_Ideal,2,success_probability,0.0006,0.0006164414003,0.00012,0.00108,0.0006,5
slice,10,QAOA_Ideal,2,random_success_probability,0.0009765625,0,0.0009765625,0.0009765625,0.0009765625,5
slice,10,QAOA_Ideal,2,random_approx_ratio_best,1,0,1,1,1,5
slice,10,QAOA_Ideal,2,random_approx_ratio_mean,0.8957011366,0,0.8957011366,0.8957011366,0.8957011366,5
slice,10,QAOA_Ideal,2,time_s,2.803766533,0.2251236505,2.616314658,2.964582875,2.857546583,5
slice,10,QAOA_Noisy,2,approx_ratio_best,1,0,1,1,1,5
slice,10,QAOA_Noisy,2,approx_ratio_mean,0.8979803988,0.003065785083,0.8955471666,0.9000960777,0.8981512018,5
slice,10,QAOA_Noisy,2,optimality_gap_best,0,0,0,0,0,5
slice,10,QAOA_Noisy,2,optimal_found,1,0,1,1,1,5
slice,10,QAOA_Noisy,2,success_probability,0.0012,0.0004242640687,0.00088,0.00152,0.0012,5
slice,10,QAOA_Noisy,2,random_success_probability,0.0009765625,0,0.0009765625,0.0009765625,0.0009765625,5
slice,10,QAOA_Noisy,2,random_approx_ratio_best,1,0,1,1,1,5
slice,10,QAOA_Noisy,2,random_approx_ratio_mean,0.8957011366,0,0.8957011366,0.8957011366,0.8957011366,5
slice,10,QAOA_Noisy,2,time_s,6.84509415,0.5361387462,6.516207583,7.323962967,6.674768167,5
slice,10,QAOA_Ideal,3,approx_ratio_best,1,0,1,1,1,5
slice,10,QAOA_Ideal,3,approx_ratio_mean,0.9088138599,0.02124508432,0.8906001926,0.9244990055,0.9137955264,5
slice,10,QAOA_Ideal,3,optimality_gap_best,0,0,0,0,0,5
slice,10,QAOA_Ideal,3,optimal_found,1,0,1,1,1,5
slice,10,QAOA_Ideal,3,success_probability,0.00456,0.007463779204,0.00064,0.01124,0.002,5
slice,10,QAOA_Ideal,3,random_success_probability,0.0009765625,0,0.0009765625,0.0009765625,0.0009765625,5
slice,10,QAOA_Ideal,3,random_approx_ratio_best,1,0,1,1,1,5
slice,10,QAOA_Ideal,3,random_approx_ratio_mean,0.8957011366,0,0.8957011366,0.8957011366,0.8957011366,5
slice,10,QAOA_Ideal,3,time_s,3.43762095,0.08988992659,3.36537085,3.505529575,3.463357292,5
slice,10,QAOA_Noisy,3,approx_ratio_best,1,0,1,1,1,5
slice,10,QAOA_Noisy,3,approx_ratio_mean,0.8965316854,0.001956300954,0.8948948364,0.8978820532,0.8971267578,5
slice,10,QAOA_Noisy,3,optimality_gap_best,0,0,0,0,0,5
slice,10,QAOA_Noisy,3,optimal_found,1,0,1,1,1,5
slice,10,QAOA_Noisy,3,success_probability,0.00056,0.000219089023,0.00036,0.00072,0.0006,5
slice,10,QAOA_Noisy,3,random_success_probability,0.0009765625,0,0.0009765625,0.0009765625,0.0009765625,5
slice,10,QAOA_Noisy,3,random_approx_ratio_best,1,0,1,1,1,5
slice,10,QAOA_Noisy,3,random_approx_ratio_mean,0.8957011366,0,0.8957011366,0.8957011366,0.8957011366,5
slice,10,QAOA_Noisy,3,time_s,11.34345892,0.103950357,11.24986962,11.40281411,11.37358446,5
slice,12,SA,0,approx_ratio_best,1,0,1,1,1,5
slice,12,SA,0,optimality_gap_best,0,0,0,0,0,5
slice,12,SA,0,optimal_found,1,0,1,1,1,5
slice,12,SA,0,time_s,0.1961658166,0.002497108861,0.1942095254,0.1980863162,0.196083625,5
slice,12,QAOA_Ideal,1,approx_ratio_best,0.9999990643,2.092354915e-06,0.9999971928,1,1,5
slice,12,QAOA_Ideal,1,approx_ratio_mean,0.9021254454,0.03407650394,0.8768962162,0.9296051188,0.8959936395,5
slice,12,QAOA_Ideal,1,optimality_gap_best,9.364729521e-07,2.09401718e-06,0,2.809418856e-06,0,5
slice,12,QAOA_Ideal,1,optimal_found,0.8,0.4472135955,0.4,1,1,5
slice,12,QAOA_Ideal,1,success_probability,0.00052,0.0008318653737,8e-05,0.00128,0.0002,5
slice,12,QAOA_Ideal,1,random_success_probability,0.000244140625,0,0.000244140625,0.000244140625,0.000244140625,5
slice,12,QAOA_Ideal,1,random_approx_ratio_best,1,0,1,1,1,5
slice,12,QAOA_Ideal,1,random_approx_ratio_mean,0.8921020888,1.241267077e-16,0.8921020888,0.8921020888,0.8921020888,5
slice,12,QAOA_Ideal,1,time_s,1.878152783,0.1828503521,1.741044959,2.015260608,1.819168625,5
slice,12,QAOA_Ideal,2,approx_ratio_best,0.9999922108,3.386589907e-06,0.9999890842,0.9999944372,0.9999931111,5
slice,12,QAOA_Ideal,2,approx_ratio_mean,0.9009906426,0.02035489056,0.882650836,0.9129578851,0.9114137597,5
slice,12,QAOA_Ideal,2,optimality_gap_best,7.795341158e-06,3.389280373e-06,5.567182323e-06,1.092443248e-05,6.894408667e-06,5
slice,12,QAOA_Ideal,2,optimal_found,0,0,0,0,0,5
slice,12,QAOA_Ideal,2,success_probability,0,0,0,0,0,5
slice,12,QAOA_Ideal,2,random_success_probability,0.000244140625,0,0.000244140625,0.000244140625,0.000244140625,5
slice,12,QAOA_Ideal,2,random_approx_ratio_best,1,0,1,1,1,5
slice,12,QAOA_Ideal,2,random_approx_ratio_mean,0.8921020888,1.241267077e-16,0.8921020888,0.8921020888,0.8921020888,5
slice,12,QAOA_Ideal,2,time_s,3.026977292,0.3382975965,2.793306692,3.3088093,2.994083208,5
slice,12,QAOA_Ideal,3,approx_ratio_best,0.9999890219,1.945811702e-05,0.9999717442,0.9999990643,0.9999953214,5
slice,12,QAOA_Ideal,3,approx_ratio_mean,0.9168088218,0.01352141684,0.908683497,0.9289071986,0.9122359423,5
slice,12,QAOA_Ideal,3,optimality_gap_best,1.098686345e-05,1.947357546e-05,9.364729521e-07,2.82782256e-05,4.68236476e-06,5
slice,12,QAOA_Ideal,3,optimal_found,0.4,0.5477225575,0,0.8,0,5
slice,12,QAOA_Ideal,3,success_probability,0.00016,0.000219089023,0,0.00032,0,5
slice,12,QAOA_Ideal,3,random_success_probability,0.000244140625,0,0.000244140625,0.000244140625,0.000244140625,5
slice,12,QAOA_Ideal,3,random_approx_ratio_best,1,0,1,1,1,5
slice,12,QAOA_Ideal,3,random_approx_ratio_mean,0.8921020888,1.241267077e-16,0.8921020888,0.8921020888,0.8921020888,5
slice,12,QAOA_Ideal,3,time_s,3.9946286,0.02993761495,3.974262942,4.0208271,3.988025875,5
fig07,12,SA,0,approx_ratio_best,1,0,1,1,1,5
fig07,12,SA,0,optimality_gap_best,0,0,0,0,0,5
fig07,12,SA,0,optimal_found,1,0,1,1,1,5
fig07,12,SA,0,time_s,0.207012,0.0031205659,0.2046445002,0.2093297166,0.209058083,5
fig07,12,QAOA_Ideal,1,approx_ratio_best,1,0,1,1,1,5
fig07,12,QAOA_Ideal,1,approx_ratio_mean,0.8977381195,0.03759557327,0.8678137426,0.9270618709,0.9042187451,5
fig07,12,QAOA_Ideal,1,optimality_gap_best,0,0,0,0,0,5
fig07,12,QAOA_Ideal,1,optimal_found,1,0,1,1,1,5
fig07,12,QAOA_Ideal,1,success_probability,0.01128,0.02054487771,0.00156,0.02976,0.0026,5
fig07,12,QAOA_Ideal,1,random_success_probability,0.00390625,0,0.00390625,0.00390625,0.00390625,5
fig07,12,QAOA_Ideal,1,random_approx_ratio_best,1,0,1,1,1,5
fig07,12,QAOA_Ideal,1,random_approx_ratio_mean,0.859374992,1.241267077e-16,0.859374992,0.859374992,0.859374992,5
fig07,12,QAOA_Ideal,1,time_s,1.788563434,0.08623741659,1.725573392,1.853785442,1.803493666,5
fig07,12,QAOA_Ideal,2,approx_ratio_best,1,0,1,1,1,5
fig07,12,QAOA_Ideal,2,approx_ratio_mean,0.9002356185,0.03411061716,0.8768018684,0.9306149948,0.8946499914,5
fig07,12,QAOA_Ideal,2,optimality_gap_best,0,0,0,0,0,5
fig07,12,QAOA_Ideal,2,optimal_found,1,0,1,1,1,5
fig07,12,QAOA_Ideal,2,success_probability,0.01744,0.02674972897,0.00156,0.04196,0.0034,5
fig07,12,QAOA_Ideal,2,random_success_probability,0.00390625,0,0.00390625,0.00390625,0.00390625,5
fig07,12,QAOA_Ideal,2,random_approx_ratio_best,1,0,1,1,1,5
fig07,12,QAOA_Ideal,2,random_approx_ratio_mean,0.859374992,1.241267077e-16,0.859374992,0.859374992,0.859374992,5
fig07,12,QAOA_Ideal,2,time_s,2.786530375,0.1270071295,2.707544384,2.8955268,2.738657,5
fig07,12,QAOA_Ideal,3,approx_ratio_best,1,0,1,1,1,5
fig07,12,QAOA_Ideal,3,approx_ratio_mean,0.9004587449,0.01189727619,0.8910968682,0.9098206216,0.8981468668,5
fig07,12,QAOA_Ideal,3,optimality_gap_best,0,0,0,0,0,5
fig07,12,QAOA_Ideal,3,optimal_found,1,0,1,1,1,5
fig07,12,QAOA_Ideal,3,success_probability,0.05116,0.05876400259,0.01264,0.10228,0.0236,5
fig07,12,QAOA_Ideal,3,random_success_probability,0.00390625,0,0.00390625,0.00390625,0.00390625,5
fig07,12,QAOA_Ideal,3,random_approx_ratio_best,1,0,1,1,1,5
fig07,12,QAOA_Ideal,3,random_approx_ratio_mean,0.859374992,1.241267077e-16,0.859374992,0.859374992,0.859374992,5
fig07,12,QAOA_Ideal,3,time_s,3.534721284,0.01957549602,3.518134884,3.550231467,3.534548208,5
