solver,p,bitstring,count,energy,optimal
QAOA_Ideal,1,1001,593,-29.25,False
QAOA_Ideal,1,1100,593,-29.2,False
QAOA_Ideal,1,0100,406,-29.8,False
QAOA_Ideal,1,1000,406,-39.4,False
QAOA_Ideal,1,0110,396,-29.3,False
QAOA_Ideal,1,0000,373,0,False
QAOA_Ideal,1,0001,370,-29.85,False
QAOA_Ideal,1,0011,358,-29.35,False
QAOA_Ideal,1,0101,345,-39.65,True
QAOA_Ideal,1,1101,295,0.95,False
QAOA_Ideal,1,0010,254,-39.5,False
QAOA_Ideal,1,1011,177,51.25,False
QAOA_Ideal,1,0111,170,0.85,False
QAOA_Ideal,1,1110,155,51.3,False
QAOA_Ideal,1,1010,74,1.1,False
QAOA_Noisy,1,0101,357,-39.65,True
QAOA_Noisy,1,0001,350,-29.85,False
QAOA_Noisy,1,1000,347,-39.4,False
QAOA_Noisy,1,0100,347,-29.8,False
QAOA_Noisy,1,1100,345,-29.2,False
QAOA_Noisy,1,0111,332,0.85,False
QAOA_Noisy,1,1001,322,-29.25,False
QAOA_Noisy,1,1101,311,0.95,False
QAOA_Noisy,1,0010,297,-39.5,False
QAOA_Noisy,1,0011,296,-29.35,False
QAOA_Noisy,1,1011,294,51.25,False
QAOA_Noisy,1,0000,292,0,False
QAOA_Noisy,1,1110,290,51.3,False
QAOA_Noisy,1,1111,281,121.45,False
QAOA_Noisy,1,0110,275,-29.3,False
QAOA_Ideal,2,0101,782,-39.65,True
QAOA_Ideal,2,1010,759,1.1,False
QAOA_Ideal,2,0100,399,-29.8,False
QAOA_Ideal,2,0001,345,-29.85,False
QAOA_Ideal,2,1110,315,51.3,False
QAOA_Ideal,2,1011,306,51.25,False
QAOA_Ideal,2,1101,274,0.95,False
QAOA_Ideal,2,0111,265,0.85,False
QAOA_Ideal,2,0011,262,-29.35,False
QAOA_Ideal,2,0110,262,-29.3,False
QAOA_Ideal,2,0010,241,-39.5,False
QAOA_Ideal,2,1001,240,-29.25,False
QAOA_Ideal,2,1100,230,-29.2,False
QAOA_Ideal,2,1000,224,-39.4,False
QAOA_Ideal,2,0000,60,0,False
QAOA_Noisy,2,1101,374,0.95,False
QAOA_Noisy,2,0110,359,-29.3,False
QAOA_Noisy,2,1111,356,121.45,False
QAOA_Noisy,2,1100,345,-29.2,False
QAOA_Noisy,2,0011,343,-29.35,False
QAOA_Noisy,2,0100,321,-29.8,False
QAOA_Noisy,2,0101,319,-39.65,True
QAOA_Noisy,2,0111,318,0.85,False
QAOA_Noisy,2,1001,315,-29.25,False
QAOA_Noisy,2,0010,310,-39.5,False
QAOA_Noisy,2,1010,305,1.1,False
QAOA_Noisy,2,1000,303,-39.4,False
QAOA_Noisy,2,0001,284,-29.85,False
QAOA_Noisy,2,0000,274,0,False
QAOA_Noisy,2,1011,243,51.25,False
QAOA_Ideal,3,0101,1669,-39.65,True
QAOA_Ideal,3,0100,934,-29.8,False
QAOA_Ideal,3,0001,878,-29.85,False
QAOA_Ideal,3,1101,324,0.95,False
QAOA_Ideal,3,0111,263,0.85,False
QAOA_Ideal,3,1010,215,1.1,False
QAOA_Ideal,3,0000,172,0,False
QAOA_Ideal,3,0010,133,-39.5,False
QAOA_Ideal,3,1011,118,51.25,False
QAOA_Ideal,3,0110,81,-29.3,False
QAOA_Ideal,3,1110,74,51.3,False
QAOA_Ideal,3,1000,44,-39.4,False
QAOA_Ideal,3,1100,33,-29.2,False
QAOA_Ideal,3,0011,31,-29.35,False
QAOA_Ideal,3,1111,16,121.45,False
QAOA_Noisy,3,1010,423,1.1,False
QAOA_Noisy,3,0000,372,0,False
QAOA_Noisy,3,0111,355,0.85,False
QAOA_Noisy,3,1000,347,-39.4,False
QAOA_Noisy,3,1101,328,0.95,False
QAOA_Noisy,3,0010,321,-39.5,False
QAOA_Noisy,3,0110,311,-29.3,False
QAOA_Noisy,3,0101,299,-39.65,True
QAOA_Noisy,3,1100,298,-29.2,False
QAOA_Noisy,3,0100,295,-29.8,False
QAOA_Noisy,3,1001,290,-29.25,False
QAOA_Noisy,3,0001,287,-29.85,False
QAOA_Noisy,3,0011,286,-29.35,False
QAOA_Noisy,3,1011,269,51.25,False
QAOA_Noisy,3,1110,267,51.3,False
