seed,frac_low,frac_normal,frac_high,frac_extreme,lambda_min,lambda_max,lambda_max_over_base
0,0.182,0.754,0.059,0.005,0.2779525965,1.232269214,1.232269214
1,0.198,0.694,0.108,0,0.2229303476,1.155273784,1.155273784
2,0.208,0.69,0.1,0.002,0.1616454075,1.142545977,1.142545977
3,0.246,0.646,0.106,0.002,0.2774569216,1.253823584,1.253823584
4,0.176,0.742,0.082,0,0.269514021,1.213325995,1.213325995
5,0.23,0.669,0.101,0,0.2665358327,1.242611025,1.242611025
6,0.219,0.703,0.075,0.003,0.2794286455,1.345591443,1.345591443
7,0.187,0.716,0.092,0.005,0.1440108355,1.194344485,1.194344485
8,0.243,0.671,0.084,0.002,0.2668128149,1.214855617,1.214855617
9,0.216,0.709,0.069,0.006,0.2751120448,1.304618173,1.304618173
10,0.18,0.719,0.1,0.001,0.1506618715,1.238962773,1.238962773
11,0.208,0.692,0.1,0,0.2525327458,1.610094657,1.610094657
12,0.149,0.759,0.09,0.002,0.2668477167,1.302863969,1.302863969
13,0.195,0.718,0.087,0,0.2658283163,1.379874026,1.379874026
14,0.218,0.697,0.082,0.003,0.2747117274,1.282405854,1.282405854
15,0.195,0.717,0.088,0,0.2521492773,1.247293068,1.247293068
16,0.231,0.707,0.061,0.001,0.2702819109,1.21826432,1.21826432
17,0.201,0.717,0.082,0,0.1626026814,1.191948523,1.191948523
18,0.194,0.707,0.096,0.003,0.2146956181,1.169450626,1.169450626
19,0.175,0.73,0.095,0,0.2769033228,1.305379259,1.305379259
20,0.195,0.726,0.079,0,0.2826233992,1.35867616,1.35867616
21,0.248,0.655,0.091,0.006,0.2708769727,1.218306969,1.218306969
22,0.216,0.688,0.096,0,0.2694189575,1.323254393,1.323254393
23,0.217,0.674,0.109,0,0.276590455,1.334578045,1.334578045
24,0.203,0.71,0.087,0,0.2782424413,1.431087359,1.431087359
25,0.178,0.748,0.074,0,0.2006598373,1.163361113,1.163361113
26,0.171,0.728,0.101,0,0.2777237883,1.266899088,1.266899088
27,0.226,0.674,0.094,0.006,0.2720600706,1.175644474,1.175644474
28,0.225,0.663,0.112,0,0.2707610213,1.658204245,1.658204245
29,0.22,0.686,0.094,0,0.1669730844,1.172564823,1.172564823
