tick,price,fast_vol,slow_vol,vol_ratio,regime,lambda
0,100.012573,0,0,1,normal,1
1,100.0766233,0,0,1,normal,1.09
2,100.0230154,0,0,1,normal,1.003
3,100.1534454,0,0,1,normal,1.0021
4,100.0829639,0,0,1,normal,0.94147
5,100.0205847,0,0,1,normal,1.049029
6,99.78803377,0,0,1,normal,1.1243203
7,99.66370677,0,0,1,normal,1.08702421
8,99.6094639,0,0,1,normal,1.150916947
9,99.6504662,0,0,1,normal,1.105641863
10,99.63765766,0,0,1,normal,1.163949304
11,99.57137922,0,0,1,normal,1.114764513
12,99.66133899,0,0,1,normal,1.080335159
13,99.58724086,0,0,1,normal,0.9962346113
14,99.54165721,0,0,1,normal,0.9973642279
15,99.44115814,0,0,1,normal,1.08815496
16,99.42532462,0,0,1,normal,1.061708472
17,99.44666718,0,0,1,normal,1.04319593
18,99.3816461,0,0,1,normal,1.030237151
19,99.45955887,0,0,1,normal,1.111166006
20,99.33433277,0,0,1,normal,1.077816204
21,99.46802441,0.0008798378548,0.0008479802134,1.03756885,normal,1.054471343
22,99.49432929,0.0008554898416,0.0008441438982,1.013440769,normal,1.03812994
23,99.63939408,0.000902947858,0.0008524555245,1.059231634,normal,1.026690958
24,99.81890788,0.00098020352,0.0008670721518,1.130475149,normal,1.018683671
25,99.8545812,0.0009543644544,0.0008634655329,1.105272206,normal,1.013078569
26,99.85413644,0.0009252913117,0.0008591374731,1.077000295,normal,1.099154999
27,99.72548822,0.0009510600135,0.0008644976511,1.100130246,normal,1.159408499
28,99.76835658,0.0009280767448,0.0008612372848,1.077608646,normal,1.111585949
29,99.65021908,0.0009454494724,0.0008650724471,1.092913635,normal,1.168110165
30,99.60672821,0.0009228628045,0.0008618424591,1.070802204,normal,1.117677115
31,99.77998096,0.0009908501465,0.0008749549515,1.132458471,normal,1.082373981
32,99.81280554,0.0009640373943,0.000871190312,1.106574971,normal,1.057661786
33,99.97085641,0.001011835617,0.0008811453066,1.148318682,normal,1.040363251
34,100.0341732,0.0009931946108,0.0008790117731,1.129899099,normal,1.118254275
35,100.0393779,0.0009630222298,0.000874621146,1.101073573,normal,1.022777993
36,100.1398136,0.0009654961299,0.0008760033139,1.102160362,normal,0.9559445949
37,100.3222695,0.001036857283,0.0008904183607,1.164460807,normal,0.9691612164
38,100.3271907,0.001005342239,0.0008859686624,1.134737922,normal,0.9784128515
39,100.3461043,0.0009758084874,0.0008817292067,1.10669861,normal,0.9248889961
40,100.3082173,0.0009505927385,0.0008781218654,1.082529403,normal,0.9474222972
41,100.1800555,0.0009733869994,0.0008830246761,1.102332727,normal,0.9631956081
42,100.2382767,0.0009544038801,0.0008805173638,1.083912617,normal,0.9742369256
43,100.1626363,0.0009436234175,0.0008793499409,1.073092035,normal,0.981965848
44,100.1338508,0.0009175819151,0.0008754141362,1.048168949,normal,0.9273760936
45,100.0905143,0.0008959253639,0.0008721010593,1.027318284,normal,0.8891632655
46,100.1155154,0.0008707835272,0.0008680889508,1.003104033,normal,0.8624142858
47,100.131635,0.0008451764957,0.0008638876323,0.9783407749,normal,0.8916900001
48,99.99733648,0.0008829162297,0.0008699722309,1.014878634,normal,1.014183
49,100.0476034,0.000864825063,0.0008670690841,0.9974119465,normal,1.0099281
50,100.0311661,0.0008394443847,0.0008628792964,0.9728410315,normal,1.00694967
51,100.1184976,0.0008414743754,0.000862977665,0.9750824494,normal,1.004864769
52,100.0471063,0.0008343405251,0.0008616097928,0.9683507919,normal,1.003405338
53,99.82198615,0.0009791985306,0.0008863933872,1.104699724,normal,1.092383737
54,99.76392561,0.000960005288,0.0008838672603,1.086141925,normal,1.154668616
55,99.75637333,0.0009309443662,0.0008794694037,1.058529566,normal,1.108268031
56,99.8256214,0.000918449994,0.0008778081633,1.046299217,normal,1.165787622
57,99.96747181,0.0009559899751,0.0008848756658,1.080366442,normal,1.206051335
58,100.0518176,0.0009496098674,0.0008844703165,1.073648092,normal,1.144235935
59,100.1306173,0.0009406602934,0.0008835513192,1.064635718,normal,1.100965154
60,100.1381865,0.0009121919305,0.0008791549601,1.037578097,normal,1.160675608
61,100.1246633,0.0008850213836,0.0008748523909,1.011623667,normal,1.202472926
62,99.98221179,0.0009262244581,0.0008820339091,1.050100737,normal,1.141731048
63,99.92536696,0.0009087486912,0.0008794534111,1.033310781,normal,1.099211734
64,99.82114469,0.0009173951988,0.0008812455895,1.041021039,normal,1.159448213
65,99.85694774,0.0008937746249,0.0008775613058,1.018475426,normal,1.051613749
66,99.85555826,0.0008665533524,0.0008731635833,0.9924295619,normal,1.036129625
67,99.9955822,0.0009075656453,0.0008800150142,1.031307001,normal,1.115290737
68,99.75906226,0.001053911923,0.0009070619632,1.161896282,normal,1.170703516
69,99.79294243,0.001025185191,0.0009031538168,1.135116933,normal,1.119492461
70,99.82998831,0.0009981031581,0.0008993928704,1.109752135,normal,1.173644723
71,99.86187543,0.000970853692,0.0008954542917,1.0842024,normal,1.121551306
72,99.67197456,0.001050423634,0.0009110713803,1.152954265,normal,1.175085914
73,99.59186502,0.001037292962,0.000910063511,1.139802827,normal,1.21256014
74,99.56310622,0.00100817791,0.0009059622178,1.112825558,normal,1.088792098
75,99.47851681,0.0009993918045,0.0009054194083,1.103788803,normal,1.002154469
76,99.47736952,0.0009689504223,0.0009008816748,1.075557922,normal,0.941508128
77,99.50728089,0.000942314219,0.0008968699781,1.050669821,normal,0.9590556896
78,99.38929313,0.000958715151,0.0009002266399,1.064970873,normal,0.9713389827
79,99.44028502,0.00093796157,0.000897181586,1.045453434,normal,0.9199372879
80,99.38758083,0.000918612576,0.0008942572499,1.027235257,normal,0.9439561015
81,99.56811598,0.0009954065463,0.0009080942025,1.096148994,normal,0.9607692711
82,99.5767405,0.0009653156353,0.000903583838,1.068318837,normal,1.06253849
83,99.74077716,0.001019058368,0.0009139976684,1.114946354,normal,1.043776943
84,99.84719407,0.00102195859,0.0009156468681,1.116105592,normal,0.97064386
85,99.93871948,0.001015925481,0.0009156527504,1.109509561,normal,0.979450702
86,100.0000008,0.0009963556259,0.0009131229183,1.091151701,normal,0.9856154914
87,99.85261201,0.001031355501,0.0009204406811,1.120501867,normal,0.989930844
88,99.65940124,0.001106775541,0.0009360834364,1.182347104,normal,0.8729515908
89,99.63901865,0.001074227747,0.0009316158317,1.153080175,normal,0.7910661135
90,99.70010964,0.001052268366,0.0009289703297,1.132725483,normal,0.7337462795
91,99.65655382,0.001025811304,0.0009253460911,1.108570419,normal,0.8136223956
92,99.60905959,0.001001391859,0.000921940938,1.086177885,normal,0.8695356769
93,99.6440677,0.0009746933628,0.0009179924373,1.061766223,normal,0.9086749739
94,99.45033323,0.001058431512,0.0009338941612,1.133352746,normal,0.9360724817
95,99.55841892,0.00106012063,0.0009355404363,1.133163879,normal,1.045250737
96,99.53023143,0.001030162781,0.0009312815761,1.106177559,normal,1.031675516
97,99.40256906,0.001047090894,0.0009354600675,1.119332541,normal,1.022172861
98,99.35559263,0.001021773978,0.0009319705626,1.096358639,normal,1.015521003
99,99.28966669,0.001003899903,0.0009296715286,1.079843657,normal,1.010864702
100,99.13029194,0.001049849939,0.0009388571367,1.118221185,normal,1.007605291
101,99.21020477,0.001036828835,0.0009376201617,1.105809023,normal,1.005323704
102,99.48757722,0.001215811277,0.0009738005771,1.248521829,normal,0.8837265928
103,99.50382751,0.001179451471,0.000969056987,1.217112602,normal,0.798608615
104,99.4568803,0.001149348594,0.000965353747,1.190598366,normal,0.9490260305
105,99.47037965,0.001114830605,0.0009606107337,1.160543565,normal,0.9643182213
106,99.39207729,0.001097946299,0.0009590343359,1.144845662,normal,0.9750227549
107,99.37264556,0.001065575296,0.0009544274142,1.116455039,normal,0.9825159284
108,99.37192895,0.00103311509,0.0009496435606,1.087897747,normal,1.07776115
109,99.2857122,0.00102395895,0.0009488618382,1.079144411,normal,1.054432805
110,99.27803294,0.0009929458081,0.0009441372926,1.051696417,normal,1.038102963
111,99.21364115,0.0009757265197,0.0009416426247,1.036196211,normal,1.116672074
112,99.16403349,0.0009539013138,0.0009382564997,1.016674347,normal,1.141670452
113,99.26343535,0.0009568488983,0.0009389142489,1.019101477,normal,1.099169316
114,99.21656157,0.0009348859929,0.0009354011437,0.9994492729,normal,1.069418522
115,99.1471133,0.000922490591,0.0009333426541,0.9883729057,normal,1.048592965
116,99.26652571,0.0009417319547,0.0009364323135,1.005659396,normal,1.034015076
117,99.14183325,0.0009635556862,0.0009401782249,1.024864925,normal,1.113810553
118,98.96649974,0.001029914391,0.0009520648549,1.081769152,normal,1.019667387
119,98.65907646,0.001256122411,0.0009970742665,1.259808275,normal,0.8937671709
120,98.78702894,0.001258555341,0.001000506686,1.257917971,normal,0.7696370196
121,98.87145078,0.001238024753,0.0009991498381,1.23907817,normal,0.7727459137
122,99.04553051,0.001275308974,0.00100958526,1.263200866,normal,0.7209221396
123,99.00769489,0.001239994795,0.001005251007,1.233517585,normal,0.6846454977
124,98.88678438,0.001238920682,0.001007648942,1.229516184,normal,0.7132518484
125,98.79564696,0.001222227698,0.001006829058,1.213937647,normal,0.6432762939
126,98.8798948,0.001203247162,0.001005402063,1.19678207,normal,0.6842934057
127,98.89603635,0.001167276387,0.001000495586,1.166698188,normal,0.713005384
128,99.12802747,0.00126892797,0.001022683162,1.240783087,normal,0.6791037688
129,99.08311509,0.001235269069,0.001018565529,1.212753656,normal,0.6553726382
130,99.04882032,0.001200635988,0.001014050982,1.183999631,normal,0.8487608467
131,99.12486893,0.001179142927,0.001011882838,1.165295904,normal,0.8341325927
132,99.10645411,0.001144126943,0.001006982121,1.136193899,normal,0.8838928149
133,99.02445321,0.001127650013,0.001005347938,1.121651491,normal,0.9187249704
134,99.12756174,0.001122623024,0.001005707625,1.116251877,normal,0.9431074793
135,98.99498882,0.001136717683,0.001009575957,1.125935771,normal,0.9601752355
136,98.99284153,0.001102101491,0.001004517736,1.09714488,normal,0.9721226649
137,98.91915516,0.001083983007,0.001002252552,1.081546767,normal,0.9804858654
138,99.05985564,0.001107129265,0.001007307273,1.099097857,normal,0.9863401058
139,99.02275099,0.001077317188,0.001002958025,1.074139855,normal,0.990438074
140,98.97031542,0.001052524892,0.0009993353105,1.053224959,normal,1.083306652
141,98.98176251,0.001020853905,0.0009943933394,1.026609757,normal,1.058314656
142,98.88251505,0.001019802541,0.0009944816641,1.025461381,normal,1.130820259
143,98.95492689,0.00100486307,0.0009922008748,1.012761726,normal,1.091574182
144,98.81299767,0.001035747009,0.0009976066999,1.038231809,normal,1.064101927
145,98.88753912,0.001021040725,0.0009954664087,1.025690788,normal,1.044871349
146,98.94315324,0.0009994696162,0.0009920710513,1.007457697,normal,1.031409944
147,98.97296404,0.0009718272073,0.0009875578046,0.9840712137,normal,1.021986961
148,99.05539808,0.0009640380607,0.000986128324,0.9775989973,normal,1.015390873
149,99.11850362,0.0009475987829,0.000983250029,0.9637414237,normal,1.100773611
150,98.74460135,0.001304263162,0.001048785999,1.243593224,normal,0.9505415276
151,98.74208876,0.001264545412,0.001043531996,1.211793618,normal,0.8453790693
152,98.67982417,0.001235719775,0.001040215473,1.187945966,normal,0.8917653485
153,98.72049185,0.001202318347,0.00103582115,1.160739329,normal,0.924235744
154,98.67475226,0.001171205093,0.001031670436,1.135251192,normal,0.9469650208
155,98.56568043,0.001167394274,0.00103243999,1.130713925,normal,0.9628755145
156,98.58310808,0.001132658931,0.001027416946,1.102433569,normal,1.06401286
157,98.55452076,0.001100449051,0.00102267828,1.076046174,normal,1.044809002
158,98.62105142,0.00107965416,0.001019787332,1.058705209,normal,1.031366301
159,98.56613959,0.001055616218,0.001016202976,1.038784813,normal,1.021956411
160,98.59587859,0.001026122007,0.00101155912,1.014396476,normal,1.105369488
161,98.58465479,0.0009952529337,0.001006552998,0.9887735031,normal,1.163758641
162,98.54758428,0.0009693212441,0.001002213522,0.9671803688,normal,1.204631049
163,98.51887906,0.0009424971518,0.0009976153213,0.9447500772,normal,1.203241734
164,98.37013796,0.0009858876105,0.001004048086,0.9819127437,normal,1.232269214
165,98.34751947,0.0009575117671,0.0009992798625,0.9582018041,normal,1.16258845
166,98.31405081,0.0009320783666,0.0009948533285,0.9369002846,normal,1.113811915
167,98.20860282,0.0009411383743,0.0009956666481,0.9452344075,normal,1.16966834
168,98.04130009,0.001003502812,0.001005240623,0.998271249,normal,1.058767838
169,98.06440509,0.0009746426758,0.001000479324,0.9741757302,normal,1.041137487
170,98.09167938,0.0009474030867,0.0009958527079,0.9513486072,normal,1.118796241
171,97.9518899,0.0009827232803,0.001001071021,0.9816718893,normal,1.083157369
172,97.94994291,0.0009527980106,0.0009960550727,0.9565716161,normal,1.058210158
173,98.01088004,0.0009362491947,0.0009930118036,0.9428379313,normal,1.040747111
174,98.20952644,0.001034379136,0.00100856678,1.025593105,normal,1.028522977
175,98.12315512,0.001025763908,0.001007360999,1.018268435,normal,1.019966084
176,98.11827293,0.0009945896867,0.001002323889,0.9922837295,normal,1.103976259
177,98.13973983,0.0009657782025,0.0009975395806,0.9681602829,normal,1.072783381
178,98.23722559,0.0009674234534,0.000997492726,0.969855146,normal,1.050948367
179,98.43355086,0.001057786041,0.001012374156,1.044856821,normal,1.125663857
180,98.39622475,0.0010297609,0.001008013341,1.021574673,normal,1.0879647
181,98.30087759,0.001026244029,0.001007635324,1.018467698,normal,1.06157529
182,98.23717702,0.001007570366,0.001004677874,1.002879025,normal,1.043102703
183,98.31687236,0.0009968661753,0.001002925648,0.9939582034,normal,1.120171892
184,98.27807935,0.0009713199869,0.000998678495,0.9726052897,normal,1.174120324
185,98.41246269,0.0009994423541,0.001003023857,0.9964292943,normal,1.061884227
186,98.35309125,0.0009802054711,0.0009998190322,0.9803828888,normal,0.983318959
187,98.42380128,0.0009665116918,0.000997399999,0.9690311738,normal,0.9883232713
188,98.53821119,0.0009793239501,0.0009991772768,0.9801303261,normal,0.9918262899
189,98.3924596,0.001016364221,0.001005128136,1.011178759,normal,0.9942784029
190,98.40451701,0.0009858586966,0.001000164935,0.9856961209,normal,0.995994882
191,98.35657255,0.0009632508302,0.0009963441025,0.9667852982,normal,0.9971964174
192,98.29554926,0.0009461983456,0.000993290626,0.9525896257,normal,0.9980374922
193,98.33166955,0.0009217769466,0.0009889943494,0.9320345937,normal,0.9986262445
194,98.2844265,0.0009014148489,0.0009852096819,0.9149472092,normal,1.089038371
195,98.22732005,0.0008854736093,0.0009819927124,0.9017109782,normal,1.15232686
196,98.23606778,0.0008587755925,0.0009771109932,0.8788925705,normal,1.106628802
197,98.12845292,0.0008748304312,0.0009783722111,0.8941693368,normal,1.164640161
198,98.17202111,0.000855120482,0.0009744795895,0.8775150257,normal,1.115248113
199,98.22930783,0.0008412942324,0.00097134829,0.866109758,normal,1.080673679
200,99.26995061,0.002707147032,0.001429908481,1.893230978,high,1.116471575
201,99.72649672,0.0028552027,0.001494902861,1.909958683,high,1.069530103
202,100.3003644,0.00310458955,0.001594247371,1.947370029,high,0.9286710719
203,100.3798138,0.003016253408,0.001588231067,1.899127571,high,0.8300697503
204,100.9322712,0.003218600407,0.001672871278,1.923997649,high,0.7610488252
205,99.43484822,0.004810688319,0.002237110369,2.150402763,extreme,0.8207341777
206,99.52618525,0.00466955433,0.002227789484,2.096048286,extreme,0.9345139244
207,99.90927192,0.004624065313,0.002249667375,2.055444002,extreme,1.014159747
208,99.83545305,0.004486851925,0.002239610776,2.003407008,extreme,1.177911823
209,100.5263968,0.004666694248,0.002332677025,2.000574532,extreme,1.184538276
210,100.3760138,0.004539364189,0.002325807524,1.951736823,high,1.009176793
211,100.2009201,0.004421805934,0.00232072586,1.905354704,high,0.8864237553
212,100.1228268,0.004291351637,0.00231040899,1.857399125,high,0.8544966287
213,99.65352438,0.004316849653,0.002346347971,1.839816475,high,0.7781476401
214,99.20681439,0.004327602694,0.002377422887,1.820291509,high,0.7247033481
215,99.47688628,0.004248282924,0.002381076807,1.784185589,high,0.6872923436
216,100.0143266,0.004325152646,0.002429639926,1.78016199,high,0.6611046405
217,100.6932097,0.004508922423,0.002510330813,1.796146707,high,0.6967732484
218,100.420112,0.004421890155,0.00251246934,1.759977758,high,0.7217412739
219,100.9522879,0.004478405718,0.002555140406,1.752704355,high,0.6852188917
220,101.9615603,0.004978992183,0.002730028781,1.823787433,high,0.6596532242
221,102.615902,0.005075259576,0.002790653383,1.818663546,high,0.6417572569
222,102.6705571,0.004922375046,0.002777175572,1.772439271,high,0.6832300799
223,102.6614491,0.004772469146,0.002763269046,1.727109835,high,0.6582610559
224,102.8801718,0.004656355102,0.002757642846,1.688527254,high,0.6947827391
225,102.8279041,0.004516219513,0.002744290532,1.645678349,high,0.6663479174
226,102.4020343,0.004495097683,0.002761894101,1.627541651,high,0.7004435422
227,103.0023412,0.004587318244,0.002809525769,1.632773151,high,0.6703104795
228,103.4076268,0.004550402139,0.002822891085,1.611965181,high,0.6492173357
229,102.40552,0.005015339296,0.002972765262,1.687095635,high,0.634452135
230,102.9926246,0.005060167318,0.003012602489,1.679666447,high,0.6781164945
231,103.1636123,0.004922811799,0.003002088063,1.639795934,high,0.6186815461
232,103.0961419,0.004775532666,0.002987756273,1.598367547,high,0.6670770823
233,102.9183148,0.004649321221,0.002977788394,1.561333649,high,0.6109539576
234,102.4768331,0.004629041776,0.002993885995,1.546165012,high,0.6076677703
235,103.2538267,0.004854451894,0.003073154623,1.579631515,high,0.6053674392
236,103.9770621,0.005007494916,0.003136406213,1.596570909,high,0.6037572075
237,103.845693,0.004864812786,0.003123244557,1.557615069,high,0.6026300452
238,103.2801733,0.004902605658,0.003155201604,1.553816926,high,0.6018410317
239,103.5194375,0.004786927804,0.003147902297,1.520672293,high,0.6012887222
240,104.4323542,0.005115197489,0.003252860898,1.572522665,high,0.6009021055
241,104.4815179,0.004960707801,0.003236897927,1.532549964,high,0.6006314739
242,103.8670323,0.005021926682,0.003274243976,1.533766793,high,0.6004420317
243,103.6878624,0.004887269911,0.003262403146,1.498058239,high,0.6543094222
244,103.689009,0.004738384755,0.003246050333,1.459738534,high,0.6380165955
245,103.7625649,0.00459731718,0.003230557707,1.423072298,high,0.6806116169
246,103.411727,0.004533813725,0.003232158452,1.40272013,high,0.7104281318
247,102.4353399,0.004972109611,0.003352959235,1.482901898,high,0.6772996923
248,102.7759713,0.004888745371,0.003352629401,1.458182455,high,0.6541097846
249,102.9616123,0.004760382845,0.003340702006,1.424964824,high,0.6378768492
250,103.1951659,0.00464861245,0.00333166999,1.395279984,high,0.6265137944
251,102.8194349,0.004594706692,0.003334977656,1.377732377,high,0.6185596561
252,102.9728082,0.004469670772,0.003321606996,1.345635043,high,0.6129917593
253,103.1999665,0.004366992504,0.003312295225,1.318418863,high,0.6090942315
254,102.8343986,0.004322261706,0.003314741823,1.303951239,high,0.660365962
255,102.9078808,0.004194239391,0.003298899915,1.271405468,normal,0.5792561734
256,102.8392147,0.004069751496,0.003283042575,1.239627998,normal,0.4954793214
257,102.3415655,0.004120794441,0.003302406986,1.247815445,normal,0.418835525
258,103.3032407,0.004605500539,0.003416370957,1.348068052,high,0.4731848675
259,103.2304002,0.004468539944,0.003399977936,1.314284983,high,0.5652294072
260,102.8376751,0.004431871017,0.003404340641,1.301829483,high,0.5756605851
261,102.7155987,0.004306697304,0.003389358073,1.270652793,normal,0.5199624095
262,102.4529889,0.004222319466,0.003382070927,1.248442022,normal,0.4539736867
263,102.6015324,0.004109044601,0.003368235519,1.219939811,normal,0.4077815807
264,103.3450137,0.004358789293,0.003428245757,1.271434314,normal,0.3754471065
265,103.5358335,0.004250092172,0.003416046051,1.244155409,normal,0.3528129745
266,104.474896,0.004676633815,0.003516804394,1.329796398,high,0.4269690822
267,104.3686391,0.004541010575,0.003500655451,1.297188666,normal,0.3888783575
268,104.5632614,0.00442626042,0.003488087037,1.268965015,normal,0.3892148503
269,103.6661368,0.004782381698,0.003575970784,1.337365987,high,0.4164503952
270,103.8120319,0.004649470525,0.003560824347,1.305728694,high,0.5255152766
271,103.9586414,0.004521064184,0.003545785098,1.275053073,normal,0.4398606936
272,103.3214359,0.004634835226,0.003581184016,1.294218673,normal,0.3979024855
273,103.3856044,0.004496212187,0.003563773967,1.261643479,normal,0.3955317399
274,103.4455994,0.004361554997,0.003546384864,1.229859466,normal,0.3938722179
275,103.1848134,0.004273647287,0.003537625186,1.208055422,normal,0.3927105525
276,103.398853,0.004174428601,0.003525986881,1.183903611,normal,0.3648973868
277,103.4896055,0.004052959793,0.003509409402,1.154883722,normal,0.3724281707
278,102.6918057,0.004362829841,0.003576547659,1.219843899,normal,0.3776997195
279,101.7141346,0.004835574898,0.003684951714,1.312249189,high,0.4443898037
280,101.5301038,0.004709202271,0.003670950176,1.282829253,normal,0.3830728626
281,101.3385588,0.004589111716,0.003657427468,1.254737587,normal,0.3581510038
282,102.1026057,0.004814716768,0.003715803986,1.295740245,normal,0.3227057027
283,102.3437759,0.004703676432,0.003704698096,1.269651753,normal,0.3428939919
284,102.6168037,0.00460684008,0.003695743463,1.246525936,normal,0.3300257943
285,102.3723141,0.004504553553,0.00368494715,1.222420124,normal,0.348018056
286,102.3426385,0.004367904056,0.003666590745,1.191271227,normal,0.3606126392
287,101.8291038,0.004410462993,0.003682730102,1.197606903,normal,0.3244288474
288,102.4750728,0.004548004415,0.003718434871,1.22309643,normal,0.3171001932
289,102.2911502,0.004431355334,0.003704154615,1.196320293,normal,0.3119701352
290,101.9385027,0.004378843665,0.003701731557,1.182917669,normal,0.3083790947
291,101.3018139,0.004514324946,0.003736086284,1.208303182,normal,0.3058653663
292,101.4775486,0.00439734392,0.003721397486,1.181637795,normal,0.3311057564
293,101.0704778,0.004375593768,0.003724496674,1.174814788,normal,0.3217740295
294,101.2854518,0.004274100605,0.003711913359,1.151454841,normal,0.2972418206
295,101.6127268,0.004218564457,0.003707369528,1.137886155,normal,0.3250692744
296,101.33076,0.004146299986,0.003699237585,1.120852579,normal,0.3445484921
297,100.6963525,0.004304292195,0.003733892666,1.152762701,normal,0.3311839445
298,100.6870185,0.004173227888,0.003715187859,1.123288524,normal,0.3488287611
299,99.92235691,0.004456217943,0.003774355683,1.180656599,normal,0.3341801328
300,99.94785407,0.004320915569,0.003755523155,1.150549575,normal,0.305926093
301,99.26577013,0.004512607552,0.003798925769,1.187864103,normal,0.3041482651
302,100.3961593,0.005180215926,0.003945840415,1.312829557,high,0.3929037855
303,100.77913,0.005108258778,0.003944479455,1.295040026,normal,0.3920326499
304,101.1736713,0.005044269386,0.003944109074,1.278937598,normal,0.3644228549
305,100.9634189,0.004917075564,0.003929848941,1.251212359,normal,0.3450959984
306,100.7460891,0.004796413726,0.003916083586,1.224798608,normal,0.3315671989
307,100.7370639,0.004650347419,0.003896464269,1.193478779,normal,0.3490970392
308,100.4016719,0.004582084109,0.003891250106,1.177535235,normal,0.3613679275
309,100.0130181,0.004542943011,0.00389112282,1.167514679,normal,0.3429575492
310,99.41568612,0.004642538121,0.003917688508,1.185019716,normal,0.3300702845
311,100.189676,0.004885549657,0.003974448124,1.22923976,normal,0.3480491991
312,100.2381436,0.004738197367,0.00395482169,1.198081162,normal,0.3606344394
313,100.6932137,0.004725942058,0.00396098253,1.193123681,normal,0.3424441076
314,99.83835863,0.005035469966,0.004032295331,1.24878501,normal,0.3297108753
315,98.95868235,0.005341723029,0.004108533276,1.300153283,high,0.3747976127
316,99.25957468,0.005232111644,0.004099197055,1.276374757,normal,0.3523583289
317,99.27560281,0.005072874624,0.004078681532,1.243753548,normal,0.3636508302
318,99.45504966,0.00493818759,0.004062253127,1.215627741,normal,0.3445555812
319,99.90594922,0.004914290795,0.004067124043,1.208296266,normal,0.3131889068
320,99.98158955,0.004768186886,0.004047444985,1.178073304,normal,0.3362322348
321,99.94951085,0.004623596903,0.004027284761,1.148068035,normal,0.3253625643
322,100.1068419,0.004499269286,0.004010183467,1.121960958,normal,0.317753795
323,99.81997108,0.004418478242,0.004000388849,1.104512188,normal,0.2944276565
324,98.6743252,0.005132904116,0.00414434576,1.238531825,normal,0.3230993596
325,98.05078469,0.005213161282,0.004172014356,1.249554972,normal,0.3161695517
326,98.76163758,0.005355121796,0.004213485937,1.270948064,normal,0.3113186862
327,98.49398902,0.005234362212,0.004201139383,1.245938717,normal,0.3079230803
328,98.76302819,0.00511870004,0.004188971902,1.221946616,normal,0.2875461562
329,98.58758,0.004981837954,0.004171765197,1.194179854,normal,0.3182823094
330,98.24934149,0.004902882671,0.004165057088,1.177146571,normal,0.3127976166
331,98.54224453,0.004809120335,0.004154856931,1.157469539,normal,0.2909583316
332,98.92021245,0.004755976508,0.004151718098,1.145544181,normal,0.3206708321
333,98.08623961,0.005055991866,0.004216777465,1.199017949,normal,0.3144695825
334,98.63559425,0.005089290175,0.00423265095,1.202388346,normal,0.3101287077
335,99.20821818,0.005133939898,0.004251031271,1.207692809,normal,0.3070900954
336,99.37257851,0.004994027389,0.00423296067,1.179795368,normal,0.3049630668
337,99.44232351,0.004844938201,0.004212327029,1.150180925,normal,0.3304741468
338,98.83572218,0.004930653054,0.004235640271,1.16408683,normal,0.3033319027
339,99.52719864,0.00507632437,0.00427168706,1.188365229,normal,0.3023323319
340,99.5801204,0.00492340129,0.004250607383,1.158281828,normal,0.3016326323
341,99.75764312,0.004793311162,0.004233049795,1.13235407,normal,0.2831428426
342,99.25934006,0.004806441296,0.004241496133,1.133194784,normal,0.2881999898
343,99.33441746,0.00466369656,0.004220912612,1.10490242,normal,0.2917399929
344,99.03360105,0.004582245732,0.0042106921,1.088240513,normal,0.294217995
345,99.20457187,0.004462698166,0.004193135057,1.06428677,normal,0.2779525965
346,99.47675416,0.004378487659,0.004181103652,1.04720859,normal,0.2845668176
347,98.54877489,0.004826114858,0.004264414155,1.131718141,normal,0.2891967723
348,99.35220504,0.005084244098,0.004320028768,1.176900519,normal,0.2924377406
349,99.17986802,0.004947667235,0.004301879002,1.150117712,normal,0.2947064184
350,99.69392019,0.004961265904,0.004311421283,1.15072631,normal,0.2962944929
351,99.04627864,0.005068132993,0.004339037565,1.168031601,normal,0.297406145
352,99.28259245,0.004948287551,0.004323859832,1.144414422,normal,0.2981843015
353,99.12712083,0.004812876427,0.004305039683,1.117963313,normal,0.2987290111
354,99.36564389,0.004703245306,0.004290197387,1.096277136,normal,0.2991103077
355,99.04978942,0.004626172241,0.004280548997,1.080742738,normal,0.2993772154
356,99.19578897,0.004499727811,0.004261638598,1.055867997,normal,0.3265640508
357,99.01133404,0.004386405022,0.004244359769,1.033466827,normal,0.3455948356
358,98.5427096,0.004408696477,0.00424965003,1.037425775,normal,0.3319163849
359,97.54187583,0.00495206403,0.004349829701,1.138450094,normal,0.3493414694
360,97.94582818,0.004906765682,0.004347712752,1.128585526,normal,0.3345390286
361,98.39523914,0.004887655983,0.004350074581,1.123579813,normal,0.32417732
362,98.56374856,0.00475725808,0.004331650542,1.09825528,normal,0.343924124
363,98.43201395,0.00462395267,0.004312012501,1.07234213,normal,0.3577468868
364,98.2604607,0.004503404698,0.004293942936,1.048780751,normal,0.3674228208
365,97.78873624,0.004522534455,0.004299436051,1.051890155,normal,0.3471959745
366,97.4535937,0.004464671082,0.004291638424,1.040318555,normal,0.3150371822
367,97.47605333,0.004329027225,0.004270188494,1.013778954,normal,0.3105260275
368,97.34073041,0.004210919875,0.0042510545,0.9905589013,normal,0.3073682193
369,97.06417194,0.004141695186,0.004239304225,0.9769752219,normal,0.3321577535
370,96.5501877,0.00422087519,0.004251338349,0.9928344543,normal,0.3045104274
371,97.13883227,0.004354716623,0.004273475374,1.019010581,normal,0.3301572992
372,96.20753118,0.00483674362,0.004359819196,1.109390872,normal,0.3031101094
373,95.88502496,0.004760981255,0.004350941624,1.094241584,normal,0.3021770766
374,95.19135266,0.004946716389,0.00438959743,1.126918007,normal,0.3015239536
375,95.00293861,0.004820511505,0.004372085848,1.102565611,normal,0.3010667675
376,95.25315534,0.004717860234,0.0043581153,1.082545988,normal,0.3277467373
377,94.38879378,0.005090045595,0.004431050946,1.148721975,normal,0.3194227161
378,94.9876035,0.005172393766,0.004453965072,1.161300927,normal,0.3405959013
379,96.11966207,0.005793982686,0.004587271491,1.263056415,normal,0.3554171309
380,96.51446345,0.005706498101,0.004582646145,1.245240833,normal,0.3387919916
381,97.06187293,0.005703466723,0.004594618133,1.241336398,normal,0.3541543941
382,96.84290127,0.005557321604,0.004577162995,1.214141076,normal,0.3649080759
383,96.69531285,0.00540095926,0.004556772764,1.185259731,normal,0.3724356531
384,96.59993262,0.005242001143,0.004535005589,1.155897394,normal,0.3507049572
385,96.85653701,0.005123681788,0.004520065104,1.133541591,normal,0.33549347
386,97.02815349,0.004986484209,0.004500890811,1.107888287,normal,0.324845429
387,97.51717393,0.004988944194,0.004506459593,1.107065112,normal,0.3173918003
388,96.92411182,0.005062501955,0.004525176118,1.11874142,normal,0.3121742602
389,96.54712782,0.005000241484,0.004519327101,1.106412829,normal,0.3355219822
390,96.04359897,0.005014262311,0.004526974747,1.107640884,normal,0.3068653875
391,95.48934508,0.005063992191,0.004541313175,1.115094246,normal,0.3048057713
392,95.40538286,0.004914448606,0.004519405746,1.087410355,normal,0.3303640399
393,95.37573196,0.004765343006,0.004496859372,1.059704699,normal,0.3212548279
394,95.04656007,0.004697143192,0.004487655855,1.046680794,normal,0.3148783795
395,95.38300375,0.004635570499,0.004479120749,1.034928674,normal,0.3104148657
396,94.87981426,0.004677380188,0.004487948067,1.042209071,normal,0.334290406
397,95.25373905,0.004636103841,0.004482741218,1.034211795,normal,0.3510032842
398,95.01438231,0.004536922445,0.004467361802,1.015570855,normal,0.3177022989
399,94.40105091,0.004676003868,0.004491897453,1.040986335,normal,0.3123916092
400,94.29681341,0.004541623892,0.004470746842,1.015853515,normal,0.3356741265
401,94.29265182,0.004403281002,0.004448339131,0.9898707973,normal,0.3249718885
402,94.25131162,0.004270490439,0.004426258783,0.9648081252,normal,0.344480322
403,94.23849253,0.004140528147,0.004404092887,0.940154591,normal,0.3581362254
404,94.13871439,0.004022768641,0.00438329738,0.917749423,normal,0.3676953578
405,94.24413961,0.003909843069,0.004362761799,0.8961853177,normal,0.3473867504
406,94.48636932,0.003842526641,0.004348476212,0.8836489964,normal,0.4771707253
407,94.56015322,0.003730371236,0.004327383288,0.862038555,normal,0.5140195077
408,94.59343312,0.003617756025,0.004305835792,0.8401983261,normal,0.5038136554
409,94.75165815,0.003531354031,0.004287511128,0.8236372862,normal,0.6526695588
410,94.92110886,0.003451635313,0.004269759901,0.8083909617,normal,0.6368686911
411,94.85084135,0.003351397282,0.004249002849,0.7887491255,normal,0.6258080838
412,94.77515865,0.003255177769,0.004228457957,0.7698262114,normal,0.5820656587
413,94.75802222,0.003156322748,0.004207301405,0.750201244,normal,0.5514459611
414,94.75219675,0.003060205495,0.004186216557,0.7310193952,normal,0.5660121727
415,94.77883517,0.002967778157,0.004165327734,0.7124957137,normal,0.6962085209
416,94.65056023,0.002896428378,0.004146661028,0.6984965393,low,0.6823459646
417,94.64004395,0.00280832339,0.00412589059,0.6806587158,low,0.6276421753
418,94.63097858,0.00272287165,0.00410522048,0.6632705022,low,0.5893495227
419,94.49029604,0.002664956321,0.004087351323,0.6520007972,low,0.5625446659
420,94.35963233,0.002605909458,0.004069216755,0.6403958341,low,0.5437812661
421,94.34502278,0.002526807628,0.004048849158,0.6240804558,low,0.5756468863
422,94.44299734,0.002462987933,0.004029890909,0.6111798032,low,0.5529528204
423,94.75853886,0.002523859871,0.004023540333,0.6272734115,low,0.5370669743
424,94.92958791,0.002486529366,0.004007432262,0.6204794501,low,0.492946882
425,94.98570372,0.002415121602,0.003987782654,0.6056301989,low,0.4350628174
426,95.02340237,0.00234356375,0.003967992057,0.5906170466,low,0.4215439722
427,95.02923666,0.002272219126,0.003948107021,0.5755211584,low,0.3850807805
428,95.27838249,0.00229445993,0.00393703329,0.5827890599,low,0.3595565464
429,95.0202544,0.00232169231,0.003926681264,0.5912606992,low,0.3416895825
430,95.03307194,0.002251206673,0.00390702181,0.5761950617,low,0.3291827077
431,95.04621755,0.002182888795,0.003887462224,0.561520259,low,0.3204278954
432,95.18537231,0.002146514878,0.003870741883,0.5545486996,low,0.3142995268
433,95.11833128,0.002088267126,0.003851983966,0.5421276787,low,0.3100096687
434,95.0674947,0.002028880426,0.003833048477,0.5293124881,low,0.3670067681
435,94.84323277,0.002050377964,0.003821140831,0.5365879078,low,0.3469047377
436,94.78278728,0.001994039357,0.003802521589,0.5243992205,low,0.3328333164
437,94.74663238,0.001935550299,0.003783653569,0.5115558979,low,0.3229833215
438,94.67103262,0.001886744357,0.003765533927,0.5010562628,low,0.376088325
439,94.74799147,0.001840063309,0.00374754001,0.4910056476,low,0.4132618275
440,94.77875445,0.001785778838,0.00372889654,0.4789027582,low,0.4392832793
441,94.83874506,0.001738300421,0.003710744735,0.4684505524,low,0.5024982955
442,94.81079966,0.00168689008,0.003692262008,0.456871716,low,0.5017488068
443,94.8357657,0.001636771688,0.003673848659,0.445519628,low,0.5012241648
444,94.81431255,0.001587876355,0.003655503272,0.4343796838,low,0.5008569154
445,94.67755864,0.001579579104,0.003640042643,0.4339452195,low,0.5005998407
446,94.58099728,0.001551721963,0.003623233895,0.4282698849,low,0.5004198885
447,94.50204737,0.001518292557,0.003606039273,0.4210416034,low,0.500293922
448,94.50155835,0.001472039795,0.003587963812,0.4102716395,low,0.5002057454
449,94.6912626,0.001509366273,0.003575607088,0.4221286725,low,0.5451440218
450,94.44244229,0.001599023238,0.003567400507,0.4482320486,low,0.5316008152
451,94.29018339,0.001599894824,0.003553183975,0.4502707532,low,0.4621205707
452,94.38467819,0.001570440704,0.003536792132,0.4440296871,low,0.4134843995
453,94.54309495,0.0015770379,0.003523057365,0.44763333,low,0.3794390796
454,94.3194709,0.001635329875,0.003513387761,0.4654567005,low,0.3376073557
455,94.35937847,0.001588893446,0.003496032622,0.4544847311,low,0.326325149
456,94.32876689,0.001542538228,0.003478659863,0.4434288746,low,0.3184276043
457,94.37358928,0.001500066533,0.00346154886,0.4333512522,low,0.312899323
458,94.39830662,0.001455782383,0.003444297184,0.4226645684,low,0.3360295261
459,94.22623847,0.001480493727,0.003431885416,0.4313936941,low,0.3252206683
460,94.26679658,0.001439257296,0.003414954035,0.4214572965,low,0.3176544678
461,94.26756464,0.001395413147,0.003397836461,0.4106769597,low,0.4173581275
462,94.24155676,0.001354590529,0.003380917195,0.4006577066,low,0.4871506892
463,94.11059956,0.001356775412,0.003366842966,0.4029814951,low,0.4910054825
464,93.915312,0.001410420193,0.003356400538,0.4202180809,low,0.5387038377
465,94.26564657,0.001643698044,0.003360268769,0.4891567185,low,0.4940926864
466,94.11818166,0.00163911593,0.003347088665,0.4897139258,low,0.4358648805
467,93.89858918,0.001689047046,0.003338493073,0.5059309722,low,0.3951054163
468,93.97004327,0.001648158157,0.003322629531,0.4960403023,low,0.3665737914
469,93.82461391,0.001642366914,0.003309600663,0.4962432273,low,0.346601654
470,93.98736321,0.00164795237,0.003297568598,0.4997477143,low,0.3326211578
471,93.88856442,0.0016183857,0.003282724593,0.493000754,low,0.3048348105
472,93.89622796,0.001569210518,0.003266279928,0.4804274443,low,0.3033843673
473,93.82143482,0.001533876236,0.003250884297,0.4718335369,low,0.3023690571
474,93.75679064,0.001496700939,0.003235323305,0.4626124804,low,0.30165834
475,93.72225751,0.001453908439,0.003219316832,0.4516201776,low,0.301160838
476,93.82874704,0.00143679895,0.003205192079,0.4482723389,low,0.3008125866
477,93.78900891,0.001396887377,0.003189407176,0.4379771223,low,0.3605688106
478,93.86885685,0.001370280346,0.003174560895,0.4316440575,low,0.4473981674
479,93.82089574,0.001334421058,0.003159061635,0.4224105802,low,0.4631787172
480,93.76999487,0.001300580199,0.003143695074,0.4137106711,low,0.519225102
481,93.81593253,0.001266653556,0.003128320532,0.4048989044,low,0.5134575714
482,93.77786821,0.001232082698,0.003112904163,0.3957984678,low,0.5094203
483,93.67367981,0.001225189549,0.00309929473,0.3953123712,low,0.55159421
484,93.55065823,0.001230709323,0.003086558241,0.3987319294,low,0.536115947
485,93.4427073,0.001226275782,0.0030732563,0.3990151364,low,0.5702811629
486,93.3716357,0.001203438163,0.003058797905,0.3934350031,low,0.549196814
487,93.38335263,0.001167181352,0.003043491355,0.3835007942,low,0.5344377698
488,93.69205335,0.001390714254,0.003046166442,0.456545721,low,0.5241064389
489,93.49469172,0.001443898059,0.003038224064,0.4752440993,low,0.4568745072
490,93.48144415,0.00140034135,0.003023027986,0.4632247391,low,0.436812155
491,93.51958908,0.001361353984,0.003008151522,0.4525549906,low,0.4227685085
492,93.57607535,0.00132814294,0.002993681986,0.4436486393,low,0.385937956
493,93.63186483,0.001295932085,0.002979272205,0.434982773,low,0.3601565692
494,93.57028312,0.001266745765,0.002965068429,0.4272231133,low,0.4471095984
495,93.37029423,0.001335304938,0.002957954248,0.4514285301,low,0.3849767189
496,93.29455597,0.00130979686,0.002944245837,0.4448666763,low,0.3594837032
497,93.20158672,0.001293164908,0.00293118372,0.4411749762,low,0.3686385923
498,93.36709902,0.001326959938,0.002921882996,0.4541454737,low,0.3480470146
499,93.39399636,0.001288468602,0.002907379561,0.4431717893,low,0.4386329102
500,93.20260994,0.001346484999,0.002900070221,0.4642939296,low,0.3970430371
501,93.0688951,0.001352003835,0.002889102891,0.4679666616,low,0.367930126
502,92.99295114,0.001325980097,0.002875779949,0.4610853822,low,0.3475510882
503,92.98216964,0.001285899073,0.002861388412,0.449396897,low,0.3332857617
504,92.97732335,0.001246790778,0.002847050294,0.4379236927,low,0.3233000332
505,92.83032581,0.001269421096,0.002837194695,0.4474212144,low,0.3463100233
506,92.97953269,0.001292091945,0.002827537783,0.4569671721,low,0.3594170163
507,93.06139494,0.001271141347,0.002814740666,0.4516015851,low,0.3685919114
508,92.89675571,0.001306513611,0.00280622373,0.4655771373,low,0.375014338
509,92.74694937,0.001326967227,0.002796817808,0.4744560847,low,0.3525100366
510,92.81431702,0.001298778053,0.002783745697,0.4665577227,low,0.3367570256
511,92.70542286,0.001291627864,0.00277227866,0.4659083816,low,0.3257299179
512,92.86620699,0.001322259864,0.002763820087,0.4784174881,low,0.3180109425
513,92.91664907,0.001288860445,0.002750502351,0.4685909263,low,0.3126076598
514,92.79376286,0.001290959972,0.002739913301,0.4711681831,low,0.3358253618
515,92.87657097,0.001270559661,0.002727638196,0.4658094547,low,0.3520777533
516,92.9295092,0.001239735612,0.002714563869,0.4566978975,low,0.3634544273
517,92.75640754,0.001285807028,0.002707384426,0.4749259159,low,0.3264180991
518,92.90805073,0.001309276444,0.002698761748,0.4851396923,low,0.3184926694
519,92.82629663,0.001287575926,0.002686676701,0.4792448325,low,0.2949448686
520,92.75731058,0.001261563998,0.002674243174,0.4717461784,low,0.278461408
521,92.90324781,0.001282317632,0.002665478448,0.4810834741,low,0.3119229856
522,93.1690012,0.001426617874,0.002667455904,0.5348234144,low,0.3353460899
523,93.57072271,0.001738909199,0.002688732281,0.646739436,low,0.3247422629
524,93.43712957,0.001721875554,0.002679067292,0.6427145593,low,0.3443195841
525,93.59631209,0.001720700346,0.00267106754,0.6441994894,low,0.3130237088
526,93.46879669,0.001701376108,0.002661173121,0.6393331174,low,0.3091165962
527,93.02051865,0.002026759837,0.00269112428,0.7531275503,normal,0.3063816173
528,93.13151317,0.001986609071,0.002680289035,0.7411921049,normal,0.3044671321
529,92.90429791,0.002016885551,0.002678017537,0.7531263421,normal,0.3031269925
530,92.70773074,0.002023097715,0.002672998552,0.7568645009,normal,0.2841888947
531,92.65589811,0.001966243825,0.002660187906,0.7391371942,normal,0.3159322263
532,92.60454285,0.001911175088,0.002647434119,0.7218971281,normal,0.3111525584
533,92.61252924,0.001853073399,0.002634177806,0.7034731654,normal,0.3978067909
534,92.62548673,0.001796948107,0.002621011161,0.6855934585,low,0.3684647536
535,92.68676748,0.001749721813,0.002608711698,0.6707225694,low,0.3479253275
536,92.38553843,0.001874470123,0.002615968309,0.7165492476,normal,0.4235477293
537,92.20739389,0.001877856513,0.002610002199,0.7194846478,normal,0.5304834105
538,92.10054007,0.001842670011,0.002599506703,0.7088537258,normal,0.5513383873
539,92.16735737,0.001795344917,0.002587493029,0.6938549774,low,0.4759368711
540,92.21887998,0.001746025979,0.002575129543,0.6780342307,low,0.5281558098
541,92.3799561,0.001745973325,0.002568157835,0.6798543693,low,0.4597090669
542,92.52498093,0.001735844412,0.002560095059,0.6780390464,low,0.4117963468
543,92.74519255,0.001780850927,0.00255833079,0.696098774,low,0.4052574428
544,92.80767955,0.001734463074,0.002546397885,0.6811437771,low,0.3736802099
545,93.11842415,0.001870365575,0.002555589024,0.7318725964,normal,0.441576147
546,93.24743168,0.001844823633,0.002546545122,0.7244417612,normal,0.4891033029
547,93.25753981,0.001788819934,0.00253380359,0.705982082,normal,0.522372312
548,93.32577427,0.001743554357,0.002522163483,0.6912931573,low,0.4556606184
549,93.35639957,0.001692348045,0.002509735454,0.6743133192,low,0.4089624329
550,93.55134738,0.001718514317,0.002505853083,0.6858001087,low,0.376273703
551,93.62782876,0.001678142692,0.002494631202,0.6727017166,low,0.3533915921
552,93.85720698,0.001733906448,0.002494158387,0.6951869846,low,0.3373741145
553,93.9103135,0.001686785142,0.002482300856,0.6795248601,low,0.3531618801
554,93.73795,0.001696179189,0.002476680929,0.6848597932,low,0.3642133161
555,93.59211675,0.001688150175,0.002469180102,0.6836885547,low,0.3449493213
556,93.68344051,0.001654065027,0.00245873824,0.6727292072,low,0.3584645249
557,93.74979783,0.001613027117,0.002447438116,0.6590675804,low,0.3409251674
558,93.91871678,0.001624864607,0.002441814991,0.6654331361,low,0.3286476172
559,94.08604166,0.001634588468,0.002436087048,0.6709893511,low,0.320053332
560,94.1093631,0.001585954683,0.002424002716,0.6542710008,low,0.3140373324
561,94.11381084,0.001537683691,0.00241185688,0.6375517981,low,0.3368261327
562,94.21229968,0.001512693697,0.00240204558,0.6297522868,low,0.3257782929
563,94.35724748,0.001514183834,0.002394944447,0.6322417359,low,0.345044805
564,94.47263654,0.001498267778,0.002386071621,0.6279223827,low,0.3315313635
565,94.56302635,0.001471390996,0.002376036614,0.6192627619,low,0.3490719545
566,94.58137491,0.00142735788,0.002364206191,0.6037366306,low,0.3943503681
567,94.54086014,0.00138784858,0.00235274561,0.5898846755,low,0.3960452577
568,94.51908089,0.001346752085,0.002341065698,0.5752730843,low,0.3972316804
569,94.64336398,0.001344811554,0.002333034423,0.5764216509,low,0.4730621763
570,94.44748705,0.001399122054,0.002330566821,0.6003355242,low,0.4811435234
571,94.58173674,0.001400408592,0.002323230939,0.6027849269,low,0.4088004664
572,94.5391248,0.001362226015,0.002312024798,0.5891917837,low,0.4361603265
573,94.39143378,0.001375129562,0.002305742312,0.5963934281,low,0.4553122285
574,94.45863207,0.001344585373,0.002295288152,0.5858024282,low,0.46871856
575,94.37514589,0.001321494203,0.002285494003,0.578209438,low,0.448102992
576,94.4701651,0.001304732412,0.002276263335,0.5731904531,low,0.4036720944
577,94.22318386,0.001418224899,0.00227993205,0.6220470031,low,0.3725704661
578,94.22115376,0.001375030184,0.002268504771,0.6061394278,low,0.3507993262
579,94.35473955,0.001377571206,0.002261575905,0.6091200403,low,0.3355595284
580,94.4557318,0.00136106769,0.002252781055,0.6041722017,low,0.3518916699
581,94.56362609,0.001348908058,0.002244394185,0.601012098,low,0.3363241689
582,94.65706462,0.001330001017,0.002235326828,0.5949917482,low,0.3254269182
583,94.91240931,0.001448519529,0.002240377769,0.6465514652,low,0.2997988428
584,94.84653199,0.001414652481,0.002230228803,0.6343082287,low,0.2998591899
585,94.83191223,0.00137207614,0.002219103183,0.6183020919,low,0.299901433
586,95.01651952,0.00141300002,0.002216528073,0.6374834757,low,0.2999310031
587,94.92966619,0.0013881477,0.002207312828,0.6288858028,low,0.2999517021
588,94.84377438,0.001364001623,0.002198113181,0.6205329344,low,0.3269661915
589,94.71480496,0.001363805808,0.00219132392,0.6223661393,low,0.3188763341
590,94.71017425,0.001322313024,0.002180345253,0.6064695589,low,0.3132134338
591,94.92493692,0.001396931417,0.002181208173,0.6404392914,low,0.3362494037
592,95.16154614,0.001485323678,0.002184506371,0.6799356126,low,0.3253745826
593,95.04381746,0.001471652379,0.002177078696,0.6759757383,low,0.2997622078
594,94.93735196,0.001452992337,0.002169063594,0.6698707872,low,0.3268335455
595,95.04240902,0.001434540787,0.002161023013,0.6638248543,low,0.3007834818
596,95.08048662,0.001394295386,0.002150563815,0.6483394613,low,0.2825484373
597,94.89125289,0.001437203913,0.002149038231,0.6687660985,low,0.2877839061
598,95.08309553,0.00147863643,0.002147783117,0.6884477386,low,0.2914487343
599,94.90216767,0.001507596011,0.002145488194,0.7026820354,normal,0.384014114
600,94.80527469,0.001482930415,0.002137176408,0.6938736594,low,0.3588098798
601,94.65767093,0.001487549491,0.002132164489,0.6976710752,low,0.3411669159
602,94.58901406,0.001453142565,0.002122717321,0.6845671587,low,0.3558168411
603,94.49536861,0.001429612928,0.002114398434,0.6761322297,low,0.3390717888
604,94.4687185,0.00138778211,0.002103988959,0.6595957188,low,0.3273502521
605,94.57032581,0.001371028351,0.002096200808,0.6540539178,low,0.3191451765
606,94.50542736,0.001339854836,0.002086822899,0.642054885,low,0.3134016235
607,94.3922312,0.001331796277,0.002079818585,0.6403425218,low,0.3363811365
608,94.20340398,0.001381249568,0.002079059214,0.6643627844,low,0.3524667955
609,94.12003737,0.00135661735,0.002070531547,0.6552024534,low,0.3367267569
610,94.27808943,0.001378004812,0.002066974058,0.6666773617,low,0.3527087298
611,94.47186713,0.001427557243,0.002066837516,0.6906964056,low,0.3368961109
612,94.63210198,0.001444977476,0.002063448176,0.7002732088,normal,0.4158272776
613,94.85101789,0.00151097077,0.002066066775,0.731327171,normal,0.4710790943
614,94.78822824,0.00147389325,0.002056776775,0.7166034098,normal,0.473755366
615,94.60295772,0.001507212608,0.002055798084,0.7331520636,normal,0.5116287562
616,94.34849864,0.001603323691,0.002063149479,0.7771243466,normal,0.5381401294
617,94.50688586,0.001607860696,0.002059649139,0.7806478614,normal,0.6106980905
618,94.45536646,0.001564590482,0.002050050345,0.7631961264,normal,0.6614886634
619,94.84384637,0.001819845019,0.002080658759,0.8746484788,normal,0.6430420644
620,94.73349915,0.001787299352,0.00207349986,0.8619722557,normal,0.6301294451
621,94.72088137,0.001733158155,0.002063149311,0.8400546415,normal,0.6750906115
622,94.63753214,0.001694138759,0.002054694403,0.8245210365,normal,0.6525634281
623,94.75136869,0.0016687148,0.002047926501,0.8148313915,normal,0.6007943997
624,94.64032225,0.001643180166,0.002041032666,0.8050729386,normal,0.6005560798
625,94.47535437,0.001649442778,0.00203828196,0.8092318975,normal,0.6003892558
626,94.36882505,0.001622897177,0.00203120071,0.798984152,normal,0.6542724791
627,94.17839249,0.001649421524,0.002031089001,0.8120872709,normal,0.6379907354
628,94.27245875,0.001617761838,0.002023372322,0.7995373961,normal,0.6265935147
629,94.13872693,0.001606560188,0.002018228706,0.7960248424,normal,0.6186154603
630,94.35326134,0.001654410104,0.002020972832,0.8186206552,normal,0.6130308222
631,94.36193087,0.001604167988,0.002010863569,0.7977507837,normal,0.6091215756
632,94.44843621,0.001571410884,0.002002881173,0.7845751936,normal,0.6063851029
633,94.42008005,0.001525313774,0.001993067813,0.7653095211,normal,0.658469572
634,94.58201592,0.001537260654,0.001990467275,0.7723114432,normal,0.6409287004
635,94.57470617,0.001490549731,0.001980505013,0.752610936,normal,0.6286500903
636,94.32677027,0.00158173361,0.001987984895,0.7956466942,normal,0.6200550632
637,94.22889972,0.001554486541,0.001980742229,0.7848000199,normal,0.5780385442
638,94.32373763,0.00152714101,0.001973379303,0.7738709973,normal,0.584626981
639,94.42546592,0.001503976334,0.001966444186,0.7648202497,normal,0.5892388867
640,94.59049121,0.001519595674,0.001964363559,0.7735816859,normal,0.6464672207
641,94.47438583,0.001503705513,0.00195837225,0.7678343652,normal,0.6865270545
642,94.38038484,0.001478148107,0.001951097011,0.7575984683,normal,0.6605689381
643,94.6232231,0.001565253513,0.001958250178,0.7993123305,normal,0.6963982567
644,94.65756325,0.001520170057,0.001948772155,0.7800655672,normal,0.6674787797
645,94.60570144,0.001479960397,0.001939778144,0.762953434,normal,0.6472351458
646,94.5598195,0.001439786454,0.001930664409,0.7457466183,normal,0.633064602
647,94.87083169,0.001611070889,0.001948849487,0.8266779447,normal,0.6231452214
648,94.91476265,0.00156610217,0.001939633326,0.807421768,normal,0.616201655
649,94.89028779,0.001519705901,0.001930083097,0.7873784827,normal,0.6113411585
650,94.74919617,0.001517822146,0.001926164571,0.7880023172,normal,0.661938811
651,94.59346015,0.001525752963,0.001923556525,0.7931937239,normal,0.6973571677
652,94.61035223,0.001479918845,0.001913997869,0.7732081991,normal,0.6681500174
653,94.78031901,0.001500681844,0.001912843415,0.7845293728,normal,0.6477050122
654,95.01095639,0.001572050738,0.001918710577,0.8193266649,normal,0.6333935085
655,95.05590018,0.001528555678,0.001909678603,0.8004256192,normal,0.677375456
656,94.77981768,0.001644356318,0.001922239841,0.8554376423,normal,0.7081628192
657,94.77909382,0.001594263697,0.001912604645,0.833556324,normal,0.6397139734
658,94.71776425,0.001553806641,0.001904118113,0.8160242949,normal,0.6817997814
659,94.54176335,0.001573851208,0.001903680918,0.8267410743,normal,0.657259847
660,94.6090959,0.001535838256,0.001895476112,0.8102651603,normal,0.6400818929
661,94.58889771,0.001489968619,0.001886095776,0.7899750575,normal,0.628057325
662,94.3858067,0.001537530893,0.001888910505,0.8139776285,normal,0.6196401275
663,94.27064382,0.001520392453,0.00188340341,0.8072579906,normal,0.6677480893
664,94.44326772,0.00154068717,0.001882871799,0.8182645097,normal,0.6474236625
665,94.63102921,0.001570978308,0.001883932227,0.8338826027,normal,0.6871965637
666,94.68445731,0.001529382116,0.001875338501,0.8155232327,normal,0.6610375946
667,94.61730142,0.001492941216,0.001867286698,0.7995243672,normal,0.6427263162
668,94.61486277,0.00144747398,0.001857928594,0.7790794463,normal,0.5939084214
669,94.86055048,0.001540453607,0.001866717497,0.8252205327,normal,0.595735895
670,94.71571839,0.001539706622,0.001863634721,0.8261847692,normal,0.5970151265
671,94.4135992,0.001685490092,0.00188161457,0.895767985,normal,0.5979105885
672,94.13887306,0.001783235253,0.001894725823,0.9411574127,normal,0.598537412
673,94.30303897,0.001780808653,0.001893262778,0.9406030025,normal,0.5989761884
674,94.35169517,0.001731175056,0.001884478771,0.9186492751,normal,0.5992833319
675,94.33737601,0.001678848175,0.001875094129,0.8953407454,normal,0.5994983323
676,94.38950106,0.001633317835,0.001866512662,0.8750638924,normal,0.5636488326
677,94.68988856,0.001764484331,0.001884141111,0.9364926653,normal,0.5745541828
678,94.63466293,0.001716689179,0.001875604266,0.9152725926,normal,0.582187928
679,94.59001504,0.001668401032,0.001866799233,0.893722797,normal,0.5875315496
680,94.61566472,0.001618937608,0.001857639658,0.8715025008,normal,0.5912720847
681,94.65495198,0.001572908802,0.00184879428,0.8507754585,normal,0.6478904593
682,94.62517754,0.001526937533,0.001839796093,0.8299493288,normal,0.7535233215
683,94.44287218,0.001553957603,0.00184070391,0.844219211,normal,0.8274663251
684,94.65578308,0.001604414886,0.001845268896,0.8694748443,normal,0.7592264275
685,94.58164975,0.001567332195,0.001837690338,0.8528815561,normal,0.7654584993
686,94.867819,0.001690191706,0.001853268191,0.912005998,normal,0.7158209495
687,94.98805681,0.001667813846,0.001848323639,0.9023386437,normal,0.6810746646
688,95.26175014,0.001763917276,0.001861429601,0.9476142828,normal,0.6567522653
689,95.24913015,0.001710489128,0.001852146453,0.923517212,normal,0.6397265857
690,95.09126871,0.001707427706,0.001850312352,0.9227780945,normal,0.59180861
691,94.97704985,0.001681386498,0.001844956422,0.9113421207,normal,0.558266027
692,94.74777809,0.001734335005,0.001851550447,0.9366933581,normal,0.5707862189
693,94.78631132,0.001684447309,0.001842718096,0.9141101465,normal,0.5795503532
694,94.99282343,0.001717937415,0.001846352769,0.9304491772,normal,0.6396852473
695,95.07611733,0.001679381238,0.00183918737,0.913110467,normal,0.6817796731
696,95.07120211,0.001628269766,0.00182997563,0.8897767483,normal,0.6572457712
697,94.94286838,0.001612967245,0.001825806345,0.8834273415,normal,0.6940720398
698,95.09409636,0.001611691079,0.001823612866,0.8837901445,normal,0.6658504279
699,94.93930317,0.001612741885,0.001821770688,0.8852606402,normal,0.6460952995
700,94.92920489,0.001563828346,0.001812670158,0.8627208536,normal,0.6322667097
701,95.01213645,0.001531201407,0.001805696746,0.8479836998,normal,0.6225866968
702,94.87429619,0.00152655483,0.001802501898,0.8469088614,normal,0.6698106877
703,95.00128449,0.001515881627,0.001798447821,0.8428832958,normal,0.7028674814
704,95.2831768,0.001639125815,0.001813795867,0.9036991676,normal,0.672007237
705,95.19258248,0.001606182175,0.001807209317,0.8887637748,normal,0.7044050659
706,95.15580157,0.001560125936,0.001798565808,0.8674277744,normal,0.6730835461
707,95.15206811,0.001512628747,0.001789554685,0.8452542747,normal,0.6511584823
708,95.43788575,0.001640277295,0.001805668486,0.908404454,normal,0.6898109376
709,95.56748199,0.001624673649,0.001801734868,0.901727373,normal,0.6628676563
710,95.60817749,0.001578627833,0.00179320902,0.8803367683,normal,0.6980073594
711,95.730375,0.001562187651,0.001788786553,0.8733225595,normal,0.6686051516
712,95.59701144,0.001552614979,0.001785271566,0.8696800023,normal,0.6480236061
713,95.58783153,0.001505499852,0.001776348738,0.8475249368,normal,0.6336165243
714,95.65997719,0.001471289163,0.001769054264,0.8316811942,normal,0.683531567
715,95.80053783,0.001471109937,0.001766300225,0.8328764932,normal,0.6224720969
716,95.93036294,0.001464360967,0.001762656536,0.8307693176,normal,0.6157304678
717,96.09067244,0.001477486844,0.001761751326,0.8386466477,normal,0.6650113275
718,96.01270556,0.001446209699,0.001754798825,0.8241455821,normal,0.6995079292
719,96.17044195,0.0014586661,0.001753702275,0.8317638182,normal,0.6696555505
720,95.79695245,0.001705438914,0.001787772321,0.953946369,normal,0.6487588853
721,96.03789717,0.001764261908,0.001796460452,0.9820766753,normal,0.6881312197
722,96.21259633,0.001767496006,0.00179667118,0.9837615392,normal,0.7156918538
723,95.88549458,0.001905905398,0.001819814923,1.047307269,normal,0.6809842977
724,95.93240221,0.001851723282,0.001811353398,1.022287139,normal,0.6566890084
725,95.94730981,0.001795715744,0.001802340857,0.9963241621,normal,0.6936823059
726,95.97847671,0.001742827669,0.001793600587,0.9716921828,normal,0.7195776141
727,95.89189721,0.001704133066,0.001786890517,0.9536863336,normal,0.7377043299
728,95.84131339,0.001657265846,0.00177871641,0.9317201078,normal,0.6603930309
729,95.68275063,0.001657177945,0.001777529322,0.9322928879,normal,0.6962751216
730,95.69455207,0.001606977616,0.001768662346,0.9085836085,normal,0.6673925851
731,95.68536124,0.001558200228,0.001759823026,0.8854300717,normal,0.8571748096
732,95.76206978,0.001523429924,0.001752834558,0.8691236243,normal,0.9000223667
733,95.85975857,0.001497986462,0.001747026198,0.8574493408,normal,0.9300156567
734,95.79427604,0.001461965435,0.001739611761,0.8403975344,normal,0.9510109597
735,95.86833421,0.001430012342,0.001732616157,0.825348613,normal,0.9657076718
736,95.91353874,0.001391248781,0.001724575742,0.8067194421,normal,1.06599537
737,96.08942947,0.00142156569,0.001725684863,0.8237689978,normal,1.046196759
738,96.23151083,0.001424986439,0.001723380325,0.8268554643,normal,1.122337731
739,96.01893722,0.001483972753,0.001728942839,0.8583122121,normal,1.025636412
740,96.19231166,0.001505094502,0.001729709527,0.8701429222,normal,0.8619454884
741,96.0176357,0.001525647771,0.001730610047,0.881566459,normal,0.7833618419
742,95.89981126,0.00150943842,0.001726307496,0.8743740167,normal,0.7283532893
743,95.96275095,0.001472252503,0.001718906849,0.8565051123,normal,0.6898473025
744,95.88333245,0.001441736746,0.001712293547,0.8419915783,normal,0.7168931118
745,95.82766829,0.001405034497,0.001704699953,0.8242121991,normal,0.6818251782
746,95.84540634,0.001362985708,0.001696256018,0.8035259382,normal,0.6212776248
747,95.91837712,0.001334547841,0.001689468433,0.7899217382,normal,0.6148943373
748,95.99259337,0.001307688748,0.001682778273,0.7771010414,normal,0.6104260361
749,95.92544265,0.001279386121,0.001675804966,0.7634457155,normal,0.8172982253
750,95.92166411,0.001240448393,0.001667409541,0.7439374447,normal,0.8721087577
751,95.86379711,0.001211709125,0.001660148674,0.7298798859,normal,0.9104761304
752,95.61831308,0.00133214248,0.001671608757,0.7969224106,normal,0.8773332913
753,95.64387254,0.001293218239,0.001663444444,0.7774339825,normal,0.9141333039
754,95.79041197,0.001308701486,0.001662171904,0.7873442469,normal,0.9398933127
755,95.78163756,0.001269031555,0.001653865532,0.7673124144,normal,0.9579253189
756,95.71988085,0.001240473327,0.00164683891,0.7532450923,normal,1.060547723
757,95.50330043,0.001324506977,0.001654167302,0.8007091999,normal,1.042383406
758,95.7015829,0.001380998255,0.001658892059,0.8324822871,normal,0.9096683844
759,95.61962347,0.001355275037,0.00165279891,0.8199878575,normal,0.8707678691
760,95.69520906,0.001328166516,0.001646411394,0.8067039146,normal,0.7535375083
761,95.73563693,0.001291854788,0.00163870308,0.7883397572,normal,0.7074762558
762,95.87144287,0.001299739102,0.001636639449,0.7941511509,normal,0.6752333791
763,95.81695551,0.001267814622,0.001629427725,0.7780735545,normal,0.7066633654
764,95.88718264,0.001242223917,0.001622914753,0.7654277064,normal,0.7946643558
765,95.9839058,0.001229439823,0.001617924178,0.7598871693,normal,0.736265049
766,95.86036774,0.001233025572,0.001614957805,0.7635032745,normal,0.6953855343
767,95.69447924,0.00126851283,0.001616170412,0.7848880417,normal,0.666769874
768,95.54312418,0.001289539392,0.001615841109,0.7980607655,normal,0.7007389118
769,95.51654241,0.001252111306,0.001607982378,0.7786847188,normal,0.7905172383
770,95.26748478,0.001372122309,0.001621085614,0.8464218652,normal,0.7333620668
771,95.44102237,0.001403026789,0.001623194587,0.8643614267,normal,0.6933534468
772,95.4996201,0.0013685681,0.001616224092,0.8467687784,normal,0.6653474127
773,95.75140725,0.001475323302,0.001629536232,0.9053639142,normal,0.6457431889
774,95.89230333,0.001475028149,0.001628021837,0.9060247932,normal,0.6320202322
775,95.97731714,0.001446472458,0.001622283387,0.8916274859,normal,0.5864141626
776,96.0068561,0.001404431279,0.001614444885,0.8699159025,normal,0.5904899138
777,95.84080579,0.001426140479,0.001615652751,0.8827023496,normal,0.5933429397
778,95.86416026,0.001383981933,0.001607738824,0.8608250992,normal,0.6493400578
779,95.88769398,0.001343166658,0.001599868242,0.8395482969,normal,0.6345380404
780,95.80437102,0.001319543929,0.001594220863,0.8277045921,normal,0.6241766283
781,95.85961868,0.001287115346,0.001587277021,0.810895218,normal,0.7369236398
782,95.65799906,0.001350278677,0.001593293743,0.8474762945,normal,0.7498465479
783,95.59245563,0.001319865668,0.001586788299,0.8317843464,normal,0.9148925835
784,95.47488859,0.001314682614,0.001583623299,0.8301738266,normal,1.030424808
785,95.70375741,0.001403084295,0.001593772429,0.8803542268,normal,0.9552973659
786,95.7665452,0.001369793808,0.001587139197,0.8630583951,normal,0.8487081561
787,95.79271094,0.001329749164,0.00157941984,0.8419225398,normal,0.9840957093
788,95.7406055,0.001296109851,0.00157244449,0.8242642959,normal,1.078866997
789,95.6962482,0.001261741604,0.001565248666,0.8060965848,normal,1.055206898
790,95.67770569,0.001224224438,0.001557523314,0.7860071354,normal,1.128644828
791,95.52556992,0.001249298162,0.00155786523,0.8019295491,normal,0.9700513798
792,95.48022914,0.001216809297,0.001550783218,0.7846417755,normal,0.9790359659
793,95.55266226,0.001194274412,0.001544872153,0.7730571166,normal,0.9853251761
794,95.36842984,0.001250676785,0.001549196595,0.8073066963,normal,0.9897276233
795,95.36438672,0.0012126206,0.00154143698,0.7866819179,normal,1.082809336
796,95.24030505,0.001218166989,0.001539226815,0.7914148699,normal,0.9979665354
797,95.61169388,0.001517798494,0.001580188769,0.9605172014,normal,0.8785765748
798,95.67174364,0.001479574987,0.00157352111,0.9402956073,normal,0.7590036023
799,95.55501277,0.00146534094,0.001570386599,0.9331084081,normal,0.7113025216
800,95.41108814,0.00146789428,0.001569768591,0.9351023382,normal,0.6779117652
801,95.56913364,0.001479794532,0.001570644837,0.9421573207,normal,0.6185382356
802,95.29715937,0.001595530772,0.001588544922,1.004397641,normal,0.6129767649
803,95.18286232,0.001574607578,0.001585131698,0.9933607281,normal,0.6090837354
804,95.23075483,0.001531603224,0.001577988129,0.9706050355,normal,0.6063586148
805,95.2157122,0.001485448499,0.001570157833,0.9460504339,normal,0.6044510304
806,95.32542255,0.001467559228,0.001566525682,0.9368242379,normal,0.6031157213
807,95.23720357,0.001440812762,0.001561420893,0.9227574502,normal,0.6561810049
808,95.26309042,0.001398505171,0.001553831872,0.9000363534,normal,0.6393267034
809,95.1806551,0.001372383262,0.001548465122,0.8862861953,normal,0.5915286924
810,94.88396726,0.001534676403,0.001572015837,0.9762474187,normal,0.5940700847
811,94.75540952,0.001524536482,0.001570001191,0.9710416085,normal,0.6498490593
812,94.70197354,0.001484537297,0.00156314962,0.9497090219,normal,0.6348943415
813,94.71791821,0.001439902942,0.001555405347,0.9257412832,normal,0.744426039
814,94.54528717,0.001465808008,0.001558323323,0.9406315023,normal,0.7010982273
815,94.56447955,0.001422023026,0.001550644981,0.9170526098,normal,0.7247687591
816,94.66665169,0.001403847277,0.001546646685,0.907671604,normal,0.7413381314
817,94.48321065,0.00144162117,0.00155106955,0.9294368325,normal,0.698936692
818,94.56160444,0.001412390284,0.001545521622,0.9138599315,normal,0.6692556844
819,94.43738478,0.001406709038,0.001543382598,0.9114454446,normal,0.6484789791
820,94.33423288,0.001389878794,0.001539530223,0.9027940952,normal,0.5979352853
821,94.36240801,0.001349521408,0.001532104293,0.8808286836,normal,0.7185546997
822,94.33079428,0.001310981423,0.001524792747,0.8597767967,normal,0.7429882898
823,94.30273249,0.001273131296,0.001517441338,0.8389986907,normal,0.8200918029
824,94.60401644,0.00146085183,0.001543161698,0.9466615403,normal,0.808064262
825,94.49206095,0.001445742061,0.001539985639,0.9388023008,normal,0.7096449834
826,94.27294292,0.001512662767,0.001549754282,0.9760661964,normal,0.6767514884
827,94.30486828,0.001468924216,0.001542357737,0.9523887884,normal,0.6537260419
828,94.26766819,0.001427450157,0.001535133663,0.9298539868,normal,0.6376082293
829,94.15107306,0.001416777653,0.001532444445,0.9245213796,normal,0.6803257605
830,93.94503575,0.001474717266,0.001540420956,0.9573469248,normal,0.6202280324
831,93.85111474,0.001450631889,0.001535959844,0.9444464936,normal,0.6681596227
832,93.88253074,0.001408827109,0.001528627185,0.9216289775,normal,0.6477117359
833,93.59898444,0.00155392054,0.001550750743,1.00204404,normal,0.6333982151
834,93.81273553,0.001606857267,0.001559747785,1.030203269,normal,0.6233787506
835,93.55351558,0.001698953889,0.001576403268,1.077740654,normal,0.5803651254
836,93.49564519,0.00165415549,0.001569721497,1.053789155,normal,0.5502555878
837,93.39010179,0.001627452713,0.001565931975,1.03928698,normal,0.5651789114
838,93.33226421,0.001585154021,0.001559313749,1.016571567,normal,0.629625238
839,93.18140101,0.001587126682,0.001559908612,1.017448503,normal,0.6747376666
840,93.28017282,0.001560505301,0.001555701039,1.003088166,normal,0.6163163666
841,93.32799039,0.001518165029,0.001548751156,0.9802511031,normal,0.6114214566
842,93.48132406,0.001525853171,0.001549707252,0.984607363,normal,0.6619950196
843,93.43040079,0.001485378272,0.001542901716,0.9627173631,normal,0.6073965138
844,93.33382135,0.00146224032,0.001538647704,0.9503412093,normal,0.6051775596
845,93.30565514,0.001419621019,0.001531232632,0.927109957,normal,0.7236242917
846,93.48997648,0.001458796967,0.001536285781,0.9495609374,normal,0.6865370042
847,93.47682043,0.001414776164,0.001528649834,0.9255070276,normal,0.720575903
848,93.48020448,0.001371705045,0.001520991689,0.9018491392,normal,0.7444031321
849,93.47704005,0.001329943234,0.001513371409,0.8787950045,normal,0.7610821924
850,93.52713205,0.001296088174,0.001506738256,0.8601946415,normal,0.9227575347
851,93.57026415,0.001261669045,0.001499894458,0.8411718822,normal,0.9459302743
852,93.3960465,0.001305636441,0.001503967286,0.8681282187,normal,0.962151192
853,93.45640431,0.001275714698,0.001497822485,0.8517128766,normal,0.9735058344
854,93.562549,0.001267718932,0.001494631227,0.8481817511,normal,0.9814540841
855,93.41039107,0.001292140946,0.001496019346,0.8637194097,normal,0.9270178589
856,93.38182973,0.001255014609,0.001488834555,0.8429510213,normal,1.038912501
857,93.32943879,0.00122452216,0.001482434307,0.8260211965,normal,1.027238751
858,93.38727397,0.001196876687,0.001476303871,0.8107251565,normal,1.019067126
859,93.32127037,0.001173267168,0.001470604366,0.797812923,normal,1.103346988
860,93.42322956,0.001168548545,0.001467301706,0.7963928211,normal,1.072342892
861,93.40955327,0.001133517252,0.001460020167,0.7763709558,normal,1.050640024
862,93.40603626,0.00109902445,0.001452706603,0.7565357294,normal,1.035448017
863,93.26785447,0.001125561878,0.001452986783,0.7746539001,normal,1.024813612
864,93.00869998,0.001286625517,0.001472236528,0.8739258218,normal,1.107369528
865,93.04444501,0.001250975451,0.001465360718,0.8536979569,normal,1.07515867
866,92.74680384,0.001444643937,0.001492805423,0.9677375999,normal,0.9326110688
867,92.87179098,0.001438955846,0.001491415306,0.9648257197,normal,0.8868277482
868,92.93569244,0.001405256003,0.001485532714,0.9459609946,normal,0.8007794237
869,93.00710513,0.001375376231,0.001480080866,0.9292574901,normal,0.7405455966
870,92.84274963,0.001402090007,0.001483244982,0.9452855221,normal,0.7523819176
871,92.7819011,0.001368829551,0.00147726563,0.926596763,normal,0.7066673423
872,92.66692891,0.001361440026,0.001475081348,0.922959285,normal,0.7286671396
873,92.48985083,0.001400650429,0.001480098635,0.9463223571,normal,0.6900669977
874,92.45813921,0.00136057641,0.001473078756,0.923627745,normal,0.6630468984
875,92.42465597,0.001322108114,0.001466142345,0.9017597224,normal,0.6981328289
876,92.24760472,0.001365171049,0.001471341008,0.9278413648,normal,0.6686929802
877,92.25411638,0.001323695365,0.001463982836,0.9041741016,normal,0.7680850862
878,92.1152164,0.00133538701,0.001464416774,0.9118899987,normal,0.7716595603
879,92.03723624,0.001311220131,0.001459535498,0.8983818021,normal,0.7741616922
880,92.03174713,0.001271359023,0.001452231731,0.8754518965,normal,0.9319131846
881,92.02232677,0.001232883311,0.001444988587,0.8532131821,normal,0.9523392292
882,92.2037172,0.001288980223,0.001451168576,0.8882360356,normal,0.9066374604
883,92.06126694,0.001305839142,0.0014521491,0.8992459123,normal,0.9346462223
884,91.75282789,0.001509524416,0.001483332896,1.01765721,normal,0.8342523556
885,91.63552377,0.001496709809,0.001481431651,1.010313103,normal,0.8179766489
886,91.59787297,0.001454601363,0.001474578659,0.9864522008,normal,0.7165836542
887,91.79430798,0.001504747453,0.001482744194,1.014839551,normal,0.681608558
888,91.96575731,0.001528832684,0.001487065938,1.02808668,normal,0.7111259906
889,91.99941695,0.001484966032,0.001480064369,1.00331179,normal,0.6777881934
890,92.21328932,0.001548005902,0.001490839439,1.038345151,normal,0.6544517354
891,92.1422447,0.001512674742,0.001485367474,1.018384183,normal,0.6921162148
892,92.48637001,0.00172761862,0.001524209769,1.133452006,normal,0.7184813503
893,92.42890348,0.001681893333,0.001517842693,1.10808145,normal,0.6469369452
894,92.66604629,0.001747280895,0.001531818044,1.140658254,normal,0.6328558617
895,92.40418027,0.001830386597,0.001550188974,1.180750623,normal,0.5869991032
896,92.48926806,0.001788889086,0.001545162232,1.157735446,normal,0.5908993722
897,92.41187725,0.001746471123,0.00153969429,1.13429733,normal,0.6476295606
898,92.44430624,0.001695446169,0.001532378192,1.106414969,normal,0.6333406924
899,92.61437992,0.001704339029,0.001535736123,1.109786378,normal,0.6233384847
900,92.72003159,0.0016758513,0.001532285649,1.093693791,normal,0.6163369393
901,92.5422616,0.001691434191,0.001536636077,1.100738305,normal,0.6114358575
902,92.65588352,0.001667221925,0.001533849399,1.086952817,normal,0.6080051002
903,92.7279024,0.001627597068,0.001528137387,1.065085562,normal,0.6056035702
904,92.65084504,0.001591099149,0.001522748591,1.044886305,normal,0.6039224991
905,92.51341405,0.001584901058,0.001522370108,1.041074735,normal,0.6027457494
906,92.64237673,0.00157404786,0.001521131039,1.034787813,normal,0.5659220246
907,92.91375978,0.001685922458,0.001541512943,1.093680378,normal,0.5761454172
908,93.10499123,0.001710389979,0.001547505336,1.105256272,normal,0.637301792
909,92.91101404,0.001735191881,0.001553808936,1.116734394,normal,0.6261112544
910,92.98789795,0.001694487787,0.001548231538,1.094466651,normal,0.6182778781
911,93.08851529,0.001664086906,0.001544262381,1.077593371,normal,0.6127945147
912,93.00616634,0.001627891264,0.001539068381,1.05771211,normal,0.6629561603
913,93.19474723,0.001654449392,0.001544691966,1.071054572,normal,0.6440693122
914,93.26630788,0.001615029458,0.001538864557,1.04949422,normal,0.6848485185
915,93.30560279,0.001569224988,0.00153173021,1.024478709,normal,0.713393963
916,93.1302795,0.001589641858,0.001535613611,1.035183491,normal,0.7333757741
917,92.9844945,0.00158826962,0.001535926715,1.034079038,normal,0.6933630419
918,93.07602898,0.001558630961,0.001531391911,1.017787119,normal,0.7193541293
919,92.96489103,0.001539226762,0.001528392719,1.007088521,normal,0.6835478905
920,92.94276109,0.001493474691,0.001520917899,0.9819561547,normal,0.7124835234
921,93.032896,0.001467315057,0.001516395445,0.9676335168,normal,0.6787384663
922,93.08359716,0.001428860812,0.001509777805,0.9464047012,normal,0.6551169264
923,93.11171244,0.001387305584,0.001502513479,0.9233232201,normal,0.8485818485
924,93.01072741,0.001371055186,0.001498915179,0.9146983137,normal,0.984007294
925,92.9236395,0.001348946224,0.001494340802,0.9027031996,normal,0.9888051058
926,92.66711678,0.001472748677,0.00151233018,0.9738274727,normal,0.872163574
927,92.38564182,0.001610625448,0.001535192272,1.049135979,normal,0.7545145018
928,92.2355652,0.00161153869,0.001536124584,1.049093743,normal,0.7081601513
929,92.12847505,0.001588146668,0.001532833325,1.036085686,normal,0.6757121059
930,92.08148608,0.001544827986,0.001526002927,1.012336188,normal,0.7069984741
931,91.8142154,0.001658391125,0.001545927215,1.072748515,normal,0.6748989319
932,91.48469985,0.001833264003,0.001579639395,1.160558548,normal,0.7064292523
933,91.61547816,0.001811529853,0.001578199554,1.147845878,normal,0.6745004766
934,91.50648684,0.001780382166,0.001574794105,1.130549168,normal,0.6521503336
935,91.42630797,0.001739448192,0.001569350463,1.108387344,normal,0.6905052335
936,91.4143663,0.001686761088,0.00156153863,1.080191713,normal,0.6273536635
937,91.41259644,0.001635382426,0.001553712525,1.052564358,normal,0.5831475644
938,91.54459646,0.001624480017,0.001552644115,1.046266817,normal,0.5882032951
939,91.52184048,0.001576168643,0.001545061415,1.020133328,normal,0.6457423066
940,91.43431649,0.00154601886,0.001540291149,1.003718589,normal,0.6320196146
941,91.47135393,0.001502200003,0.001533105353,0.9798413402,normal,0.6764137302
942,91.73979677,0.001623715209,0.001553313122,1.045323822,normal,0.7134896112
943,91.54800142,0.001655615028,0.001559632443,1.061541798,normal,0.7334427278
944,91.39295319,0.001658008407,0.001561044915,1.062114479,normal,0.6934099095
945,91.27024315,0.001640842037,0.001559020307,1.052482786,normal,0.6653869366
946,91.00728443,0.001740776796,0.001577810523,1.103286339,normal,0.6457708556
947,90.78216932,0.001793464792,0.00158931733,1.128449781,normal,0.6320395989
948,90.73890599,0.00174274444,0.001582069049,1.10156029,normal,0.6224277193
949,90.93486587,0.001770355418,0.001588852202,1.114235431,normal,0.6156994035
950,90.85791008,0.001728906,0.001583153393,1.092064741,normal,0.6649895824
951,90.83762969,0.001677128209,0.00157537591,1.064589219,normal,0.6454927077
952,91.04639241,0.001720514205,0.0015841992,1.086046632,normal,0.6858448954
953,91.29114798,0.001793041521,0.001598956968,1.121381974,normal,0.6600914268
954,91.27833701,0.001738758107,0.001591003994,1.092868474,normal,0.6420639987
955,91.31601907,0.001688817414,0.00158356696,1.066464164,normal,0.6294447991
956,91.34681122,0.00163945055,0.001575989898,1.040267169,normal,0.6206113594
957,91.11900101,0.001703125522,0.001587846898,1.072600592,normal,0.6144279516
958,91.16356919,0.001655580161,0.001580644303,1.047408426,normal,0.6100995661
959,90.9719536,0.00168585975,0.001586733881,1.06247164,normal,0.6610696963
960,91.02716593,0.001641244383,0.001579945696,1.038797971,normal,0.6967487874
961,90.84878413,0.001662206138,0.001584217147,1.049228725,normal,0.6317241512
962,90.74300855,0.001636638165,0.001580575326,1.035469894,normal,0.6222069058
963,90.87940757,0.001628874112,0.001579808982,1.031057634,normal,0.6155448341
964,90.85551203,0.00158056517,0.001572110046,1.005378201,normal,0.6108813839
965,91.02827879,0.001601511153,0.0015757237,1.016365466,normal,0.6076169687
966,90.89350577,0.001594574095,0.001574810867,1.012549588,normal,0.6593318781
967,90.94314393,0.001551770335,0.001567867898,0.9897328319,normal,0.6415323147
968,91.03621937,0.00152521933,0.001563359001,0.9756040227,normal,0.6830726203
969,90.8784129,0.001538609674,0.001565168046,0.983031616,normal,0.6581508342
970,90.72693199,0.001546694107,0.001566232376,0.9875253066,normal,0.6407055839
971,90.93607822,0.001602135421,0.001575300453,1.017034825,normal,0.6824939088
972,90.84659644,0.001571935464,0.001570492931,1.000918522,normal,0.6577457361
973,90.95354118,0.001551055335,0.001567043491,0.9897972481,normal,0.6404220153
974,90.99542393,0.00150802627,0.001559868116,0.9667652378,normal,0.6282954107
975,91.16609436,0.001532439394,0.00156331996,0.980246804,normal,0.6198067875
976,91.12276316,0.00149031181,0.001556210068,0.9576546516,normal,0.6678647512
977,91.10288227,0.001445899108,0.001548563203,0.9337036454,normal,0.6475053259
978,91.13196947,0.001404030325,0.001541131589,0.9110385733,normal,0.5972537281
979,91.08448673,0.001367230808,0.001534291979,0.8911151374,normal,0.6520776097
980,91.09614441,0.001325950075,0.001526654887,0.868532951,normal,0.7564543268
981,91.17875581,0.001304589556,0.001521704597,0.8573211634,normal,0.7695180287
982,91.0313586,0.001325476979,0.001522696443,0.8704801177,normal,0.8386626201
983,91.09969878,0.001298178123,0.001516921281,0.8557979498,normal,0.8270638341
984,90.98754621,0.001294294608,0.001514336275,0.8546943171,normal,0.8189446839
985,91.17235302,0.001349708194,0.001520346388,0.8877636073,normal,0.8732612787
986,91.18127458,0.001308810125,0.001512757202,0.8651818829,normal,1.001282895
987,91.28394023,0.001298531972,0.001509375171,0.8603109398,normal,1.090898027
988,91.00751261,0.001461810861,0.001532126216,0.9541060294,normal,0.9436286186
989,91.05791657,0.001423752765,0.00152545153,0.9333320248,normal,0.840540033
990,90.98931656,0.001392669015,0.001519675044,0.916425535,normal,0.7683780231
991,90.77090054,0.001472996602,0.001531038445,0.9620898849,normal,0.7178646162
992,90.75427311,0.001428828022,0.00152347417,0.9378747935,normal,0.6825052313
993,90.75221671,0.001385311284,0.001515839353,0.9138905655,normal,0.7117536619
994,90.69420364,0.001352211516,0.00150959605,0.8957439415,normal,0.6782275633
995,90.70076934,0.001311137618,0.001502046549,0.872900789,normal,0.8647592943
996,90.6771868,0.001272789894,0.001494743655,0.8515104847,normal,0.845331506
997,90.85933223,0.001328309961,0.001500728097,0.8851103433,normal,0.8257320542
998,90.78682715,0.001302605452,0.001495338083,0.8711109998,normal,0.968012438
999,90.69537153,0.001286826618,0.001491252403,0.8629167108,normal,0.9776087066
