candidate,num_slices,bits,units,sweeps,restarts,num_variables,symbol,start_hour,size_pct,horizon,objective_qubo,objective_dp,objective_ac,feasible,sa_time_s
0,4,3,16,1000,16,12,BTCUSDT,0,0.1,60,0.03758982968,0.03758982968,0.03717297277,True,0.266483416
0,4,3,16,1000,16,12,BTCUSDT,0,0.1,240,0.01040619484,0.01040619484,0.01036125622,True,0.270601708
0,4,3,16,1000,16,12,BTCUSDT,0,0.5,60,0.184841762,0.184841762,0.182748081,True,0.272902875
0,4,3,16,1000,16,12,BTCUSDT,0,0.5,240,0.04890669715,0.04890669715,0.04868970633,True,0.27636425
0,4,3,16,1000,16,12,BTCUSDT,4,0.1,60,0.04535368662,0.04535368662,0.04531532115,True,0.277190083
0,4,3,16,1000,16,12,BTCUSDT,4,0.1,240,0.009860397794,0.009860397794,0.009787749101,True,0.282958167
0,4,3,16,1000,16,12,BTCUSDT,4,0.5,60,0.2236410851,0.2236410851,0.2234622483,True,0.26901325
0,4,3,16,1000,16,12,BTCUSDT,4,0.5,240,0.04619070065,0.04619070065,0.04582078255,True,0.28502625
0,4,3,16,1000,16,12,BTCUSDT,8,0.1,60,0.03728317562,0.03728317562,0.03696987281,True,0.258862083
0,4,3,16,1000,16,12,BTCUSDT,8,0.1,240,0.01049051044,0.01049051044,0.01047431384,True,0.271324708
0,4,3,16,1000,16,12,BTCUSDT,8,0.5,60,0.1833217752,0.1833217752,0.1817376137,True,0.260853333
0,4,3,16,1000,16,12,BTCUSDT,8,0.5,240,0.04934664027,0.04934664027,0.0492609171,True,0.261979416
0,4,3,16,1000,16,12,BTCUSDT,12,0.1,60,0.04003265242,0.04003265242,0.03987107269,True,0.254832667
0,4,3,16,1000,16,12,BTCUSDT,12,0.1,240,0.006980021933,0.006980021933,0.006912295043,True,0.270966334
0,4,3,16,1000,16,12,BTCUSDT,12,0.5,60,0.197088493,0.197088493,0.1962517615,True,0.25574475
0,4,3,16,1000,16,12,BTCUSDT,12,0.5,240,0.03179942983,0.03179942983,0.03144693335,True,0.254545333
0,4,3,16,1000,16,12,BTCUSDT,16,0.1,60,0.039848957,0.039848957,0.03950812489,True,0.253891625
0,4,3,16,1000,16,12,BTCUSDT,16,0.1,240,0.01115812858,0.01115812858,0.01110524589,True,0.256633209
0,4,3,16,1000,16,12,BTCUSDT,16,0.5,60,0.1961474962,0.1961474962,0.1944259641,True,0.253790458
0,4,3,16,1000,16,12,BTCUSDT,16,0.5,240,0.05269304255,0.05269304255,0.05241517161,True,0.254804583
0,4,3,16,1000,16,12,BTCUSDT,20,0.1,60,0.0633197361,0.0633197361,0.06294398133,True,0.254157833
0,4,3,16,1000,16,12,BTCUSDT,20,0.1,240,0.01315691128,0.01315691128,0.01309267334,True,0.251553583
0,4,3,16,1000,16,12,BTCUSDT,20,0.5,60,0.3134974543,0.3134974543,0.3116148871,True,0.253885416
0,4,3,16,1000,16,12,BTCUSDT,20,0.5,240,0.06268453467,0.06268453467,0.06234951194,True,0.250786417
0,4,3,16,1000,16,12,LINKUSDT,0,0.1,60,0.3696868874,0.3696868874,0.1535155629,True,0.256515917
0,4,3,16,1000,16,12,LINKUSDT,0,0.1,240,0.4937963123,0.4937963123,0.08745730539,True,0.264832042
0,4,3,16,1000,16,12,LINKUSDT,0,0.5,60,0.5382693668,0.5382693668,0.5326211024,True,0.269375208
0,4,3,16,1000,16,12,LINKUSDT,0,0.5,240,0.5516722518,0.5516722518,0.3612837809,True,0.272017959
0,4,3,16,1000,16,12,LINKUSDT,4,0.1,60,0.609821823,0.609821823,0.6097514993,True,0.271289291
0,4,3,16,1000,16,12,LINKUSDT,4,0.1,240,0.5847047981,0.5847047981,0.5830034432,True,0.283131041
0,4,3,16,1000,16,12,LINKUSDT,4,0.5,60,0.755892162,0.755892162,0.7540786845,True,0.27378725
0,4,3,16,1000,16,12,LINKUSDT,4,0.5,240,0.6221891713,0.6221891713,0.6216251235,True,0.272015375
0,4,3,16,1000,16,12,LINKUSDT,8,0.1,60,0.6424448091,0.6424448091,0.6420542111,True,0.274129292
0,4,3,16,1000,16,12,LINKUSDT,8,0.1,240,0.591499379,0.591499379,0.5692751555,True,0.268099916
0,4,3,16,1000,16,12,LINKUSDT,8,0.5,60,0.8055671808,0.8055671808,0.8042328302,True,0.255188709
0,4,3,16,1000,16,12,LINKUSDT,8,0.5,240,0.629904283,0.629904283,0.6251305962,True,0.255943125
0,4,3,16,1000,16,12,LINKUSDT,12,0.1,60,0.6117647591,0.6117647591,0.6115651837,True,0.251919375
0,4,3,16,1000,16,12,LINKUSDT,12,0.1,240,0.5356879888,0.5356879888,0.3293171409,True,0.263218042
0,4,3,16,1000,16,12,LINKUSDT,12,0.5,60,0.728036514,0.728036514,0.7271405568,True,0.268410708
0,4,3,16,1000,16,12,LINKUSDT,12,0.5,240,0.5600908313,0.5600908313,0.461428741,True,0.252316333
0,4,3,16,1000,16,12,LINKUSDT,16,0.1,60,0.3608509494,0.3608509494,0.1205097541,True,0.255061167
0,4,3,16,1000,16,12,LINKUSDT,16,0.1,240,0.5441004366,0.5441004366,0.1205097541,True,0.259197709
0,4,3,16,1000,16,12,LINKUSDT,16,0.5,60,0.4938002428,0.4938002428,0.4754656336,True,0.252963292
0,4,3,16,1000,16,12,LINKUSDT,16,0.5,240,0.5757991288,0.5757991288,0.4550917398,True,0.251492416
0,4,3,16,1000,16,12,LINKUSDT,20,0.1,60,0.6359442619,0.6359442619,0.6357884868,True,0.249412417
0,4,3,16,1000,16,12,LINKUSDT,20,0.1,240,0.5505108344,0.5505108344,0.4328165313,True,0.255058375
0,4,3,16,1000,16,12,LINKUSDT,20,0.5,60,0.7942018392,0.7942018392,0.7926658667,True,0.25084675
0,4,3,16,1000,16,12,LINKUSDT,20,0.5,240,0.5972776711,0.5972776711,0.5715131726,True,0.262959541
1,5,3,20,1000,16,15,BTCUSDT,0,0.1,60,0.03753950968,0.03753950968,0.03717297277,True,0.32591075
1,5,3,20,1000,16,15,BTCUSDT,0,0.1,240,0.01039901007,0.01039901007,0.01036125622,True,0.337777959
1,5,3,20,1000,16,15,BTCUSDT,0,0.5,60,0.1845728072,0.1845728072,0.182748081,True,0.354226917
1,5,3,20,1000,16,15,BTCUSDT,0,0.5,240,0.0488692935,0.0488692935,0.04868970633,True,0.346225291
1,5,3,20,1000,16,15,BTCUSDT,4,0.1,60,0.04534595739,0.04534595739,0.04531532115,True,0.36255725
1,5,3,20,1000,16,15,BTCUSDT,4,0.1,240,0.009827022627,0.009827022627,0.009787749101,True,0.353909625
1,5,3,20,1000,16,15,BTCUSDT,4,0.5,60,0.2236061086,0.2236061086,0.2234622483,True,0.342112209
1,5,3,20,1000,16,15,BTCUSDT,4,0.5,240,0.04601798966,0.04601798966,0.04582078255,True,0.349152917
1,5,3,20,1000,16,15,BTCUSDT,8,0.1,60,0.0372124329,0.0372124329,0.03696987281,True,0.325882292
1,5,3,20,1000,16,15,BTCUSDT,8,0.1,240,0.0105098729,0.0105098729,0.01047431384,True,0.322970416
1,5,3,20,1000,16,15,BTCUSDT,8,0.5,60,0.182966842,0.182966842,0.1817376137,True,0.333644292
1,5,3,20,1000,16,15,BTCUSDT,8,0.5,240,0.04943344823,0.04943344823,0.0492609171,True,0.323936917
1,5,3,20,1000,16,15,BTCUSDT,12,0.1,60,0.03998503193,0.03998503193,0.03987107269,True,0.31909975
1,5,3,20,1000,16,15,BTCUSDT,12,0.1,240,0.006971359035,0.006971359035,0.006912295043,True,0.319753875
1,5,3,20,1000,16,15,BTCUSDT,12,0.5,60,0.1968457586,0.1968457586,0.1962517615,True,0.321658
1,5,3,20,1000,16,15,BTCUSDT,12,0.5,240,0.03174135735,0.03174135735,0.03144693335,True,0.321439125
1,5,3,20,1000,16,15,BTCUSDT,16,0.1,60,0.03974839985,0.03974839985,0.03950812489,True,0.316148542
1,5,3,20,1000,16,15,BTCUSDT,16,0.1,240,0.01114510787,0.01114510787,0.01110524589,True,0.3268605
1,5,3,20,1000,16,15,BTCUSDT,16,0.5,60,0.1956201778,0.1956201778,0.1944259641,True,0.326950917
1,5,3,20,1000,16,15,BTCUSDT,16,0.5,240,0.05261348572,0.05261348572,0.05241517161,True,0.333886834
1,5,3,20,1000,16,15,BTCUSDT,20,0.1,60,0.0631024992,0.0631024992,0.06294398133,True,0.322241167
1,5,3,20,1000,16,15,BTCUSDT,20,0.1,240,0.01315660143,0.01315660143,0.01309267334,True,0.326458
1,5,3,20,1000,16,15,BTCUSDT,20,0.5,60,0.3124201762,0.3124201762,0.3116148871,True,0.345667958
1,5,3,20,1000,16,15,BTCUSDT,20,0.5,240,0.06267983972,0.06267983972,0.06234951194,True,0.324100958
1,5,3,20,1000,16,15,LINKUSDT,0,0.1,60,0.3914443849,0.3914443849,0.1535155629,True,0.32297375
1,5,3,20,1000,16,15,LINKUSDT,0,0.1,240,0.4834902126,0.4834902126,0.08745730539,True,0.343341708
1,5,3,20,1000,16,15,LINKUSDT,0,0.5,60,0.5756938326,0.5756938326,0.5326211024,True,0.35970675
1,5,3,20,1000,16,15,LINKUSDT,0,0.5,240,0.5373120376,0.5373120376,0.3612837809,True,0.347169417
1,5,3,20,1000,16,15,LINKUSDT,4,0.1,60,0.610310294,0.610310294,0.6097514993,True,0.354696917
1,5,3,20,1000,16,15,LINKUSDT,4,0.1,240,0.5848292301,0.5848292301,0.5830034432,True,0.356953917
1,5,3,20,1000,16,15,LINKUSDT,4,0.5,60,0.7555648999,0.7555648999,0.7540786845,True,0.342747333
1,5,3,20,1000,16,15,LINKUSDT,4,0.5,240,0.6220805124,0.6220805124,0.6216251235,True,0.32342225
1,5,3,20,1000,16,15,LINKUSDT,8,0.1,60,0.6422807823,0.6422807823,0.6420542111,True,0.322818084
1,5,3,20,1000,16,15,LINKUSDT,8,0.1,240,0.5918150033,0.5918150033,0.5692751555,True,0.332783
1,5,3,20,1000,16,15,LINKUSDT,8,0.5,60,0.8051053283,0.8051053283,0.8042328302,True,0.336427167
1,5,3,20,1000,16,15,LINKUSDT,8,0.5,240,0.6297518251,0.6297518251,0.6251305962,True,0.3258815
1,5,3,20,1000,16,15,LINKUSDT,12,0.1,60,0.6119580258,0.6119580258,0.6115651837,True,0.321406542
1,5,3,20,1000,16,15,LINKUSDT,12,0.1,240,0.5260139802,0.5260139802,0.3293171409,True,0.328218209
1,5,3,20,1000,16,15,LINKUSDT,12,0.5,60,0.7275232626,0.7275232626,0.7271405568,True,0.32306825
1,5,3,20,1000,16,15,LINKUSDT,12,0.5,240,0.5518514634,0.5518514634,0.461428741,True,0.321673083
1,5,3,20,1000,16,15,LINKUSDT,16,0.1,60,0.3709392869,0.3709392869,0.1205097541,True,0.321763333
1,5,3,20,1000,16,15,LINKUSDT,16,0.1,240,0.5401461913,0.5401461913,0.1205097541,True,0.318692
1,5,3,20,1000,16,15,LINKUSDT,16,0.5,60,0.5114377515,0.5114377515,0.4754656336,True,0.322969
1,5,3,20,1000,16,15,LINKUSDT,16,0.5,240,0.5762036366,0.5762036366,0.4550917398,True,0.319581708
1,5,3,20,1000,16,15,LINKUSDT,20,0.1,60,0.6363794592,0.6363794592,0.6357884868,True,0.326656417
1,5,3,20,1000,16,15,LINKUSDT,20,0.1,240,0.5539372446,0.5539372446,0.4328165313,True,0.328531459
1,5,3,20,1000,16,15,LINKUSDT,20,0.5,60,0.7943773313,0.7943773313,0.7926658667,True,0.3481715
1,5,3,20,1000,16,15,LINKUSDT,20,0.5,240,0.5978971393,0.5978971393,0.5715131726,True,0.32286325
2,6,3,24,1000,16,18,BTCUSDT,0,0.1,60,0.03763440331,0.03763440331,0.03717297277,True,0.395079583
2,6,3,24,1000,16,18,BTCUSDT,0,0.1,240,0.01041174121,0.01041174121,0.01036125622,True,0.412702084
2,6,3,24,1000,16,18,BTCUSDT,0,0.5,60,0.185229293,0.1850509204,0.182748081,True,0.427338708
2,6,3,24,1000,16,18,BTCUSDT,0,0.5,240,0.04895337925,0.04895337925,0.04868970633,True,0.434123541
2,6,3,24,1000,16,18,BTCUSDT,4,0.1,60,0.04597755309,0.04534538278,0.04531532115,True,0.435370625
2,6,3,24,1000,16,18,BTCUSDT,4,0.1,240,0.009859347245,0.009859347245,0.009787749101,True,0.421033792
2,6,3,24,1000,16,18,BTCUSDT,4,0.5,60,0.223613179,0.223613179,0.2234622483,True,0.40377225
2,6,3,24,1000,16,18,BTCUSDT,4,0.5,240,0.04619577408,0.04619577408,0.04582078255,True,0.386625792
2,6,3,24,1000,16,18,BTCUSDT,8,0.1,60,0.03724744343,0.03721136792,0.03696987281,True,0.402609
2,6,3,24,1000,16,18,BTCUSDT,8,0.1,240,0.0104968562,0.0104968562,0.01047431384,True,0.382854375
2,6,3,24,1000,16,18,BTCUSDT,8,0.5,60,0.1829595561,0.1829595561,0.1817376137,True,0.389347167
2,6,3,24,1000,16,18,BTCUSDT,8,0.5,240,0.04937456126,0.04937456126,0.0492609171,True,0.402649625
2,6,3,24,1000,16,18,BTCUSDT,12,0.1,60,0.03998939923,0.03998939923,0.03987107269,True,0.417757667
2,6,3,24,1000,16,18,BTCUSDT,12,0.1,240,0.006975887595,0.006975887595,0.006912295043,True,0.394470917
2,6,3,24,1000,16,18,BTCUSDT,12,0.5,60,0.1968279309,0.1968279309,0.1962517615,True,0.397218334
2,6,3,24,1000,16,18,BTCUSDT,12,0.5,240,0.03176392783,0.03176392783,0.03144693335,True,0.393271083
2,6,3,24,1000,16,18,BTCUSDT,16,0.1,60,0.03975222412,0.03975222412,0.03950812489,True,0.398779625
2,6,3,24,1000,16,18,BTCUSDT,16,0.1,240,0.01116211405,0.01116211405,0.01110524589,True,0.39904375
2,6,3,24,1000,16,18,BTCUSDT,16,0.5,60,0.1956666784,0.1956666784,0.1944259641,True,0.400713334
2,6,3,24,1000,16,18,BTCUSDT,16,0.5,240,0.05302428442,0.05270324741,0.05241517161,True,0.384619459
2,6,3,24,1000,16,18,BTCUSDT,20,0.1,60,0.0632318039,0.0632318039,0.06294398133,True,0.395273541
2,6,3,24,1000,16,18,BTCUSDT,20,0.1,240,0.01318701194,0.01317049158,0.01309267334,True,0.393042667
2,6,3,24,1000,16,18,BTCUSDT,20,0.5,60,0.3130478594,0.3130478594,0.3116148871,True,0.381811291
2,6,3,24,1000,16,18,BTCUSDT,20,0.5,240,0.06274211005,0.06274211005,0.06234951194,True,0.376283833
2,6,3,24,1000,16,18,LINKUSDT,0,0.1,60,0.3728272135,0.3726067005,0.1535155629,True,0.3828825
2,6,3,24,1000,16,18,LINKUSDT,0,0.1,240,0.4923303433,0.4923303433,0.08745730539,True,0.397515
2,6,3,24,1000,16,18,LINKUSDT,0,0.5,60,0.554539809,0.5544679398,0.5326211024,True,0.408816375
2,6,3,24,1000,16,18,LINKUSDT,0,0.5,240,0.5473772926,0.5473772926,0.3612837809,True,0.415702375
2,6,3,24,1000,16,18,LINKUSDT,4,0.1,60,0.6100493521,0.6100493521,0.6097514993,True,0.4087535
2,6,3,24,1000,16,18,LINKUSDT,4,0.1,240,0.5852429005,0.5852429005,0.5830034432,True,0.4011945
2,6,3,24,1000,16,18,LINKUSDT,4,0.5,60,0.7556991662,0.7556991662,0.7540786845,True,0.398701375
2,6,3,24,1000,16,18,LINKUSDT,4,0.5,240,0.6222186134,0.6222186134,0.6216251235,True,0.385680083
2,6,3,24,1000,16,18,LINKUSDT,8,0.1,60,0.642388039,0.642388039,0.6420542111,True,0.374982333
2,6,3,24,1000,16,18,LINKUSDT,8,0.1,240,0.5911794665,0.5911794665,0.5692751555,True,0.393746625
2,6,3,24,1000,16,18,LINKUSDT,8,0.5,60,0.8052945119,0.8052945119,0.8042328302,True,0.375877959
2,6,3,24,1000,16,18,LINKUSDT,8,0.5,240,0.6295794937,0.6295386195,0.6251305962,True,0.400339667
2,6,3,24,1000,16,18,LINKUSDT,12,0.1,60,0.6118098407,0.6118098407,0.6115651837,True,0.379325708
2,6,3,24,1000,16,18,LINKUSDT,12,0.1,240,0.5320671667,0.5319692943,0.3293171409,True,0.377340583
2,6,3,24,1000,16,18,LINKUSDT,12,0.5,60,0.7278650322,0.7278650322,0.7271405568,True,0.371215208
2,6,3,24,1000,16,18,LINKUSDT,12,0.5,240,0.5569150869,0.5569150869,0.461428741,True,0.370148125
2,6,3,24,1000,16,18,LINKUSDT,16,0.1,60,0.3695755001,0.3695755001,0.1205097541,True,0.383917541
2,6,3,24,1000,16,18,LINKUSDT,16,0.1,240,0.535783064,0.5357592821,0.1205097541,True,0.382715625
2,6,3,24,1000,16,18,LINKUSDT,16,0.5,60,0.5123409621,0.5123342409,0.4754656336,True,0.396589083
2,6,3,24,1000,16,18,LINKUSDT,16,0.5,240,0.568327546,0.568327546,0.4550917398,True,0.394671041
2,6,3,24,1000,16,18,LINKUSDT,20,0.1,60,0.6362727755,0.6360934789,0.6357884868,True,0.388490292
2,6,3,24,1000,16,18,LINKUSDT,20,0.1,240,0.5507170818,0.5506545341,0.4328165313,True,0.3859985
2,6,3,24,1000,16,18,LINKUSDT,20,0.5,60,0.7937348857,0.7937348857,0.7926658667,True,0.354586791
2,6,3,24,1000,16,18,LINKUSDT,20,0.5,240,0.5967133693,0.5967133693,0.5715131726,True,0.376997125
3,8,3,32,1000,16,24,BTCUSDT,0,0.1,60,0.0382184796,0.03740660978,0.03717297277,True,0.524224709
3,8,3,32,1000,16,24,BTCUSDT,0,0.1,240,0.01048930878,0.01042470055,0.01036125622,True,0.561619709
3,8,3,32,1000,16,24,BTCUSDT,0,0.5,60,0.1857178028,0.1839250993,0.182748081,True,0.556395417
3,8,3,32,1000,16,24,BTCUSDT,0,0.5,240,0.04975895568,0.04900708443,0.04868970633,True,0.568374375
3,8,3,32,1000,16,24,BTCUSDT,4,0.1,60,0.04632189771,0.0454313178,0.04531532115,True,0.521616208
3,8,3,32,1000,16,24,BTCUSDT,4,0.1,240,0.009917562007,0.009851433295,0.009787749101,True,0.517459
3,8,3,32,1000,16,24,BTCUSDT,4,0.5,60,0.2292820575,0.2240311436,0.2234622483,True,0.530463292
3,8,3,32,1000,16,24,BTCUSDT,4,0.5,240,0.04661538735,0.04613208882,0.04582078255,True,0.510082708
3,8,3,32,1000,16,24,BTCUSDT,8,0.1,60,0.03750594307,0.03711234781,0.03696987281,True,0.5264095
3,8,3,32,1000,16,24,BTCUSDT,8,0.1,240,0.01065580381,0.01050859791,0.01047431384,True,0.500303417
3,8,3,32,1000,16,24,BTCUSDT,8,0.5,60,0.1867166209,0.1824634243,0.1817376137,True,0.510122125
3,8,3,32,1000,16,24,BTCUSDT,8,0.5,240,0.04989522774,0.04941803129,0.0492609171,True,0.516047
3,8,3,32,1000,16,24,BTCUSDT,12,0.1,60,0.0401929294,0.04014419203,0.03987107269,True,0.510822625
3,8,3,32,1000,16,24,BTCUSDT,12,0.1,240,0.007004696879,0.006969645275,0.006912295043,True,0.535535375
3,8,3,32,1000,16,24,BTCUSDT,12,0.5,60,0.1990664624,0.1976169066,0.1962517615,True,0.521896875
3,8,3,32,1000,16,24,BTCUSDT,12,0.5,240,0.03206256431,0.03174035413,0.03144693335,True,0.523231958
3,8,3,32,1000,16,24,BTCUSDT,16,0.1,60,0.04013908016,0.0396185115,0.03950812489,True,0.515756084
3,8,3,32,1000,16,24,BTCUSDT,16,0.1,240,0.01135481919,0.01117205597,0.01110524589,True,0.505913
3,8,3,32,1000,16,24,BTCUSDT,16,0.5,60,0.1972152594,0.1949868386,0.1944259641,True,0.464994541
3,8,3,32,1000,16,24,BTCUSDT,16,0.5,240,0.0534343641,0.05273976835,0.05241517161,True,0.456896708
3,8,3,32,1000,16,24,BTCUSDT,20,0.1,60,0.06334250713,0.06327017417,0.06294398133,True,0.408193209
3,8,3,32,1000,16,24,BTCUSDT,20,0.1,240,0.01332182219,0.01319514283,0.01309267334,True,0.37878
3,8,3,32,1000,16,24,BTCUSDT,20,0.5,60,0.3157655313,0.3132542242,0.3116148871,True,0.374387625
3,8,3,32,1000,16,24,BTCUSDT,20,0.5,240,0.06339771883,0.06286193294,0.06234951194,True,0.378715958
3,8,3,32,1000,16,24,LINKUSDT,0,0.1,60,0.3691319895,0.3684026417,0.1535155629,True,0.51608575
3,8,3,32,1000,16,24,LINKUSDT,0,0.1,240,0.4484494039,0.4477493385,0.08745730539,True,0.559644667
3,8,3,32,1000,16,24,LINKUSDT,0,0.5,60,0.5537882293,0.5517089097,0.5326211024,True,0.539658041
3,8,3,32,1000,16,24,LINKUSDT,0,0.5,240,0.5013465791,0.5010360954,0.3612837809,True,0.522376333
3,8,3,32,1000,16,24,LINKUSDT,4,0.1,60,0.610322879,0.610159043,0.6097514993,True,0.5313635
3,8,3,32,1000,16,24,LINKUSDT,4,0.1,240,0.5839372595,0.5837659774,0.5830034432,True,0.529925916
3,8,3,32,1000,16,24,LINKUSDT,4,0.5,60,0.7577317653,0.7557663178,0.7540786845,True,0.531923542
3,8,3,32,1000,16,24,LINKUSDT,4,0.5,240,0.6223974779,0.6220664638,0.6216251235,True,0.512600541
3,8,3,32,1000,16,24,LINKUSDT,8,0.1,60,0.6426943126,0.6421566999,0.6420542111,True,0.525674708
3,8,3,32,1000,16,24,LINKUSDT,8,0.1,240,0.5903118049,0.5902519867,0.5692751555,True,0.516499875
3,8,3,32,1000,16,24,LINKUSDT,8,0.5,60,0.8091229067,0.8045302105,0.8042328302,True,0.517735375
3,8,3,32,1000,16,24,LINKUSDT,8,0.5,240,0.6291459273,0.6289153333,0.6251305962,True,0.519936
3,8,3,32,1000,16,24,LINKUSDT,12,0.1,60,0.6119731839,0.6118829897,0.6115651837,True,0.521341791
3,8,3,32,1000,16,24,LINKUSDT,12,0.1,240,0.5248804518,0.5245893997,0.3293171409,True,0.534706958
3,8,3,32,1000,16,24,LINKUSDT,12,0.5,60,0.7291729568,0.7287509472,0.7271405568,True,0.510732333
3,8,3,32,1000,16,24,LINKUSDT,12,0.5,240,0.54880752,0.5481810258,0.461428741,True,0.52327025
3,8,3,32,1000,16,24,LINKUSDT,16,0.1,60,0.3512574744,0.3506013511,0.1205097541,True,0.529463584
3,8,3,32,1000,16,24,LINKUSDT,16,0.1,240,0.5378403003,0.5377587972,0.1205097541,True,0.5096575
3,8,3,32,1000,16,24,LINKUSDT,16,0.5,60,0.4963829348,0.4947472328,0.4754656336,True,0.468140625
3,8,3,32,1000,16,24,LINKUSDT,16,0.5,240,0.5695235291,0.5690889647,0.4550917398,True,0.461570583
3,8,3,32,1000,16,24,LINKUSDT,20,0.1,60,0.6365413628,0.6360591965,0.6357884868,True,0.411887208
3,8,3,32,1000,16,24,LINKUSDT,20,0.1,240,0.5456187713,0.5456187713,0.4328165313,True,0.391656417
3,8,3,32,1000,16,24,LINKUSDT,20,0.5,60,0.7970621312,0.7946156003,0.7926658667,True,0.384010959
3,8,3,32,1000,16,24,LINKUSDT,20,0.5,240,0.593376681,0.5928157446,0.5715131726,True,0.380224875
4,5,4,40,1000,16,20,BTCUSDT,0,0.1,60,0.0372944126,0.03718579463,0.03717297277,True,0.417724708
4,5,4,40,1000,16,20,BTCUSDT,0,0.1,240,0.01037668374,0.01037668374,0.01036125622,True,0.437389125
4,5,4,40,1000,16,20,BTCUSDT,0,0.5,60,0.1833534809,0.1828182749,0.182748081,True,0.449411041
4,5,4,40,1000,16,20,BTCUSDT,0,0.5,240,0.04883929076,0.04876286298,0.04868970633,True,0.449129333
4,5,4,40,1000,16,20,BTCUSDT,4,0.1,60,0.04534595739,0.04534595739,0.04531532115,True,0.436859083
4,5,4,40,1000,16,20,BTCUSDT,4,0.1,240,0.009806695557,0.009806695557,0.009787749101,True,0.432212417
4,5,4,40,1000,16,20,BTCUSDT,4,0.5,60,0.2243963156,0.2236061086,0.2234622483,True,0.416924125
4,5,4,40,1000,16,20,BTCUSDT,4,0.5,240,0.04591552896,0.04591552896,0.04582078255,True,0.422817916
4,5,4,40,1000,16,20,BTCUSDT,8,0.1,60,0.03700874067,0.03700874067,0.03696987281,True,0.429409667
4,5,4,40,1000,16,20,BTCUSDT,8,0.1,240,0.0105184759,0.01049398598,0.01047431384,True,0.410632416
4,5,4,40,1000,16,20,BTCUSDT,8,0.5,60,0.1824255734,0.1819285289,0.1817376137,True,0.423314542
4,5,4,40,1000,16,20,BTCUSDT,8,0.5,240,0.04942219713,0.0493597022,0.0492609171,True,0.404104
4,5,4,40,1000,16,20,BTCUSDT,12,0.1,60,0.03996592923,0.03996592923,0.03987107269,True,0.414957375
4,5,4,40,1000,16,20,BTCUSDT,12,0.1,240,0.00692634363,0.006922517315,0.006912295043,True,0.413930417
4,5,4,40,1000,16,20,BTCUSDT,12,0.5,60,0.196856113,0.1967404378,0.1962517615,True,0.425968208
4,5,4,40,1000,16,20,BTCUSDT,12,0.5,240,0.03149834169,0.03149834169,0.03144693335,True,0.428100416
4,5,4,40,1000,16,20,BTCUSDT,16,0.1,60,0.03973102665,0.03950969236,0.03950812489,True,0.456439166
4,5,4,40,1000,16,20,BTCUSDT,16,0.1,240,0.01111998216,0.01111998216,0.01110524589,True,0.419181916
4,5,4,40,1000,16,20,BTCUSDT,16,0.5,60,0.1944344127,0.1944344127,0.1944259641,True,0.430025125
4,5,4,40,1000,16,20,BTCUSDT,16,0.5,240,0.0524906298,0.0524906298,0.05241517161,True,0.426948958
4,5,4,40,1000,16,20,BTCUSDT,20,0.1,60,0.063213773,0.06305122042,0.06294398133,True,0.415689583
4,5,4,40,1000,16,20,BTCUSDT,20,0.1,240,0.01315660143,0.01310478732,0.01309267334,True,0.393965917
4,5,4,40,1000,16,20,BTCUSDT,20,0.5,60,0.3129696479,0.3121568318,0.3116148871,True,0.360746333
4,5,4,40,1000,16,20,BTCUSDT,20,0.5,240,0.06241398605,0.06241398605,0.06234951194,True,0.355563875
4,5,4,40,1000,16,20,LINKUSDT,0,0.1,60,0.379229451,0.379229451,0.1535155629,True,0.422282209
4,5,4,40,1000,16,20,LINKUSDT,0,0.1,240,0.4788332236,0.4788332236,0.08745730539,True,0.454724167
4,5,4,40,1000,16,20,LINKUSDT,0,0.5,60,0.5752372101,0.5746442508,0.5326211024,True,0.46006625
4,5,4,40,1000,16,20,LINKUSDT,0,0.5,240,0.5362268357,0.5362268357,0.3612837809,True,0.452094917
4,5,4,40,1000,16,20,LINKUSDT,4,0.1,60,0.6101376088,0.6101031302,0.6097514993,True,0.448049875
4,5,4,40,1000,16,20,LINKUSDT,4,0.1,240,0.584814833,0.5848045483,0.5830034432,True,0.442800208
4,5,4,40,1000,16,20,LINKUSDT,4,0.5,60,0.7544312306,0.7544312306,0.7540786845,True,0.425555
4,5,4,40,1000,16,20,LINKUSDT,4,0.5,240,0.6221375807,0.6220805124,0.6216251235,True,0.43250425
4,5,4,40,1000,16,20,LINKUSDT,8,0.1,60,0.6422158439,0.6422158439,0.6420542111,True,0.423501208
4,5,4,40,1000,16,20,LINKUSDT,8,0.1,240,0.5916540913,0.5916119974,0.5692751555,True,0.413982375
4,5,4,40,1000,16,20,LINKUSDT,8,0.5,60,0.8052878047,0.804304212,0.8042328302,True,0.426603416
4,5,4,40,1000,16,20,LINKUSDT,8,0.5,240,0.6296339093,0.6295416236,0.6251305962,True,0.418126541
4,5,4,40,1000,16,20,LINKUSDT,12,0.1,60,0.611796244,0.6117952138,0.6115651837,True,0.411584208
4,5,4,40,1000,16,20,LINKUSDT,12,0.1,240,0.5218736707,0.5219308121,0.3293171409,True,0.43437325
4,5,4,40,1000,16,20,LINKUSDT,12,0.5,60,0.7273590479,0.7273590479,0.7271405568,True,0.419720167
4,5,4,40,1000,16,20,LINKUSDT,12,0.5,240,0.5501515132,0.5501515132,0.461428741,True,0.432901458
4,5,4,40,1000,16,20,LINKUSDT,16,0.1,60,0.3569932953,0.3568637041,0.1205097541,True,0.439707458
4,5,4,40,1000,16,20,LINKUSDT,16,0.1,240,0.5367010196,0.5366570498,0.1205097541,True,0.435487292
4,5,4,40,1000,16,20,LINKUSDT,16,0.5,60,0.5059768571,0.5059768571,0.4754656336,True,0.426595042
4,5,4,40,1000,16,20,LINKUSDT,16,0.5,240,0.574738126,0.5746860788,0.4550917398,True,0.427522834
4,5,4,40,1000,16,20,LINKUSDT,20,0.1,60,0.6361242473,0.6361242473,0.6357884868,True,0.406959833
4,5,4,40,1000,16,20,LINKUSDT,20,0.1,240,0.5526447571,0.5524266181,0.4328165313,True,0.393338583
4,5,4,40,1000,16,20,LINKUSDT,20,0.5,60,0.7931383751,0.7930832702,0.7926658667,True,0.370703208
4,5,4,40,1000,16,20,LINKUSDT,20,0.5,240,0.5980003245,0.5978172106,0.5715131726,True,0.358765125
5,8,4,64,1000,16,32,BTCUSDT,0,0.1,60,0.03782606328,0.03725621864,0.03717297277,True,0.67416775
5,8,4,64,1000,16,32,BTCUSDT,0,0.1,240,0.010456875,0.01037983703,0.01036125622,True,0.706805375
5,8,4,64,1000,16,32,BTCUSDT,0,0.5,60,0.1855991812,0.1831730909,0.182748081,True,0.680589583
5,8,4,64,1000,16,32,BTCUSDT,0,0.5,240,0.04959942392,0.04878322364,0.04868970633,True,0.679875375
5,8,4,64,1000,16,32,BTCUSDT,4,0.1,60,0.04600768717,0.04541823359,0.04531532115,True,0.616690083
5,8,4,64,1000,16,32,BTCUSDT,4,0.1,240,0.009981301889,0.009801994393,0.009787749101,True,0.59017625
5,8,4,64,1000,16,32,BTCUSDT,4,0.5,60,0.2295995955,0.2239697628,0.2234622483,True,0.4976785
5,8,4,64,1000,16,32,BTCUSDT,4,0.5,240,0.0468072321,0.04589996423,0.04582078255,True,0.498706084
5,8,4,64,1000,16,32,BTCUSDT,8,0.1,60,0.03746820145,0.03703693256,0.03696987281,True,0.452127583
5,8,4,64,1000,16,32,BTCUSDT,8,0.1,240,0.01067067944,0.01048628268,0.01047431384,True,0.397205458
5,8,4,64,1000,16,32,BTCUSDT,8,0.5,60,0.1838814902,0.1820660903,0.1817376137,True,0.372855667
5,8,4,64,1000,16,32,BTCUSDT,8,0.5,240,0.05000063949,0.04931757583,0.0492609171,True,0.38052525
5,8,4,64,1000,16,32,BTCUSDT,12,0.1,60,0.04087583386,0.03987423836,0.03987107269,True,0.378741708
5,8,4,64,1000,16,32,BTCUSDT,12,0.1,240,0.007043423337,0.006914929115,0.006912295043,True,0.382105958
5,8,4,64,1000,16,32,BTCUSDT,12,0.5,60,0.1997070491,0.1962675704,0.1962517615,True,0.387137708
5,8,4,64,1000,16,32,BTCUSDT,12,0.5,240,0.03187512739,0.03146156467,0.03144693335,True,0.387710625
5,8,4,64,1000,16,32,BTCUSDT,16,0.1,60,0.04011120401,0.03959556796,0.03950812489,True,0.385951667
5,8,4,64,1000,16,32,BTCUSDT,16,0.1,240,0.01135280954,0.0111180054,0.01110524589,True,0.390753084
5,8,4,64,1000,16,32,BTCUSDT,16,0.5,60,0.1999800681,0.1948729144,0.1944259641,True,0.387495542
5,8,4,64,1000,16,32,BTCUSDT,16,0.5,240,0.05359886465,0.05248760523,0.05241517161,True,0.390931167
5,8,4,64,1000,16,32,BTCUSDT,20,0.1,60,0.06444194935,0.06304866687,0.06294398133,True,0.38303525
5,8,4,64,1000,16,32,BTCUSDT,20,0.1,240,0.01322295056,0.01310988767,0.01309267334,True,0.389598166
5,8,4,64,1000,16,32,BTCUSDT,20,0.5,60,0.3198563662,0.3121196084,0.3116148871,True,0.388430375
5,8,4,64,1000,16,32,BTCUSDT,20,0.5,240,0.06343180675,0.06243939119,0.06234951194,True,0.411689708
5,8,4,64,1000,16,32,LINKUSDT,0,0.1,60,0.357378955,0.3543149734,0.1535155629,True,0.680701041
5,8,4,64,1000,16,32,LINKUSDT,0,0.1,240,0.4434915362,0.4373219587,0.08745730539,True,0.693966833
5,8,4,64,1000,16,32,LINKUSDT,0,0.5,60,0.5553551355,0.5510098404,0.5326211024,True,0.679654417
5,8,4,64,1000,16,32,LINKUSDT,0,0.5,240,0.4993699047,0.496458259,0.3612837809,True,0.668260666
5,8,4,64,1000,16,32,LINKUSDT,4,0.1,60,0.610900867,0.6099495258,0.6097514993,True,0.617224916
5,8,4,64,1000,16,32,LINKUSDT,4,0.1,240,0.5839365163,0.583746262,0.5830034432,True,0.579603584
5,8,4,64,1000,16,32,LINKUSDT,4,0.5,60,0.756528762,0.7543767836,0.7540786845,True,0.498609792
5,8,4,64,1000,16,32,LINKUSDT,4,0.5,240,0.6223406899,0.6218561223,0.6216251235,True,0.500102541
5,8,4,64,1000,16,32,LINKUSDT,8,0.1,60,0.642994506,0.6421566999,0.6420542111,True,0.456316833
5,8,4,64,1000,16,32,LINKUSDT,8,0.1,240,0.5899119842,0.5896875922,0.5692751555,True,0.416107958
5,8,4,64,1000,16,32,LINKUSDT,8,0.5,60,0.8089351779,0.8045302105,0.8042328302,True,0.388662667
5,8,4,64,1000,16,32,LINKUSDT,8,0.5,240,0.6293288542,0.6287511399,0.6251305962,True,0.375714292
5,8,4,64,1000,16,32,LINKUSDT,12,0.1,60,0.6122788327,0.6116879353,0.6115651837,True,0.376560167
5,8,4,64,1000,16,32,LINKUSDT,12,0.1,240,0.520333638,0.5200006058,0.3293171409,True,0.382612417
5,8,4,64,1000,16,32,LINKUSDT,12,0.5,60,0.7308858195,0.7272602239,0.7271405568,True,0.3821275
5,8,4,64,1000,16,32,LINKUSDT,12,0.5,240,0.5470105296,0.5451156499,0.461428741,True,0.377724041
5,8,4,64,1000,16,32,LINKUSDT,16,0.1,60,0.3371474001,0.3354598454,0.1205097541,True,0.379832042
5,8,4,64,1000,16,32,LINKUSDT,16,0.1,240,0.5341155127,0.5339508518,0.1205097541,True,0.380189792
5,8,4,64,1000,16,32,LINKUSDT,16,0.5,60,0.4933749581,0.489328389,0.4754656336,True,0.379891083
5,8,4,64,1000,16,32,LINKUSDT,16,0.5,240,0.5661159004,0.5656505727,0.4550917398,True,0.385267208
5,8,4,64,1000,16,32,LINKUSDT,20,0.1,60,0.636393953,0.6359288918,0.6357884868,True,0.392318209
5,8,4,64,1000,16,32,LINKUSDT,20,0.1,240,0.544955124,0.5431889763,0.4328165313,True,0.384420917
5,8,4,64,1000,16,32,LINKUSDT,20,0.5,60,0.7949526349,0.7932084082,0.7926658667,True,0.386715583
5,8,4,64,1000,16,32,LINKUSDT,20,0.5,240,0.5930406359,0.5925100956,0.5715131726,True,0.402309917
6,8,4,64,2000,32,32,BTCUSDT,0,0.1,60,0.03761686116,0.03725621864,0.03717297277,True,1.449693917
6,8,4,64,2000,32,32,BTCUSDT,0,0.1,240,0.01051828635,0.01037983703,0.01036125622,True,1.260440209
6,8,4,64,2000,32,32,BTCUSDT,0,0.5,60,0.1843275373,0.1831730909,0.182748081,True,1.071189708
6,8,4,64,2000,32,32,BTCUSDT,0,0.5,240,0.04881210453,0.04878322364,0.04868970633,True,0.86890675
6,8,4,64,2000,32,32,BTCUSDT,4,0.1,60,0.04575784094,0.04541823359,0.04531532115,True,0.823403625
6,8,4,64,2000,32,32,BTCUSDT,4,0.1,240,0.009958650957,0.009801994393,0.009787749101,True,0.844769208
6,8,4,64,2000,32,32,BTCUSDT,4,0.5,60,0.2254581531,0.2239697628,0.2234622483,True,0.843937833
6,8,4,64,2000,32,32,BTCUSDT,4,0.5,240,0.04646071652,0.04589996423,0.04582078255,True,0.831720458
6,8,4,64,2000,32,32,BTCUSDT,8,0.1,60,0.03733597431,0.03703693256,0.03696987281,True,0.830918
6,8,4,64,2000,32,32,BTCUSDT,8,0.1,240,0.01065092647,0.01048628268,0.01047431384,True,0.8425515
6,8,4,64,2000,32,32,BTCUSDT,8,0.5,60,0.1839173132,0.1820660903,0.1817376137,True,0.841892167
6,8,4,64,2000,32,32,BTCUSDT,8,0.5,240,0.04991655759,0.04931757583,0.0492609171,True,0.635226125
6,8,4,64,2000,32,32,BTCUSDT,12,0.1,60,0.04031595257,0.03987423836,0.03987107269,True,0.621042917
6,8,4,64,2000,32,32,BTCUSDT,12,0.1,240,0.007060336169,0.006914929115,0.006912295043,True,0.614611375
6,8,4,64,2000,32,32,BTCUSDT,12,0.5,60,0.1982859158,0.1962675704,0.1962517615,True,0.61603475
6,8,4,64,2000,32,32,BTCUSDT,12,0.5,240,0.03171621551,0.03146156467,0.03144693335,True,0.626392375
6,8,4,64,2000,32,32,BTCUSDT,16,0.1,60,0.04006488511,0.03959556796,0.03950812489,True,0.622762541
6,8,4,64,2000,32,32,BTCUSDT,16,0.1,240,0.01123348038,0.0111180054,0.01110524589,True,0.623540333
6,8,4,64,2000,32,32,BTCUSDT,16,0.5,60,0.1977734015,0.1948729144,0.1944259641,True,0.642683042
6,8,4,64,2000,32,32,BTCUSDT,16,0.5,240,0.05317929991,0.05248760523,0.05241517161,True,0.639122084
6,8,4,64,2000,32,32,BTCUSDT,20,0.1,60,0.06397401799,0.06304866687,0.06294398133,True,0.634527667
6,8,4,64,2000,32,32,BTCUSDT,20,0.1,240,0.01323777022,0.01310988767,0.01309267334,True,0.640586333
6,8,4,64,2000,32,32,BTCUSDT,20,0.5,60,0.3161765755,0.3121196084,0.3116148871,True,0.624112667
6,8,4,64,2000,32,32,BTCUSDT,20,0.5,240,0.06307368277,0.06243939119,0.06234951194,True,0.624198625
6,8,4,64,2000,32,32,LINKUSDT,0,0.1,60,0.3549766055,0.3543149734,0.1535155629,True,1.46804175
6,8,4,64,2000,32,32,LINKUSDT,0,0.1,240,0.441944686,0.4373219587,0.08745730539,True,1.258959
6,8,4,64,2000,32,32,LINKUSDT,0,0.5,60,0.5537280988,0.5510098404,0.5326211024,True,1.078779708
6,8,4,64,2000,32,32,LINKUSDT,0,0.5,240,0.4983732567,0.496458259,0.3612837809,True,0.882207375
6,8,4,64,2000,32,32,LINKUSDT,4,0.1,60,0.6104626187,0.6099495258,0.6097514993,True,0.843213209
6,8,4,64,2000,32,32,LINKUSDT,4,0.1,240,0.5839185115,0.583746262,0.5830034432,True,0.854027417
6,8,4,64,2000,32,32,LINKUSDT,4,0.5,60,0.7564467326,0.7543767836,0.7540786845,True,0.844621916
6,8,4,64,2000,32,32,LINKUSDT,4,0.5,240,0.6223480565,0.6218561223,0.6216251235,True,0.855855875
6,8,4,64,2000,32,32,LINKUSDT,8,0.1,60,0.6427869283,0.6421566999,0.6420542111,True,0.851337584
6,8,4,64,2000,32,32,LINKUSDT,8,0.1,240,0.5898434501,0.5896875922,0.5692751555,True,0.860066
6,8,4,64,2000,32,32,LINKUSDT,8,0.5,60,0.8064329956,0.8045302105,0.8042328302,True,0.813016917
6,8,4,64,2000,32,32,LINKUSDT,8,0.5,240,0.6293094891,0.6287511399,0.6251305962,True,0.63916875
6,8,4,64,2000,32,32,LINKUSDT,12,0.1,60,0.6119689466,0.6116879353,0.6115651837,True,0.62824925
6,8,4,64,2000,32,32,LINKUSDT,12,0.1,240,0.5201952551,0.5200006058,0.3293171409,True,0.638029417
6,8,4,64,2000,32,32,LINKUSDT,12,0.5,60,0.7283552934,0.7272602239,0.7271405568,True,0.636992917
6,8,4,64,2000,32,32,LINKUSDT,12,0.5,240,0.545424012,0.5451156499,0.461428741,True,0.640363
6,8,4,64,2000,32,32,LINKUSDT,16,0.1,60,0.3362903316,0.3354598454,0.1205097541,True,0.644025458
6,8,4,64,2000,32,32,LINKUSDT,16,0.1,240,0.5341348004,0.5339508518,0.1205097541,True,0.645268333
6,8,4,64,2000,32,32,LINKUSDT,16,0.5,60,0.492169064,0.489328389,0.4754656336,True,0.64919675
6,8,4,64,2000,32,32,LINKUSDT,16,0.5,240,0.5661888426,0.5656505727,0.4550917398,True,0.649684042
6,8,4,64,2000,32,32,LINKUSDT,20,0.1,60,0.6364144786,0.6359288918,0.6357884868,True,0.651200208
6,8,4,64,2000,32,32,LINKUSDT,20,0.1,240,0.5444714414,0.5431889763,0.4328165313,True,0.647646333
6,8,4,64,2000,32,32,LINKUSDT,20,0.5,60,0.7951592595,0.7932084082,0.7926658667,True,0.639314375
6,8,4,64,2000,32,32,LINKUSDT,20,0.5,240,0.5929403283,0.5925100956,0.5715131726,True,0.627897958
