strategy,baseline,metric,mean_diff,std_diff,ci_low,ci_high,median_diff,wilcoxon_p,frac_a_lower,ci_excludes_zero,count
Hybrid,TWAP,shortfall_bps,0.1988724157,9.668468562,-3.228729077,3.528167134,1.130978746,0.839392744,0.4,False,30
SA-QUBO,TWAP,shortfall_bps,-0.8193096,13.72183609,-5.735666586,3.923340604,0.06109315298,0.9192965273,0.5,False,30
VWAP,TWAP,shortfall_bps,-3.276195215,21.79368157,-10.57340148,4.476414721,-7.826897864,0.4044945035,0.6333333333,False,30
Hybrid,VWAP,shortfall_bps,3.475067631,22.57918053,-4.448017692,11.07113659,7.274145079,0.3085207697,0.4666666667,False,30
SA-QUBO,VWAP,shortfall_bps,2.456885615,25.66400494,-6.61991085,11.13609505,4.248974167,0.464545045,0.4333333333,False,30
TWAP,VWAP,shortfall_bps,3.276195215,21.79368157,-4.476414721,10.57340148,7.826897864,0.4044945035,0.3666666667,False,30
Hybrid,TWAP,impact_cost_bps,0.01826413394,0.01289154598,0.0138068526,0.02281790389,0.02060391989,3.539025784e-08,0.1,True,30
SA-QUBO,TWAP,impact_cost_bps,0.01776998248,0.01448504834,0.01269310783,0.02284687255,0.01642363693,5.718320608e-07,0.1,True,30
VWAP,TWAP,impact_cost_bps,-0.0105060871,0.006114691175,-0.01267961813,-0.00835283194,-0.01142971888,1.862645149e-09,1,True,30
Hybrid,VWAP,impact_cost_bps,0.02877022104,0.01594342693,0.02336244258,0.03451862516,0.02886446206,1.862645149e-09,0,True,30
SA-QUBO,VWAP,impact_cost_bps,0.02827606958,0.01527642756,0.02301400347,0.03366052518,0.02801741222,1.862645149e-09,0,True,30
TWAP,VWAP,impact_cost_bps,0.0105060871,0.006114691175,0.00835283194,0.01267961813,0.01142971888,1.862645149e-09,0,True,30
Hybrid,TWAP,timing_cost_bps,0.1560385457,9.604890973,-3.249257992,3.457361048,1.054450041,0.8552717231,0.4,False,30
SA-QUBO,TWAP,timing_cost_bps,-0.8398096024,13.69510764,-5.750331521,3.889801545,0.05874489043,0.9032264724,0.5,False,30
VWAP,TWAP,timing_cost_bps,-2.695946802,21.77228836,-9.982976444,5.053146688,-7.260364789,0.489846088,0.6333333333,False,30
Hybrid,VWAP,timing_cost_bps,2.851985348,22.57266271,-5.085152166,10.44121154,6.634291459,0.381798435,0.4666666667,False,30
SA-QUBO,VWAP,timing_cost_bps,1.8561372,25.62433561,-7.223119379,10.54784295,3.416566909,0.5291051846,0.4333333333,False,30
TWAP,VWAP,timing_cost_bps,2.695946802,21.77228836,-5.053146688,9.982976444,7.260364789,0.489846088,0.3666666667,False,30
