seed,strategy,total_shares,filled_shares,fill_rate,shortfall_bps,execution_cost_bps,opportunity_cost_bps,spread_cost_bps,impact_cost_bps,timing_cost_bps,slippage_vs_vwap_bps,optimization_invocations,optimization_time_s,qubo_selected_shares
0,TWAP,100000,100000,1,186.3234212,186.3234212,0,2.188055694,0.01611138737,184.1192541,5.919555198,0,0,
0,VWAP,100000,100000,1,176.930363,176.930363,0,1.652222775,0.001511685728,175.2766285,-3.307148161,0,0,
0,SA-QUBO,100000,100000,1,170.8978518,170.8978518,0,2.138219791,0.03032322228,168.7293088,-9.232821161,1,0.010399875,100000
0,Hybrid,100000,100000,1,171.1288414,171.1288414,0,1.976668324,0.01345599204,169.1387171,-9.005922521,5,0.031253792,
1,TWAP,100000,100000,1,-151.1434042,-151.1434042,-0,2.305663593,0.01301122694,-153.462079,-4.28387505,0,0,
1,VWAP,100000,100000,1,-155.6544106,-155.6544106,-0,1.679851644,0.0002105052126,-157.3344727,-8.862146561,0,0,
1,SA-QUBO,100000,100000,1,-137.6892241,-137.6892241,-0,2.497664395,0.0565457097,-140.2434342,9.370924671,1,0.010554416,100000
1,Hybrid,100000,100000,1,-147.4578388,-147.4578388,-0,2.424188051,0.05172413793,-149.933751,-0.5433530199,5,0.031110835,
2,TWAP,100000,100000,1,6.767597148,6.767597148,-0,2.309559193,0.004458278944,4.453579677,13.70119796,0,0,
2,VWAP,100000,100000,1,-5.121548348,-5.121548348,-0,1.702329551,1.095886778e-14,-6.823877899,1.803814578,0,0,
2,SA-QUBO,100000,100000,1,6.706998695,6.706998695,-0,2.468520936,0.02915955417,4.209318205,13.64055752,1,0.010685042,100000
2,Hybrid,100000,100000,1,11.51074405,11.51074405,-0,2.506757707,0.02858720755,8.975399136,18.44763135,5,0.031314834,
3,TWAP,100000,100000,1,257.4468563,257.4468563,0,2.328762475,0.006506986028,255.1115868,-3.062875063,0,0,
3,VWAP,100000,100000,1,255.342525,255.342525,0,1.73745509,-6.421831352e-14,253.6050699,-5.11376242,0,0,
3,SA-QUBO,100000,100000,1,228.6371956,228.6371956,0,2.478343313,0.04620758483,226.1126447,-31.14085299,1,0.010411541,100000
3,Hybrid,100000,100000,1,253.5916467,253.5916467,0,2.238493014,0.02914171657,251.324012,-6.820173378,5,0.031639501,
4,TWAP,100000,100000,1,-24.03155734,-24.03155734,-0,2.420400601,0.01481221833,-26.46677016,-1.254352779,0,0,
4,VWAP,100000,100000,1,-18.33736605,-18.33736605,-0,1.930025038,2.231609433e-14,-20.26739109,4.452839527,0,0,
4,SA-QUBO,100000,100000,1,-23.4285328,-23.4285328,-0,2.503765648,0.02498748122,-25.95728593,-0.649951412,1,0.010474791,100000
4,Hybrid,100000,100000,1,-27.54891337,-27.54891337,-0,2.52022033,0.04476715073,-30.11390085,-4.779739666,5,0.031559418,
5,TWAP,100000,100000,1,147.618331,147.618331,0,2.584980989,0.01445867521,145.0188913,21.33063668,0,0,
5,VWAP,100000,100000,1,127.7770662,127.7770662,0,1.93858315,5.938015739e-14,125.8384831,1.736297608,0,0,
5,SA-QUBO,100000,100000,1,132.779998,132.779998,0,2.259725836,0.0247248349,130.4955473,6.676967593,1,0.010510541,100000
5,Hybrid,100000,100000,1,140.4728737,140.4728737,0,2.599639784,0.02318391035,137.85005,14.27410504,5,0.031362583,
6,TWAP,100000,100000,1,-78.40769231,-78.40769231,0,2.325059785,0.003308090873,-80.73606018,-31.24333186,0,0,
6,VWAP,100000,100000,1,-44.09242726,-44.09242726,0,1.753238342,-8.065467164e-14,-45.8456656,3.235057964,0,0,
6,SA-QUBO,100000,100000,1,-63.34639299,-63.34639299,0,2.275129534,0.01020326823,-65.63172579,-16.1104355,1,0.010406917,100000
6,Hybrid,100000,100000,1,-75.50912714,-75.50912714,0,2.306556397,0.008937823834,-77.82462136,-28.33098776,5,0.031285208,
7,TWAP,100000,100000,1,45.6444567,45.6444567,0,2.656535686,0.01156776263,42.97635325,-10.40731408,0,0,
7,VWAP,100000,100000,1,64.39594026,64.39594026,0,1.984021652,0.001052526062,62.41086608,8.239541666,0,0,
7,SA-QUBO,100000,100000,1,58.83095429,58.83095429,0,2.622955092,0.02336607859,56.18463312,2.705606701,1,0.0102715,100000
7,Hybrid,100000,100000,1,54.42664395,54.42664395,0,2.768073376,0.04320368885,51.61536688,-1.674128875,5,0.031043623,
8,TWAP,100000,100000,1,-57.49543951,-57.49543951,0,2.355437506,0.009271324045,-59.86014834,-39.70593376,0,0,
8,VWAP,100000,100000,1,-18.25737196,-18.25737196,0,1.839240253,-9.434970596e-14,-20.09661221,-0.397659963,0,0,
8,SA-QUBO,100000,100000,1,-53.90292673,-53.90292673,0,2.188323143,0.0293374762,-56.12058735,-36.10699312,1,0.0103355,100000
8,Hybrid,100000,100000,1,-68.47937256,-68.47937256,0,2.439420668,0.01962513782,-70.93841836,-50.70951967,5,0.030814208,
9,TWAP,100000,100000,1,105.5995695,105.5995695,0,2.703093403,0.000430473521,102.8960457,22.2162288,0,0,
9,VWAP,100000,100000,1,88.13243568,88.13243568,0,2.000830914,-1.297457153e-14,86.13160477,4.893219796,0,0,
9,SA-QUBO,100000,100000,1,85.65567124,85.65567124,0,2.502733006,0.002853138452,83.15008509,2.436891638,1,0.010350916,100000
9,Hybrid,100000,100000,1,107.7639904,107.7639904,0,2.670757834,0.006106717389,105.0871258,24.36279059,5,0.030893709,
10,TWAP,100000,100000,1,-163.2486036,-163.2486036,-0,2.21101137,0.00364053461,-165.4632555,-29.9707581,0,0,
10,VWAP,100000,100000,1,-135.6242071,-135.6242071,-0,1.718671454,-1.607898822e-13,-137.3428785,-1.972079421,0,0,
10,SA-QUBO,100000,100000,1,-163.0658189,-163.0658189,-0,2.12775783,0.01802313984,-165.2115998,-29.78549679,1,0.010420583,100000
10,Hybrid,100000,100000,1,-157.333842,-157.333842,-0,2.222052663,0.03043087971,-159.5863256,-23.97585755,5,0.030567792,
11,TWAP,100000,100000,1,38.91448579,38.91448579,0,2.434403762,0.02170868347,36.45837335,-23.03642811,0,0,
11,VWAP,100000,100000,1,60.48614446,60.48614446,0,1.896878752,3.707673979e-14,58.58926571,-1.597889815,0,0,
11,SA-QUBO,100000,100000,1,29.89829932,29.89829932,0,2.559333733,0.0618547419,27.27711084,-31.99697501,1,0.010265291,100000
11,Hybrid,100000,100000,1,53.62354942,53.62354942,0,2.507482993,0.04245698279,51.07360944,-8.418135251,5,0.030598374,
12,TWAP,100000,100000,1,111.6831291,111.6831291,0,1.908114079,0.01994376381,109.7550713,27.4242072,0,0,
12,VWAP,100000,100000,1,81.67095802,81.67095802,0,1.513416349,1.621161976e-14,80.15754168,-2.337877642,0,0,
12,SA-QUBO,100000,100000,1,97.68584053,97.68584053,0,1.824322153,0.009238802973,95.85227957,13.54355559,1,0.010418084,100000
12,Hybrid,100000,100000,1,95.87320747,95.87320747,0,1.676822655,0.0156858807,94.18069894,11.7460269,5,0.031132375,
13,TWAP,100000,100000,1,91.92184773,91.92184773,0,2.156765975,0.003551008125,89.76153075,17.91107507,0,0,
13,VWAP,100000,100000,1,74.05284382,74.05284382,0,1.670067208,-1.414100499e-14,72.38277661,0.1731164457,0,0,
13,SA-QUBO,100000,100000,1,91.8315478,91.8315478,0,2.190149463,0.01403350386,89.62736483,17.82143737,1,0.0106285,100000
13,Hybrid,100000,100000,1,101.0091082,101.0091082,0,2.248941719,0.0161600963,98.74400642,26.93169266,5,0.03120816599,
14,TWAP,100000,100000,1,67.68617886,67.68617886,0,2.197858418,0.001635930993,65.48668451,26.25779544,0,0,
14,VWAP,100000,100000,1,40.74274242,40.74274242,0,1.652270474,-4.666503155e-14,39.09047194,-0.5747691528,0,0,
14,SA-QUBO,100000,100000,1,76.56899663,76.56899663,0,2.346510014,0.02752329962,74.19496332,35.10406054,1,0.010417167,100000
14,Hybrid,100000,100000,1,69.82204045,69.82204045,0,2.147640293,0.005601824311,67.66879833,28.38486799,5,0.031275249,
15,TWAP,100000,100000,1,312.9541233,312.9541233,0,2.31867494,0.01219975981,310.6232486,22.60720589,0,0,
15,VWAP,100000,100000,1,290.3196958,290.3196958,0,1.679053243,1.014898511e-13,288.6406425,0.6100192558,0,0,
15,SA-QUBO,100000,100000,1,292.1953463,292.1953463,0,2.410268215,0.03874099279,289.7463371,2.432863438,1,0.010431875,100000
15,Hybrid,100000,100000,1,302.5904924,302.5904924,0,2.060948759,0.02702161729,300.502522,12.53534864,5,0.030980794,
16,TWAP,100000,100000,1,-13.79351648,-13.79351648,-0,2.314405594,0.009400599401,-16.11732268,-5.224099011,0,0,
16,VWAP,100000,100000,1,-4.677462537,-4.677462537,-0,1.845444555,2.248750636e-14,-6.522907093,3.899777653,0,0,
16,SA-QUBO,100000,100000,1,-6.820929071,-6.820929071,-0,2.397622378,0.03972027972,-9.258271728,1.754471756,1,0.010486083,100000
16,Hybrid,100000,100000,1,-13.19783217,-13.19783217,-0,2.503186813,0.02986013986,-15.73087912,-4.627903523,5,0.031137209,
17,TWAP,100000,100000,1,147.1382719,147.1382719,0,2.689935846,0.01582798717,144.432508,39.47103898,0,0,
17,VWAP,100000,100000,1,113.0627807,113.0627807,0,1.975892141,2.575503741e-14,111.0868885,5.757109228,0,0,
17,SA-QUBO,100000,100000,1,137.7697374,137.7697374,0,2.706455493,0.0153468324,135.047935,30.20191027,1,0.010283666,100000
17,Hybrid,100000,100000,1,144.6855052,144.6855052,0,2.639514836,0.02472935044,142.021261,37.04429766,5,0.031099042,
18,TWAP,100000,100000,1,-26.92215881,-26.92215881,-0,1.835796535,0.02010613798,-28.77806148,19.37818618,0,0,
18,VWAP,100000,100000,1,-43.3209973,-43.3209973,-0,1.417072194,-8.423776901e-15,-44.73806949,2.90321554,0,0,
18,SA-QUBO,100000,100000,1,-19.71375789,-19.71375789,-0,1.768949635,0.01287673976,-21.49558426,26.62005234,1,0.010312167,100000
18,Hybrid,100000,100000,1,-26.16180034,-26.16180034,-0,1.791268649,0.04979473315,-28.00286372,20.14207464,5,0.030965084,
19,TWAP,100000,100000,1,-53.26725558,-53.26725558,-0,1.819781638,0.005349875931,-55.0923871,9.570606679,0,0,
19,VWAP,100000,100000,1,-64.53659553,-64.53659553,-0,1.442739454,-5.642026686e-14,-65.97933499,-1.769926622,0,0,
19,SA-QUBO,100000,100000,1,-53.78903226,-53.78903226,-0,1.662560794,0.007533498759,-55.45912655,9.045533713,1,0.010498041,100000
19,Hybrid,100000,100000,1,-57.25802481,-57.25802481,-0,1.731334988,0.03058064516,-59.01994045,5.554626013,5,0.031258292,
20,TWAP,100000,100000,1,-145.7608189,-145.7608189,-0,2.793496588,0.004817342433,-148.5591329,23.71164008,0,0,
20,VWAP,100000,100000,1,-166.582497,-166.582497,-0,2.057868326,1.022314398e-13,-168.6403653,2.531872395,0,0,
20,SA-QUBO,100000,100000,1,-135.0169811,-135.0169811,-0,2.676334805,0.009815335207,-137.7031313,34.6402496,1,0.010546542,100000
20,Hybrid,100000,100000,1,-133.6022682,-133.6022682,-0,2.793486552,0.002569249297,-136.398324,36.0792927,5,0.03132425,
21,TWAP,100000,100000,1,274.0854766,274.0854766,0,2.589989043,0.01263074011,271.4828569,28.74569635,0,0,
21,VWAP,100000,100000,1,256.0574061,256.0574061,0,2.019782847,4.552456297e-14,254.0376233,11.14812671,0,0,
21,SA-QUBO,100000,100000,1,298.7661819,298.7661819,0,2.556718797,0.0326825381,296.1767806,52.83703929,1,0.010387125,100000
21,Hybrid,100000,100000,1,288.78206,288.78206,0,2.667775675,0.04575156888,286.0685327,43.09133296,5,0.031118875,
22,TWAP,100000,100000,1,-27.95942886,-27.95942886,-0,2.738907816,0.01143286573,-30.70976954,7.249911011,0,0,
22,VWAP,100000,100000,1,-33.23029058,-33.23029058,-0,2.011883768,1.890983473e-14,-35.24217435,1.960438897,0,0,
22,SA-QUBO,100000,100000,1,-28.47910822,-28.47910822,-0,2.880771543,0.02848697395,-31.38836673,6.728396765,1,0.010435625,100000
22,Hybrid,100000,100000,1,-25.96057114,-25.96057114,-0,2.934609218,0.03780561122,-28.93298597,9.255826305,5,0.030946667,
23,TWAP,100000,100000,1,-66.74202479,-66.74202479,-0,2.148770738,0.01663002199,-68.90742554,-28.94338393,0,0,
23,VWAP,100000,100000,1,-38.32227663,-38.32227663,-0,1.706735958,0.001738956626,-40.03075155,-0.4154912121,0,0,
23,SA-QUBO,100000,100000,1,-72.07155707,-72.07155707,-0,2.173715771,0.0436138317,-74.28888667,-34.29319647,1,0.010625084,100000
23,Hybrid,100000,100000,1,-65.86045373,-65.86045373,-0,2.220947432,0.05920447731,-68.14060564,-28.05845826,5,0.031627542,
24,TWAP,100000,100000,1,-48.67475757,-48.67475757,-0,2.466040188,0.01142657203,-51.15222433,-4.30640507,0,0,
24,VWAP,100000,100000,1,-38.1903229,-38.1903229,-0,1.852554234,-4.386995837e-14,-40.04287714,6.22477484,0,0,
24,SA-QUBO,100000,100000,1,-34.44355693,-34.44355693,-0,2.56590023,0.05409377187,-37.06355093,9.988245905,1,0.010359792,100000
24,Hybrid,100000,100000,1,-72.5556733,-72.5556733,-0,2.446775967,0.02520243927,-75.0276517,-28.29379474,5,0.031352085,
25,TWAP,100000,100000,1,-256.9511398,-256.9511398,-0,2.116356729,0.003449310138,-259.0709458,-23.52238947,0,0,
25,VWAP,100000,100000,1,-221.1453609,-221.1453609,-0,1.593021396,-1.091175407e-13,-222.7383823,13.14124181,0,0,
25,SA-QUBO,100000,100000,1,-285.9563287,-285.9563287,-0,1.966246751,0.03628274345,-287.9588582,-53.222499,1,0.010395625,100000
25,Hybrid,100000,100000,1,-237.7278644,-237.7278644,-0,2.217836433,0.01281743651,-239.9585183,-3.838553452,5,0.03080825,
26,TWAP,100000,100000,1,292.0631176,292.0631176,0,2.365019624,0.02203884472,289.6760592,38.27550979,0,0,
26,VWAP,100000,100000,1,257.5262252,257.5262252,0,1.741169367,-3.066123831e-14,255.7850559,4.590247913,0,0,
26,SA-QUBO,100000,100000,1,295.9604408,295.9604408,0,2.532595351,0.04552681896,293.3823186,42.07673049,1,0.01048075,100000
26,Hybrid,100000,100000,1,293.4435041,293.4435041,0,2.373009963,0.06073261548,291.0097615,39.62185786,5,0.030811501,
27,TWAP,100000,100000,1,311.6772285,311.6772285,0,2.239476587,0.004943347037,309.4328086,20.61963089,0,0,
27,VWAP,100000,100000,1,289.4982252,289.4982252,0,1.701995388,-1.91510967e-14,287.7962298,-0.933347446,0,0,
27,SA-QUBO,100000,100000,1,331.9220195,331.9220195,0,2.272786524,0.03522510779,329.6140078,40.29299198,1,0.010309833,100000
27,Hybrid,100000,100000,1,319.7047027,319.7047027,0,2.373177579,0.01103980748,317.3204853,28.42052143,5,0.03123887599,
28,TWAP,100000,100000,1,208.3689448,208.3689448,0,2.321665498,0.01409960918,206.0331797,12.0318918,0,0,
28,VWAP,100000,100000,1,202.1082072,202.1082072,0,1.750786652,0.002344924341,200.3550757,5.891566704,0,0,
28,SA-QUBO,100000,100000,1,207.5059124,207.5059124,0,2.20460968,0.02989277483,205.27141,11.18545809,1,0.010255792,100000
28,Hybrid,100000,100000,1,201.3797575,201.3797575,0,2.310522096,0.03565487524,199.0335805,5.177127197,5,0.031180958,
29,TWAP,100000,100000,1,69.7422915,69.7422915,0,2.673175621,0.01327185245,67.05584403,-0.1237740017,0,0,
29,VWAP,100000,100000,1,71.941249,71.941249,0,1.959823577,-3.190889591e-14,69.98142542,2.05992665,0,0,
29,SA-QUBO,100000,100000,1,70.76939655,70.76939655,0,2.840106255,0.01692060946,67.91236969,0.8962047719,1,0.01031775,100000
29,Hybrid,100000,100000,1,66.04861668,66.04861668,0,2.936176824,0.03813151564,63.07430834,-3.791821301,5,0.030823293,
