strategy,metric,mean,std,ci_low,ci_high,median,count
TWAP,shortfall_bps,52.04125099,151.4787052,-1.270194372,104.1681479,42.27947125,30
TWAP,execution_cost_bps,52.04125099,151.4787052,-1.270194372,104.1681479,42.27947125,30
TWAP,spread_cost_bps,2.350573184,0.2550883118,2.25981359,2.441125867,2.323362641,30
TWAP,impact_cost_bps,0.01073470703,0.006239899682,0.008546726485,0.01293450006,0.01150031418,30
TWAP,timing_cost_bps,49.6799431,151.4472314,-3.5897626,101.8019334,39.7173633,30
TWAP,opportunity_cost_bps,0,0,0,0,0,30
TWAP,fill_rate,1,0,1,1,1,30
TWAP,optimization_invocations,0,0,0,0,0,30
TWAP,optimization_time_s,0,0,0,0,0,30
VWAP,shortfall_bps,48.76505578,139.1693771,-0.8632924348,96.63909428,50.61444344,30
VWAP,execution_cost_bps,48.76505578,139.1693771,-0.8632924348,96.63909428,50.61444344,30
VWAP,spread_cost_bps,1.780830858,0.1728563781,1.718671167,1.840673549,1.745978009,30
VWAP,impact_cost_bps,0.0002286199323,0.0005986175282,4.21010425e-05,0.0004551239444,1.358524377e-14,30
VWAP,timing_cost_bps,46.9839963,139.1532738,-2.629160119,94.85388178,48.83986882,30
VWAP,opportunity_cost_bps,0,0,0,0,0,30
VWAP,fill_rate,1,0,1,1,1,30
VWAP,optimization_invocations,0,0,0,0,0,30
VWAP,optimization_time_s,0,0,0,0,0,30
SA-QUBO,shortfall_bps,51.22194139,150.7412242,-2.03246264,102.7913066,44.36462681,30
SA-QUBO,execution_cost_bps,51.22194139,150.7412242,-2.03246264,102.7913066,44.36462681,30
SA-QUBO,spread_cost_bps,2.353303204,0.2967078468,2.246300201,2.456734303,2.403945296,30
SA-QUBO,impact_cost_bps,0.02850468952,0.01533854823,0.02325062973,0.03394929105,0.02882326406,30
SA-QUBO,timing_cost_bps,48.8401335,150.6856848,-4.421363518,100.4496146,41.73087198,30
SA-QUBO,opportunity_cost_bps,0,0,0,0,0,30
SA-QUBO,fill_rate,1,0,1,1,1,30
SA-QUBO,optimization_invocations,1,0,1,1,1,30
SA-QUBO,optimization_time_s,0.01042254713,0.0001112667402,0.01038454903,0.01046314334,0.010414354,30
Hybrid,shortfall_bps,52.24012341,149.5809884,-0.2521437699,103.6361315,54.02509668,30
Hybrid,execution_cost_bps,52.24012341,149.5809884,-0.2521437699,103.6361315,54.02509668,30
Hybrid,spread_cost_bps,2.37514292,0.3217506592,2.259496653,2.489338594,2.398682815,30
Hybrid,impact_cost_bps,0.02899884097,0.01607090664,0.02355568941,0.0347620795,0.02886446206,30
Hybrid,timing_cost_bps,49.83598165,149.5848179,-2.605440172,101.288923,51.34448816,30
Hybrid,opportunity_cost_bps,0,0,0,0,0,30
Hybrid,fill_rate,1,0,1,1,1,30
Hybrid,optimization_invocations,5,0,5,5,5,30
Hybrid,optimization_time_s,0.03112441283,0.0002696601498,0.03102702999,0.03121776589,0.031134792,30
