term,metric,mean,std,ci_low,ci_high,median,count
impact_cost,share_of_abs_total,0.2551341003,0.2288542974,0.1494488202,0.4096670006,0.1756548981,10
impact_cost,cost,1.147146503,0.1263740428,1.075572258,1.222280264,1.14021057,10
timing_cost,share_of_abs_total,0.001271925321,0.001130753361,0.0007201076045,0.002032780043,0.0008598213809,10
timing_cost,cost,0.005550692685,0.0009635750829,0.005007918622,0.006141637681,0.005416846824,10
transaction_cost,share_of_abs_total,0.01388999402,0.0156816682,0.007241943352,0.02449497139,0.008766197528,10
transaction_cost,cost,0.05693556502,0.005456071326,0.0538380418,0.06025382159,0.05645897833,10
adverse_selection_cost,share_of_abs_total,0.02078775885,0.01466840972,0.01310517951,0.03037260699,0.01577450862,10
adverse_selection_cost,cost,0.098604,0.01943366563,0.086904,0.109728,0.10044,10
inventory_risk_cost,share_of_abs_total,0.005197506924,0.005841293716,0.00281721261,0.009120398282,0.003539598059,10
inventory_risk_cost,cost,0.0219283847,0.003765420804,0.01973666358,0.0241549023,0.02229518583,10
information_leakage_cost,share_of_abs_total,0.7037187146,0.2654601056,0.5245214413,0.8264257026,0.7964352255,10
information_leakage_cost,cost,5.496775366,3.872839609,3.351171289,7.940437807,5.067680236,10
