seed,term,cost,share_of_abs_total,energy,selected_shares
0,impact_cost,1.31843031,0.08790995081,-3999999985,2000
0,timing_cost,0.004999565833,0.0003333597408,-3999999985,2000
0,transaction_cost,0.06120743034,0.004081173005,-3999999985,2000
0,adverse_selection_cost,0.08208,0.005472908737,-3999999985,2000
0,inventory_risk_cost,0.0232939613,0.001553188649,-3999999985,2000
0,information_leakage_cost,13.50749809,0.9006494191,-3999999985,2000
1,impact_cost,0.98475,0.1571046409,-3997499994,1950
1,timing_cost,0.005308224676,0.0008468613675,-3997499994,1950
1,transaction_cost,0.05380611455,0.008584097797,-3997499994,1950
1,adverse_selection_cost,0.10116,0.01613882252,-3997499994,1950
1,inventory_risk_cost,0.02268460062,0.003619046494,-3997499994,1950
1,information_leakage_cost,5.100406338,0.8137065309,-3997499994,1950
2,impact_cost,1.15283557,0.1100800837,-3999999990,2000
2,timing_cost,0.006417622126,0.0006127954403,-3999999990,2000
2,transaction_cost,0.05636609907,0.005382194187,-3999999990,2000
2,adverse_selection_cost,0.1026,0.009796901553,-3999999990,2000
2,inventory_risk_cost,0.01852078562,0.001768482587,-3999999990,2000
2,information_leakage_cost,9.135958811,0.8723595426,-3999999990,2000
3,impact_cost,1.114278009,0.1760069813,-3999999994,2000
3,timing_cost,0.005525468972,0.0008727813944,-3999999994,2000
3,transaction_cost,0.0566505418,0.00894829726,-3999999994,2000
3,adverse_selection_cost,0.09756,0.01541019473,-3999999994,2000
3,inventory_risk_cost,0.02190577103,0.003460149624,-3999999994,2000
3,information_leakage_cost,5.034954134,0.7953015957,-3999999994,2000
4,impact_cost,1.12758557,0.3582436067,-3997499997,1950
4,timing_cost,0.006074807102,0.001930018319,-3997499997,1950
4,transaction_cost,0.05655185759,0.01796701019,-3997499997,1950
4,adverse_selection_cost,0.09972,0.03168189929,-3997499997,1950
4,inventory_risk_cost,0.01820913019,0.005785196838,-3997499997,1950
4,information_leakage_cost,1.839397206,0.5843922686,-3997499997,1950
5,impact_cost,1.35483557,0.1753028149,-3999999992,2000
5,timing_cost,0.004393968065,0.0005685376053,-3999999992,2000
5,transaction_cost,0.04945820433,0.006399420441,-3999999992,2000
5,adverse_selection_cost,0.1278,0.01653610242,-3999999992,2000
5,inventory_risk_cost,0.02801032622,0.003624269352,-3999999992,2000
5,information_leakage_cost,6.164046225,0.7975688553,-3999999992,2000
6,impact_cost,1.01,0.1817101744,-3999999994,2000
6,timing_cost,0.007365224944,0.001325085454,-3999999994,2000
6,transaction_cost,0.06327399381,0.01138369153,-3999999994,2000
6,adverse_selection_cost,0.0774,0.01392511633,-3999999994,2000
6,inventory_risk_cost,0.01797341234,0.003233615734,-3999999994,2000
6,information_leakage_cost,4.382289227,0.7884223166,-3999999994,2000
7,impact_cost,1.18675,0.3032352796,-3997499996,1950
7,timing_cost,0.006209129628,0.001586540686,-3997499996,1950
7,transaction_cost,0.05034055728,0.01286288853,-3997499996,1950
7,adverse_selection_cost,0.11952,0.03053944017,-3997499996,1950
7,inventory_risk_cost,0.01748730293,0.004468310254,-3997499996,1950
7,information_leakage_cost,2.533320743,0.6473075407,-3997499996,1950
8,impact_cost,1.212,0.1396204942,-3999999991,2000
8,timing_cost,0.004361892301,0.0005024831342,-3999999991,2000
8,transaction_cost,0.05497291022,0.006332792815,-3999999991,2000
8,adverse_selection_cost,0.1134,0.01306350168,-3999999991,2000
8,inventory_risk_cost,0.02605635525,0.003001651153,-3999999991,2000
8,information_leakage_cost,7.269882887,0.837479077,-3999999991,2000
9,impact_cost,1.01,0.862126976,-3999999999,2000
9,timing_cost,0.004851023203,0.004140790064,-3999999999,2000
9,transaction_cost,0.06672794118,0.05695837439,-3999999999,2000
9,adverse_selection_cost,0.0648,0.05531270103,-3999999999,2000
9,inventory_risk_cost,0.02514220149,0.02146115855,-3999999999,2000
9,information_leakage_cost,0,0,-3999999999,2000
