parameter,value,seed,energy
impact_weight_multiplier,0.2,0,-997499999.9
impact_weight_multiplier,0.2,1,-999999996.8
impact_weight_multiplier,0.2,2,-997499997.3
impact_weight_multiplier,0.2,3,-999999999.9
impact_weight_multiplier,0.2,4,-997499997.7
impact_weight_multiplier,0.2,5,-997499999.9
impact_weight_multiplier,0.2,6,-999999999.9
impact_weight_multiplier,0.2,7,-999999999.9
impact_weight_multiplier,0.2,8,-997499999.8
impact_weight_multiplier,0.2,9,-999999997.3
impact_weight_multiplier,0.5428571429,0,-997499999.7
impact_weight_multiplier,0.5428571429,1,-999999996.6
impact_weight_multiplier,0.5428571429,2,-997499997.2
impact_weight_multiplier,0.5428571429,3,-999999999.7
impact_weight_multiplier,0.5428571429,4,-997499997.5
impact_weight_multiplier,0.5428571429,5,-997499999.7
impact_weight_multiplier,0.5428571429,6,-999999999.7
impact_weight_multiplier,0.5428571429,7,-999999999.7
impact_weight_multiplier,0.5428571429,8,-997499999.6
impact_weight_multiplier,0.5428571429,9,-999999997.2
impact_weight_multiplier,0.8857142857,0,-997499999.5
impact_weight_multiplier,0.8857142857,1,-999999996.4
impact_weight_multiplier,0.8857142857,2,-997499997
impact_weight_multiplier,0.8857142857,3,-999999999.5
impact_weight_multiplier,0.8857142857,4,-997499997.3
impact_weight_multiplier,0.8857142857,5,-997499999.5
impact_weight_multiplier,0.8857142857,6,-999999999.5
impact_weight_multiplier,0.8857142857,7,-999999999.5
impact_weight_multiplier,0.8857142857,8,-997499999.4
impact_weight_multiplier,0.8857142857,9,-999999997
impact_weight_multiplier,1.228571429,0,-997499999.4
impact_weight_multiplier,1.228571429,1,-999999996.3
impact_weight_multiplier,1.228571429,2,-997499996.8
impact_weight_multiplier,1.228571429,3,-999999999.3
impact_weight_multiplier,1.228571429,4,-997499997.1
impact_weight_multiplier,1.228571429,5,-997499999.4
impact_weight_multiplier,1.228571429,6,-999999999.4
impact_weight_multiplier,1.228571429,7,-999999999.3
impact_weight_multiplier,1.228571429,8,-997499999.2
impact_weight_multiplier,1.228571429,9,-999999996.8
impact_weight_multiplier,1.571428571,0,-997499999.2
impact_weight_multiplier,1.571428571,1,-999999996.1
impact_weight_multiplier,1.571428571,2,-997499996.7
impact_weight_multiplier,1.571428571,3,-999999999.2
impact_weight_multiplier,1.571428571,4,-997499996.9
impact_weight_multiplier,1.571428571,5,-997499999.2
impact_weight_multiplier,1.571428571,6,-999999999.2
impact_weight_multiplier,1.571428571,7,-999999999.2
impact_weight_multiplier,1.571428571,8,-997499999
impact_weight_multiplier,1.571428571,9,-999999996.6
impact_weight_multiplier,1.914285714,0,-997499999
impact_weight_multiplier,1.914285714,1,-999999995.9
impact_weight_multiplier,1.914285714,2,-997499996.5
impact_weight_multiplier,1.914285714,3,-999999999
impact_weight_multiplier,1.914285714,4,-997499996.8
impact_weight_multiplier,1.914285714,5,-997499999
impact_weight_multiplier,1.914285714,6,-999999999
impact_weight_multiplier,1.914285714,7,-999999999
impact_weight_multiplier,1.914285714,8,-997499998.8
impact_weight_multiplier,1.914285714,9,-999999996.5
impact_weight_multiplier,2.257142857,0,-997499998.9
impact_weight_multiplier,2.257142857,1,-999999995.7
impact_weight_multiplier,2.257142857,2,-997499996.4
impact_weight_multiplier,2.257142857,3,-999999998.8
impact_weight_multiplier,2.257142857,4,-997499996.6
impact_weight_multiplier,2.257142857,5,-997499998.9
impact_weight_multiplier,2.257142857,6,-999999998.8
impact_weight_multiplier,2.257142857,7,-999999998.8
impact_weight_multiplier,2.257142857,8,-997499998.6
impact_weight_multiplier,2.257142857,9,-999999996.3
impact_weight_multiplier,2.6,0,-997499998.7
impact_weight_multiplier,2.6,1,-999999995.6
impact_weight_multiplier,2.6,2,-997499996.2
impact_weight_multiplier,2.6,3,-999999998.7
impact_weight_multiplier,2.6,4,-997499996.4
impact_weight_multiplier,2.6,5,-997499998.7
impact_weight_multiplier,2.6,6,-999999998.7
impact_weight_multiplier,2.6,7,-999999998.7
impact_weight_multiplier,2.6,8,-997499998.4
impact_weight_multiplier,2.6,9,-999999996.1
impact_weight_multiplier,2.942857143,0,-997499998.6
impact_weight_multiplier,2.942857143,1,-999999995.4
impact_weight_multiplier,2.942857143,2,-997499996
impact_weight_multiplier,2.942857143,3,-999999998.5
impact_weight_multiplier,2.942857143,4,-997499996.2
impact_weight_multiplier,2.942857143,5,-997499998.6
impact_weight_multiplier,2.942857143,6,-999999998.5
impact_weight_multiplier,2.942857143,7,-999999998.5
impact_weight_multiplier,2.942857143,8,-997499998.2
impact_weight_multiplier,2.942857143,9,-999999996
impact_weight_multiplier,3.285714286,0,-997499998.4
impact_weight_multiplier,3.285714286,1,-999999995.2
impact_weight_multiplier,3.285714286,2,-997499995.9
impact_weight_multiplier,3.285714286,3,-999999998.3
impact_weight_multiplier,3.285714286,4,-997499996.1
impact_weight_multiplier,3.285714286,5,-997499998.4
impact_weight_multiplier,3.285714286,6,-999999998.3
impact_weight_multiplier,3.285714286,7,-999999998.3
impact_weight_multiplier,3.285714286,8,-997499997.9
impact_weight_multiplier,3.285714286,9,-999999995.8
impact_weight_multiplier,3.628571429,0,-997499998.2
impact_weight_multiplier,3.628571429,1,-999999995.1
impact_weight_multiplier,3.628571429,2,-997499995.7
impact_weight_multiplier,3.628571429,3,-999999998.1
impact_weight_multiplier,3.628571429,4,-997499995.9
impact_weight_multiplier,3.628571429,5,-997499998.2
impact_weight_multiplier,3.628571429,6,-999999998.2
impact_weight_multiplier,3.628571429,7,-999999998.1
impact_weight_multiplier,3.628571429,8,-997499997.7
impact_weight_multiplier,3.628571429,9,-999999995.6
impact_weight_multiplier,3.971428571,0,-997499998.1
impact_weight_multiplier,3.971428571,1,-999999994.9
impact_weight_multiplier,3.971428571,2,-997499995.5
impact_weight_multiplier,3.971428571,3,-999999998
impact_weight_multiplier,3.971428571,4,-997499995.7
impact_weight_multiplier,3.971428571,5,-997499998.1
impact_weight_multiplier,3.971428571,6,-999999998
impact_weight_multiplier,3.971428571,7,-999999998
impact_weight_multiplier,3.971428571,8,-997499997.5
impact_weight_multiplier,3.971428571,9,-999999995.4
impact_weight_multiplier,4.314285714,0,-997499997.9
impact_weight_multiplier,4.314285714,1,-999999994.7
impact_weight_multiplier,4.314285714,2,-997499995.4
impact_weight_multiplier,4.314285714,3,-999999997.8
impact_weight_multiplier,4.314285714,4,-997499995.5
impact_weight_multiplier,4.314285714,5,-997499997.9
impact_weight_multiplier,4.314285714,6,-999999997.8
impact_weight_multiplier,4.314285714,7,-999999997.8
impact_weight_multiplier,4.314285714,8,-997499997.3
impact_weight_multiplier,4.314285714,9,-999999995.3
impact_weight_multiplier,4.657142857,0,-997499997.7
impact_weight_multiplier,4.657142857,1,-999999994.5
impact_weight_multiplier,4.657142857,2,-997499995.2
impact_weight_multiplier,4.657142857,3,-999999997.6
impact_weight_multiplier,4.657142857,4,-997499995.4
impact_weight_multiplier,4.657142857,5,-997499997.7
impact_weight_multiplier,4.657142857,6,-999999997.6
impact_weight_multiplier,4.657142857,7,-999999997.6
impact_weight_multiplier,4.657142857,8,-997499997.1
impact_weight_multiplier,4.657142857,9,-999999995.1
impact_weight_multiplier,5,0,-997499997.6
impact_weight_multiplier,5,1,-999999994.4
impact_weight_multiplier,5,2,-997499995.1
impact_weight_multiplier,5,3,-999999997.5
impact_weight_multiplier,5,4,-997499995.2
impact_weight_multiplier,5,5,-997499997.6
impact_weight_multiplier,5,6,-999999997.5
impact_weight_multiplier,5,7,-999999997.5
impact_weight_multiplier,5,8,-997499996.9
impact_weight_multiplier,5,9,-999999994.9
vpin,0,0,-997499999.5
vpin,0,1,-999999996.4
vpin,0,2,-997499997
vpin,0,3,-999999999.5
vpin,0,4,-997499997.2
vpin,0,5,-997499999.5
vpin,0,6,-999999999.5
vpin,0,7,-999999999.5
vpin,0,8,-997499999.3
vpin,0,9,-999999996.9
vpin,0.06428571429,0,-997499999.5
vpin,0.06428571429,1,-999999996.4
vpin,0.06428571429,2,-997499997
vpin,0.06428571429,3,-999999999.5
vpin,0.06428571429,4,-997499997.2
vpin,0.06428571429,5,-997499999.5
vpin,0.06428571429,6,-999999999.5
vpin,0.06428571429,7,-999999999.5
vpin,0.06428571429,8,-997499999.3
vpin,0.06428571429,9,-999999996.9
vpin,0.1285714286,0,-997499999.5
vpin,0.1285714286,1,-999999996.4
vpin,0.1285714286,2,-997499997
vpin,0.1285714286,3,-999999999.5
vpin,0.1285714286,4,-997499997.2
vpin,0.1285714286,5,-997499999.5
vpin,0.1285714286,6,-999999999.5
vpin,0.1285714286,7,-999999999.5
vpin,0.1285714286,8,-997499999.3
vpin,0.1285714286,9,-999999996.9
vpin,0.1928571429,0,-997499999.5
vpin,0.1928571429,1,-999999996.4
vpin,0.1928571429,2,-997499997
vpin,0.1928571429,3,-999999999.5
vpin,0.1928571429,4,-997499997.2
vpin,0.1928571429,5,-997499999.5
vpin,0.1928571429,6,-999999999.5
vpin,0.1928571429,7,-999999999.5
vpin,0.1928571429,8,-997499999.3
vpin,0.1928571429,9,-999999996.9
vpin,0.2571428571,0,-997499999.5
vpin,0.2571428571,1,-999999996.4
vpin,0.2571428571,2,-997499997
vpin,0.2571428571,3,-999999999.5
vpin,0.2571428571,4,-997499997.2
vpin,0.2571428571,5,-997499999.5
vpin,0.2571428571,6,-999999999.5
vpin,0.2571428571,7,-999999999.5
vpin,0.2571428571,8,-997499999.3
vpin,0.2571428571,9,-999999996.9
vpin,0.3214285714,0,-997499999.5
vpin,0.3214285714,1,-999999996.4
vpin,0.3214285714,2,-997499997
vpin,0.3214285714,3,-999999999.5
vpin,0.3214285714,4,-997499997.2
vpin,0.3214285714,5,-997499999.5
vpin,0.3214285714,6,-999999999.5
vpin,0.3214285714,7,-999999999.5
vpin,0.3214285714,8,-997499999.3
vpin,0.3214285714,9,-999999996.9
vpin,0.3857142857,0,-997499999.5
vpin,0.3857142857,1,-999999996.4
vpin,0.3857142857,2,-997499997
vpin,0.3857142857,3,-999999999.5
vpin,0.3857142857,4,-997499997.2
vpin,0.3857142857,5,-997499999.5
vpin,0.3857142857,6,-999999999.5
vpin,0.3857142857,7,-999999999.5
vpin,0.3857142857,8,-997499999.3
vpin,0.3857142857,9,-999999996.9
vpin,0.45,0,-997499999.5
vpin,0.45,1,-999999996.4
vpin,0.45,2,-997499997
vpin,0.45,3,-999999999.5
vpin,0.45,4,-997499997.2
vpin,0.45,5,-997499999.5
vpin,0.45,6,-999999999.5
vpin,0.45,7,-999999999.5
vpin,0.45,8,-997499999.3
vpin,0.45,9,-999999996.9
vpin,0.5142857143,0,-997499999.5
vpin,0.5142857143,1,-999999996.4
vpin,0.5142857143,2,-997499997
vpin,0.5142857143,3,-999999999.5
vpin,0.5142857143,4,-997499997.2
vpin,0.5142857143,5,-997499999.5
vpin,0.5142857143,6,-999999999.5
vpin,0.5142857143,7,-999999999.5
vpin,0.5142857143,8,-997499999.3
vpin,0.5142857143,9,-999999996.9
vpin,0.5785714286,0,-997499999.5
vpin,0.5785714286,1,-999999996.4
vpin,0.5785714286,2,-997499997
vpin,0.5785714286,3,-999999999.5
vpin,0.5785714286,4,-997499997.2
vpin,0.5785714286,5,-997499999.5
vpin,0.5785714286,6,-999999999.5
vpin,0.5785714286,7,-999999999.5
vpin,0.5785714286,8,-997499999.3
vpin,0.5785714286,9,-999999996.9
vpin,0.6428571429,0,-997499999.5
vpin,0.6428571429,1,-999999996.4
vpin,0.6428571429,2,-997499997
vpin,0.6428571429,3,-999999999.5
vpin,0.6428571429,4,-997499997.2
vpin,0.6428571429,5,-997499999.5
vpin,0.6428571429,6,-999999999.5
vpin,0.6428571429,7,-999999999.5
vpin,0.6428571429,8,-997499999.3
vpin,0.6428571429,9,-999999996.9
vpin,0.7071428571,0,-997499999.5
vpin,0.7071428571,1,-999999996.4
vpin,0.7071428571,2,-997499997
vpin,0.7071428571,3,-999999999.5
vpin,0.7071428571,4,-997499997.2
vpin,0.7071428571,5,-997499999.5
vpin,0.7071428571,6,-999999999.5
vpin,0.7071428571,7,-999999999.5
vpin,0.7071428571,8,-997499999.3
vpin,0.7071428571,9,-999999996.9
vpin,0.7714285714,0,-997499999.5
vpin,0.7714285714,1,-999999996.4
vpin,0.7714285714,2,-997499997
vpin,0.7714285714,3,-999999999.5
vpin,0.7714285714,4,-997499997.2
vpin,0.7714285714,5,-997499999.5
vpin,0.7714285714,6,-999999999.5
vpin,0.7714285714,7,-999999999.5
vpin,0.7714285714,8,-997499999.3
vpin,0.7714285714,9,-999999996.9
vpin,0.8357142857,0,-997499999.5
vpin,0.8357142857,1,-999999996.4
vpin,0.8357142857,2,-997499997
vpin,0.8357142857,3,-999999999.5
vpin,0.8357142857,4,-997499997.2
vpin,0.8357142857,5,-997499999.5
vpin,0.8357142857,6,-999999999.5
vpin,0.8357142857,7,-999999999.5
vpin,0.8357142857,8,-997499999.3
vpin,0.8357142857,9,-999999996.9
vpin,0.9,0,-997499999.5
vpin,0.9,1,-999999996.4
vpin,0.9,2,-997499997
vpin,0.9,3,-999999999.5
vpin,0.9,4,-997499997.2
vpin,0.9,5,-997499999.5
vpin,0.9,6,-999999999.5
vpin,0.9,7,-999999999.5
vpin,0.9,8,-997499999.3
vpin,0.9,9,-999999996.9
