seed,tick,venue,shares
0,3,ECN,100
0,4,Lit,100
0,4,Lit,500
0,4,ECN,250
0,4,ECN,500
0,5,Lit,500
0,5,Dark,500
0,7,Lit,250
0,8,Dark,100
0,10,Dark,100
0,14,Lit,100
1,1,Lit,100
1,1,Lit,500
1,5,Lit,250
1,6,ECN,250
1,7,Dark,500
1,7,ECN,500
1,9,ECN,250
1,10,Lit,250
1,14,Dark,100
1,14,Dark,250
2,0,Lit,500
2,2,ECN,100
2,3,Dark,500
2,4,ECN,100
2,6,Lit,100
2,6,Dark,500
2,7,Lit,500
2,7,Dark,250
2,8,Dark,100
2,13,Lit,250
2,13,ECN,100
3,0,ECN,250
3,1,Lit,250
3,1,ECN,100
3,5,Dark,100
3,6,Dark,100
3,7,Dark,100
3,8,ECN,500
3,10,Dark,500
3,11,Lit,250
3,12,Lit,100
3,12,Lit,500
3,13,Lit,100
3,14,Lit,100
4,5,Lit,250
4,6,Lit,100
4,7,Lit,100
4,7,Lit,250
4,7,Lit,500
4,8,Lit,250
4,10,Lit,500
4,11,ECN,500
4,12,Lit,500
5,1,Lit,500
5,2,ECN,500
5,7,Dark,100
5,8,ECN,100
5,10,ECN,250
5,11,Lit,100
5,11,Dark,250
5,11,ECN,100
5,12,Dark,100
5,13,ECN,500
5,14,Lit,500
6,0,ECN,250
6,1,ECN,250
6,3,Lit,250
6,3,Lit,500
6,3,Dark,250
6,3,ECN,250
6,9,Lit,250
6,12,Lit,500
6,13,Lit,100
6,14,Lit,100
6,14,Lit,250
7,0,ECN,500
7,2,Lit,500
7,3,ECN,500
7,5,Lit,500
7,10,ECN,500
7,11,ECN,500
8,3,Lit,250
8,3,Lit,500
8,4,Lit,250
8,5,Lit,100
8,9,Dark,500
8,10,Lit,250
8,10,ECN,250
8,13,Lit,250
8,13,Lit,500
8,14,Lit,100
9,1,ECN,500
9,3,Dark,500
9,6,ECN,500
9,7,ECN,250
9,9,ECN,100
9,11,ECN,500
9,13,Dark,500
9,14,ECN,100
