seed,strategy,shortfall_bps,fill_rate
3000,TWAP,2.361836998,1
3000,Static,19.47767569,1
3000,Adaptive,20.38991707,1
3000,Hybrid,-7.397371942,1
3001,TWAP,-37.19731907,1
3001,Static,-61.24384346,1
3001,Adaptive,-61.39819994,1
3001,Hybrid,-42.2537247,1
3002,TWAP,-90.53359933,1
3002,Static,-74.7003194,1
3002,Adaptive,-74.86347875,1
3002,Hybrid,-89.9555364,1
3003,TWAP,69.34217878,1
3003,Static,23.22733582,1
3003,Adaptive,23.73547915,1
3003,Hybrid,85.93554579,1
3004,TWAP,-44.09050575,1
3004,Static,-56.4904346,1
3004,Adaptive,-56.0889808,1
3004,Hybrid,-39.66306356,1
3005,TWAP,136.4588104,1
3005,Static,131.2637409,1
3005,Adaptive,135.0866729,1
3005,Hybrid,132.8732353,1
3006,TWAP,-8.883954167,1
3006,Static,-21.26803295,1
3006,Adaptive,-22.7409897,1
3006,Hybrid,-8.111067473,1
3007,TWAP,120.1650645,1
3007,Static,80.94750832,1
3007,Adaptive,81.58719218,1
3007,Hybrid,131.7704696,1
3008,TWAP,-75.51747853,1
3008,Static,-72.46853531,1
3008,Adaptive,-70.3290952,1
3008,Hybrid,-79.14133019,1
3009,TWAP,-66.73739112,1
3009,Static,-67.68363278,1
3009,Adaptive,-66.95374978,1
3009,Hybrid,-59.73375394,1
3010,TWAP,141.538157,1
3010,Static,159.4268128,1
3010,Adaptive,157.8445601,1
3010,Hybrid,147.4675222,1
3011,TWAP,113.6729273,1
3011,Static,105.0012643,1
3011,Adaptive,103.0239747,1
3011,Hybrid,109.6329207,1
3012,TWAP,-47.5951016,1
3012,Static,-33.99147624,1
3012,Adaptive,-35.0238943,1
3012,Hybrid,-48.97126128,1
3013,TWAP,-48.34150229,1
3013,Static,-36.60640473,1
3013,Adaptive,-37.25000841,1
3013,Hybrid,-51.47058149,1
3014,TWAP,-44.74480085,1
3014,Static,-56.98472909,1
3014,Adaptive,-55.67654552,1
3014,Hybrid,-34.18963057,1
3015,TWAP,198.4017391,1
3015,Static,152.0900904,0.9997742
3015,Adaptive,152.8078657,1
3015,Hybrid,201.0705628,1
3016,TWAP,-133.4851811,1
3016,Static,-103.0225829,1
3016,Adaptive,-103.7258554,1
3016,Hybrid,-137.1023778,1
3017,TWAP,-22.37924777,1
3017,Static,-37.85441843,1
3017,Adaptive,-37.48344208,1
3017,Hybrid,-21.17375538,1
3018,TWAP,-32.7194429,1
3018,Static,-12.09808504,1
3018,Adaptive,-13.55562332,1
3018,Hybrid,-34.94531643,1
3019,TWAP,13.20434202,1
3019,Static,21.68235023,1
3019,Adaptive,23.40717463,1
3019,Hybrid,2.775287441,1
3020,TWAP,-30.23840674,1
3020,Static,-17.42720265,1
3020,Adaptive,-18.02535223,1
3020,Hybrid,-30.33512747,1
3021,TWAP,136.3182979,1
3021,Static,125.1204628,1
3021,Adaptive,123.8381361,1
3021,Hybrid,140.7639905,1
3022,TWAP,-137.2390598,1
3022,Static,-143.3409142,1
3022,Adaptive,-143.3824996,1
3022,Hybrid,-135.1005199,1
3023,TWAP,-40.67428331,1
3023,Static,-61.75452791,1
3023,Adaptive,-59.46028842,1
3023,Hybrid,-29.03829725,1
3024,TWAP,83.9617809,1
3024,Static,93.36640005,1
3024,Adaptive,93.88501741,1
3024,Hybrid,76.42964668,1
3025,TWAP,-77.4318696,1
3025,Static,-57.91199251,1
3025,Adaptive,-57.2294142,1
3025,Hybrid,-73.09344112,1
3026,TWAP,-1.691874889,1
3026,Static,-4.270960953,1
3026,Adaptive,-2.646276363,1
3026,Hybrid,-0.2170461655,1
3027,TWAP,-61.45073469,1
3027,Static,-40.14909213,1
3027,Adaptive,-40.0161726,1
3027,Hybrid,-73.65845117,1
3028,TWAP,19.86166956,1
3028,Static,17.59623112,1
3028,Adaptive,17.9095143,1
3028,Hybrid,21.30888103,1
3029,TWAP,14.58643963,1
3029,Static,27.35526386,1
3029,Adaptive,28.04227681,1
3029,Hybrid,3.862058913,1
