seed,window,train_volatility,strategy,shortfall_bps,fill_rate
3000,0,0.8589733558,TWAP,-252.3267337,1
3000,0,0.8589733558,Static,-274.6872724,1
3000,0,0.8589733558,Adaptive,-263.3375996,1
3000,0,0.8589733558,Hybrid,-232.5708211,1
3000,1,0.8866585053,TWAP,-35.08745623,1
3000,1,0.8866585053,Static,-64.68913572,1
3000,1,0.8866585053,Adaptive,-64.50906881,1
3000,1,0.8866585053,Hybrid,-42.77757109,1
3000,2,0.8937517934,TWAP,-6.638045624,1
3000,2,0.8937517934,Static,59.08901513,1
3000,2,0.8937517934,Adaptive,63.13165826,1
3000,2,0.8937517934,Hybrid,-59.02134021,1
3000,3,0.9047764997,TWAP,266.1062397,1
3000,3,0.9047764997,Static,252.5082787,1
3000,3,0.9047764997,Adaptive,249.8612626,1
3000,3,0.9047764997,Hybrid,275.2275922,1
3000,4,0.8657550511,TWAP,-191.7105678,1
3000,4,0.8657550511,Static,-162.6924507,1
3000,4,0.8657550511,Adaptive,-160.8210261,1
3000,4,0.8657550511,Hybrid,-206.5896274,1
3000,5,0.8724725303,TWAP,106.115002,1
3000,5,0.8724725303,Static,117.162733,1
3000,5,0.8724725303,Adaptive,114.9808023,1
3000,5,0.8724725303,Hybrid,98.73042139,1
3000,6,0.8347483665,TWAP,-173.3646586,1
3000,6,0.8347483665,Static,-178.50525,1
3000,6,0.8347483665,Adaptive,-176.6545536,1
3000,6,0.8347483665,Hybrid,-155.23525,1
3000,7,0.8579585241,TWAP,111.1233597,1
3000,7,0.8579585241,Static,127.7288685,1
3000,7,0.8579585241,Adaptive,126.5154276,1
3000,7,0.8579585241,Hybrid,99.89976801,1
3000,8,0.8521720216,TWAP,360.0680666,1
3000,8,0.8521720216,Static,467.9632239,1
3000,8,0.8521720216,Adaptive,463.4682835,1
3000,8,0.8521720216,Hybrid,317.1915548,1
3000,9,0.8694050999,TWAP,-160.666836,1
3000,9,0.8694050999,Static,-149.1012536,1
3000,9,0.8694050999,Adaptive,-148.7360155,1
3000,9,0.8694050999,Hybrid,-168.828446,1
3001,0,0.8500891533,TWAP,231.6640654,1
3001,0,0.8500891533,Static,110.6471786,1
3001,0,0.8500891533,Adaptive,110.7625011,1
3001,0,0.8500891533,Hybrid,207.8413778,1
3001,1,0.8602125035,TWAP,195.0509496,1
3001,1,0.8602125035,Static,128.7023859,1
3001,1,0.8602125035,Adaptive,131.5146387,1
3001,1,0.8602125035,Hybrid,191.318282,1
3001,2,0.8612461726,TWAP,-199.1916329,1
3001,2,0.8612461726,Static,-191.5447987,1
3001,2,0.8612461726,Adaptive,-192.7126398,1
3001,2,0.8612461726,Hybrid,-176.3571895,1
3001,3,0.880339613,TWAP,-54.08114548,1
3001,3,0.880339613,Static,-107.0940212,1
3001,3,0.880339613,Adaptive,-110.2769592,1
3001,3,0.880339613,Hybrid,-62.00248989,1
3001,4,0.8856602805,TWAP,-277.2382671,1
3001,4,0.8856602805,Static,-286.9904386,1
3001,4,0.8856602805,Adaptive,-287.1709304,1
3001,4,0.8856602805,Hybrid,-307.492269,1
3001,5,0.8836574193,TWAP,9.352443854,1
3001,5,0.8836574193,Static,49.01364531,1
3001,5,0.8836574193,Adaptive,51.83062286,1
3001,5,0.8836574193,Hybrid,4.568463326,1
3001,6,0.8904346983,TWAP,58.03610933,1
3001,6,0.8904346983,Static,88.84530856,1
3001,6,0.8904346983,Adaptive,87.11182789,1
3001,6,0.8904346983,Hybrid,61.60673713,1
3001,7,0.8852053452,TWAP,-38.48379871,1
3001,7,0.8852053452,Static,-36.48132736,1
3001,7,0.8852053452,Adaptive,-35.11689727,1
3001,7,0.8852053452,Hybrid,-29.16372369,1
3001,8,0.874416749,TWAP,-180.0343507,1
3001,8,0.874416749,Static,-232.7321581,1
3001,8,0.874416749,Adaptive,-231.797277,1
3001,8,0.874416749,Hybrid,-188.6124641,1
3001,9,0.8585289119,TWAP,-117.047564,1
3001,9,0.8585289119,Static,-134.8042091,1
3001,9,0.8585289119,Adaptive,-138.1268862,1
3001,9,0.8585289119,Hybrid,-124.2439711,1
3002,0,0.8799474439,TWAP,-396.4905517,1
3002,0,0.8799474439,Static,-358.2446609,1
3002,0,0.8799474439,Adaptive,-362.9058814,1
3002,0,0.8799474439,Hybrid,-412.9763935,1
3002,1,0.8876705631,TWAP,117.3667306,1
3002,1,0.8876705631,Static,111.0432424,1
3002,1,0.8876705631,Adaptive,115.7262969,1
3002,1,0.8876705631,Hybrid,119.2225267,1
3002,2,0.8930283794,TWAP,422.8808647,1
3002,2,0.8930283794,Static,449.5839196,1
3002,2,0.8930283794,Adaptive,445.6328387,1
3002,2,0.8930283794,Hybrid,441.1480645,1
3002,3,0.8627356671,TWAP,-383.2154709,1
3002,3,0.8627356671,Static,-376.2469445,1
3002,3,0.8627356671,Adaptive,-376.6461394,1
3002,3,0.8627356671,Hybrid,-393.2539765,1
3002,4,0.854795651,TWAP,-229.9293069,1
3002,4,0.854795651,Static,-209.3937201,1
3002,4,0.854795651,Adaptive,-206.8383941,1
3002,4,0.854795651,Hybrid,-217.6030825,1
3002,5,0.8410973644,TWAP,68.76963788,1
3002,5,0.8410973644,Static,25.34479537,1
3002,5,0.8410973644,Adaptive,25.79423613,1
3002,5,0.8410973644,Hybrid,100.8759181,1
3002,6,0.8517543208,TWAP,-72.4006633,1
3002,6,0.8517543208,Static,-42.14175593,1
3002,6,0.8517543208,Adaptive,-44.46854782,1
3002,6,0.8517543208,Hybrid,-95.4849458,1
3002,7,0.8440585551,TWAP,-121.2003013,1
3002,7,0.8440585551,Static,-98.8805806,1
3002,7,0.8440585551,Adaptive,-97.99186717,1
3002,7,0.8440585551,Hybrid,-142.7884341,1
3002,8,0.8527918133,TWAP,-118.1593404,1
3002,8,0.8527918133,Static,-86.08349407,1
3002,8,0.8527918133,Adaptive,-87.07134211,1
3002,8,0.8527918133,Hybrid,-116.5840078,1
3002,9,0.868251876,TWAP,-192.9575919,1
3002,9,0.868251876,Static,-161.9839952,1
3002,9,0.868251876,Adaptive,-159.8659873,1
3002,9,0.868251876,Hybrid,-182.1110333,1
3003,0,0.8810464608,TWAP,-273.2696919,1
3003,0,0.8810464608,Static,-271.9520099,1
3003,0,0.8810464608,Adaptive,-272.572608,1
3003,0,0.8810464608,Hybrid,-259.3002594,1
3003,1,0.8912026623,TWAP,510.7976745,1
3003,1,0.8912026623,Static,484.5672761,1
3003,1,0.8912026623,Adaptive,483.7194728,1
3003,1,0.8912026623,Hybrid,477.5474806,1
3003,2,0.8581886766,TWAP,176.5523205,1
3003,2,0.8581886766,Static,90.74356117,1
3003,2,0.8581886766,Adaptive,88.4990387,1
3003,2,0.8581886766,Hybrid,211.5826888,1
3003,3,0.856122678,TWAP,354.9236445,1
3003,3,0.856122678,Static,307.7264487,1
3003,3,0.856122678,Adaptive,305.4074705,1
3003,3,0.856122678,Hybrid,350.5510068,1
3003,4,0.8553762313,TWAP,93.60616578,1
3003,4,0.8553762313,Static,-4.098749166,1
3003,4,0.8553762313,Adaptive,5.476000667,1
3003,4,0.8553762313,Hybrid,107.7407422,1
3003,5,0.8593522639,TWAP,268.397326,1
3003,5,0.8593522639,Static,142.3181208,1
3003,5,0.8593522639,Adaptive,136.8684123,1
3003,5,0.8593522639,Hybrid,309.5835797,1
3003,6,0.859210279,TWAP,-540.2691053,1
3003,6,0.859210279,Static,-495.3458342,1
3003,6,0.859210279,Adaptive,-503.205177,1
3003,6,0.859210279,Hybrid,-507.6142678,1
3003,7,0.8716914997,TWAP,-457.9585398,1
3003,7,0.8716914997,Static,-429.8752993,1
3003,7,0.8716914997,Adaptive,-426.3895851,1
3003,7,0.8716914997,Hybrid,-444.7615293,1
3003,8,0.8767595797,TWAP,-40.51079252,1
3003,8,0.8767595797,Static,-47.31506604,1
3003,8,0.8767595797,Adaptive,-44.77535867,1
3003,8,0.8767595797,Hybrid,-14.58048974,1
3003,9,0.8737728695,TWAP,601.1527859,1
3003,9,0.8737728695,Static,455.5049102,1
3003,9,0.8737728695,Adaptive,464.3271253,1
3003,9,0.8737728695,Hybrid,628.606506,1
3004,0,0.8163096306,TWAP,-313.4465144,1
3004,0,0.8163096306,Static,-268.359979,1
3004,0,0.8163096306,Adaptive,-267.2463093,1
3004,0,0.8163096306,Hybrid,-313.8084885,1
3004,1,0.8334271671,TWAP,194.7815537,1
3004,1,0.8334271671,Static,176.3646989,1
3004,1,0.8334271671,Adaptive,176.7581039,1
3004,1,0.8334271671,Hybrid,197.0391098,1
3004,2,0.8374587321,TWAP,26.07483864,1
3004,2,0.8374587321,Static,-31.40031815,1
3004,2,0.8374587321,Adaptive,-31.67326848,1
3004,2,0.8374587321,Hybrid,24.4589929,1
3004,3,0.8707793922,TWAP,733.7700925,1
3004,3,0.8707793922,Static,677.6802904,1
3004,3,0.8707793922,Adaptive,680.7724084,1
3004,3,0.8707793922,Hybrid,726.0605948,1
3004,4,0.885228152,TWAP,-5.933206742,1
3004,4,0.885228152,Static,-107.1037593,1
3004,4,0.885228152,Adaptive,-108.5208726,1
3004,4,0.885228152,Hybrid,7.578679326,1
3004,5,0.8837777626,TWAP,143.0978978,1
3004,5,0.8837777626,Static,65.60733725,1
3004,5,0.8837777626,Adaptive,65.83934222,1
3004,5,0.8837777626,Hybrid,161.7819372,1
3004,6,0.8711732121,TWAP,81.00116246,1
3004,6,0.8711732121,Static,49.59289683,1
3004,6,0.8711732121,Adaptive,50.8398296,1
3004,6,0.8711732121,Hybrid,87.87107376,1
3004,7,0.8689801752,TWAP,-721.2784135,1
3004,7,0.8689801752,Static,-649.6489068,1
3004,7,0.8689801752,Adaptive,-649.6521924,1
3004,7,0.8689801752,Hybrid,-709.0002057,1
3004,8,0.8624561496,TWAP,-417.7653747,1
3004,8,0.8624561496,Static,-328.2901446,1
3004,8,0.8624561496,Adaptive,-327.2876748,1
3004,8,0.8624561496,Hybrid,-426.1227325,1
3004,9,0.8936070108,TWAP,-161.2070933,1
3004,9,0.8936070108,Static,-149.3464614,1
3004,9,0.8936070108,Adaptive,-150.7191745,1
3004,9,0.8936070108,Hybrid,-152.4895967,1
3005,0,0.8739909723,TWAP,791.1595561,1
3005,0,0.8739909723,Static,716.785669,1
3005,0,0.8739909723,Adaptive,727.2748626,1
3005,0,0.8739909723,Hybrid,780.4313613,1
3005,1,0.9032576115,TWAP,-237.9745881,1
3005,1,0.9032576115,Static,-202.4008238,1
3005,1,0.9032576115,Adaptive,-188.8902513,1
3005,1,0.9032576115,Hybrid,-197.6939313,1
3005,2,0.8947649585,TWAP,22.03220702,1
3005,2,0.8947649585,Static,49.87434819,1
3005,2,0.8947649585,Adaptive,51.29331814,1
3005,2,0.8947649585,Hybrid,32.87294833,1
3005,3,0.8854125711,TWAP,301.3861361,1
3005,3,0.8854125711,Static,273.6526808,1
3005,3,0.8854125711,Adaptive,283.6748504,1
3005,3,0.8854125711,Hybrid,273.9700188,1
3005,4,0.8654683814,TWAP,-506.0785078,1
3005,4,0.8654683814,Static,-443.4308092,1
3005,4,0.8654683814,Adaptive,-439.2573167,1
3005,4,0.8654683814,Hybrid,-504.7545185,1
3005,5,0.8672599757,TWAP,756.8796864,1
3005,5,0.8672599757,Static,761.1469033,1
3005,5,0.8672599757,Adaptive,751.3879821,1
3005,5,0.8672599757,Hybrid,736.7643737,1
3005,6,0.8806046083,TWAP,22.82778413,1
3005,6,0.8806046083,Static,-15.38682328,1
3005,6,0.8806046083,Adaptive,-20.06833298,1
3005,6,0.8806046083,Hybrid,26.7370328,1
3005,7,0.8970005205,TWAP,546.603933,1
3005,7,0.8970005205,Static,521.2246042,1
3005,7,0.8970005205,Adaptive,523.8572068,1
3005,7,0.8970005205,Hybrid,521.1283929,1
3005,8,0.887370879,TWAP,-972.410111,1
3005,8,0.887370879,Static,-979.5205377,1
3005,8,0.887370879,Adaptive,-971.6057021,1
3005,8,0.887370879,Hybrid,-956.0379031,1
3005,9,0.8948142019,TWAP,640.162008,1
3005,9,0.8948142019,Static,630.6921975,1
3005,9,0.8948142019,Adaptive,633.2001116,1
3005,9,0.8948142019,Hybrid,615.314578,1
3006,0,0.9060288487,TWAP,476.6344213,1
3006,0,0.9060288487,Static,401.2733636,1
3006,0,0.9060288487,Adaptive,405.0443768,1
3006,0,0.9060288487,Hybrid,504.3440509,1
3006,1,0.9019956546,TWAP,-96.54398598,1
3006,1,0.9019956546,Static,-147.0560123,1
3006,1,0.9019956546,Adaptive,-144.7919904,1
3006,1,0.9019956546,Hybrid,-86.10949491,1
3006,2,0.8967686297,TWAP,191.1581758,1
3006,2,0.8967686297,Static,179.3696438,1
3006,2,0.8967686297,Adaptive,177.7041407,1
3006,2,0.8967686297,Hybrid,179.294454,1
3006,3,0.8517075705,TWAP,-344.8319559,1
3006,3,0.8517075705,Static,-258.4251972,1
3006,3,0.8517075705,Adaptive,-261.0842487,1
3006,3,0.8517075705,Hybrid,-373.7999809,1
3006,4,0.862474397,TWAP,-392.0083836,1
3006,4,0.862474397,Static,-426.0289615,1
3006,4,0.862474397,Adaptive,-442.9962205,1
3006,4,0.862474397,Hybrid,-389.621763,1
3006,5,0.8676039215,TWAP,-170.9360758,1
3006,5,0.8676039215,Static,-179.6110945,1
3006,5,0.8676039215,Adaptive,-176.7689495,1
3006,5,0.8676039215,Hybrid,-181.9013942,1
3006,6,0.9124420477,TWAP,-339.3776959,1
3006,6,0.9124420477,Static,-275.9727152,1
3006,6,0.9124420477,Adaptive,-277.3054081,1
3006,6,0.9124420477,Hybrid,-361.5606981,1
3006,7,0.9037655074,TWAP,109.8535247,1
3006,7,0.9037655074,Static,57.82558641,1
3006,7,0.9037655074,Adaptive,58.77510153,1
3006,7,0.9037655074,Hybrid,132.2272006,1
3006,8,0.891856209,TWAP,693.3302493,1
3006,8,0.891856209,Static,658.0050647,1
3006,8,0.891856209,Adaptive,657.6975566,1
3006,8,0.891856209,Hybrid,708.4189966,1
3006,9,0.8908325829,TWAP,-216.1178155,1
3006,9,0.8908325829,Static,-222.0600072,1
3006,9,0.8908325829,Adaptive,-223.6842554,1
3006,9,0.8908325829,Hybrid,-212.4020456,1
3007,0,0.8758371172,TWAP,324.6576426,1
3007,0,0.8758371172,Static,339.6318211,1
3007,0,0.8758371172,Adaptive,341.6890858,1
3007,0,0.8758371172,Hybrid,309.3293345,1
3007,1,0.8724001856,TWAP,215.7457788,1
3007,1,0.8724001856,Static,147.4141454,1
3007,1,0.8724001856,Adaptive,149.507933,1
3007,1,0.8724001856,Hybrid,242.3330076,1
3007,2,0.8602029535,TWAP,235.1438038,1
3007,2,0.8602029535,Static,179.4084655,1
3007,2,0.8602029535,Adaptive,179.5835003,1
3007,2,0.8602029535,Hybrid,255.7004815,1
3007,3,0.8365158832,TWAP,-107.310389,1
3007,3,0.8365158832,Static,-147.9292354,1
3007,3,0.8365158832,Adaptive,-149.3158931,1
3007,3,0.8365158832,Hybrid,-96.46317013,1
3007,4,0.8458497215,TWAP,409.0355036,1
3007,4,0.8458497215,Static,349.771885,1
3007,4,0.8458497215,Adaptive,347.6512749,1
3007,4,0.8458497215,Hybrid,431.9963814,1
3007,5,0.8996968945,TWAP,-62.06207775,1
3007,5,0.8996968945,Static,-96.30650134,1
3007,5,0.8996968945,Adaptive,-95.28573503,1
3007,5,0.8996968945,Hybrid,-45.80617516,1
3007,6,0.9097212612,TWAP,423.2555707,1
3007,6,0.9097212612,Static,361.7325717,1
3007,6,0.9097212612,Adaptive,365.9302074,1
3007,6,0.9097212612,Hybrid,442.6107446,1
3007,7,0.8881179045,TWAP,234.5847307,1
3007,7,0.8881179045,Static,318.0586143,1
3007,7,0.8881179045,Adaptive,310.8874912,1
3007,7,0.8881179045,Hybrid,204.86081,1
3007,8,0.884317401,TWAP,-32.86326413,1
3007,8,0.884317401,Static,-169.9426019,1
3007,8,0.884317401,Adaptive,-170.4991142,1
3007,8,0.884317401,Hybrid,-1.017455552,1
3007,9,0.9059034702,TWAP,-438.5366541,1
3007,9,0.9059034702,Static,-472.3640811,1
3007,9,0.9059034702,Adaptive,-464.2768285,1
3007,9,0.9059034702,Hybrid,-425.8392625,1
3008,0,0.833930042,TWAP,-170.9650768,1
3008,0,0.833930042,Static,-42.35671233,1
3008,0,0.833930042,Adaptive,-37.00997327,1
3008,0,0.833930042,Hybrid,-221.6139141,1
3008,1,0.8403543997,TWAP,-508.3764714,1
3008,1,0.8403543997,Static,-490.2082881,1
3008,1,0.8403543997,Adaptive,-483.9378796,1
3008,1,0.8403543997,Hybrid,-498.4977024,1
3008,2,0.8440643817,TWAP,-171.5143926,1
3008,2,0.8440643817,Static,-104.5644022,1
3008,2,0.8440643817,Adaptive,-106.0970623,1
3008,2,0.8440643817,Hybrid,-185.156076,1
3008,3,0.8432404488,TWAP,56.16707874,1
3008,3,0.8432404488,Static,6.918135255,1
3008,3,0.8432404488,Adaptive,8.309235177,1
3008,3,0.8432404488,Hybrid,64.78383019,1
3008,4,0.8492423138,TWAP,-469.3018013,1
3008,4,0.8492423138,Static,-425.0131058,1
3008,4,0.8492423138,Adaptive,-419.636367,1
3008,4,0.8492423138,Hybrid,-503.3327019,1
3008,5,0.8464024219,TWAP,-168.6528286,1
3008,5,0.8464024219,Static,-153.4932154,1
3008,5,0.8464024219,Adaptive,-154.3795215,1
3008,5,0.8464024219,Hybrid,-163.5609496,1
3008,6,0.8739191266,TWAP,428.8737042,1
3008,6,0.8739191266,Static,358.0091987,1
3008,6,0.8739191266,Adaptive,355.9297846,1
3008,6,0.8739191266,Hybrid,462.3772408,1
3008,7,0.8755603419,TWAP,84.98515765,1
3008,7,0.8755603419,Static,-62.03698715,1
3008,7,0.8755603419,Adaptive,-56.96366485,1
3008,7,0.8755603419,Hybrid,129.331631,1
3008,8,0.8860863446,TWAP,12.69936641,1
3008,8,0.8860863446,Static,105.2539433,1
3008,8,0.8860863446,Adaptive,105.587994,1
3008,8,0.8860863446,Hybrid,-26.30741409,1
3008,9,0.8819346786,TWAP,150.9104784,1
3008,9,0.8819346786,Static,82.80608069,1
3008,9,0.8819346786,Adaptive,84.90650291,1
3008,9,0.8819346786,Hybrid,150.5627543,1
3009,0,0.9048168569,TWAP,27.6174224,1
3009,0,0.9048168569,Static,3.541162843,1
3009,0,0.9048168569,Adaptive,4.2087157,1
3009,0,0.9048168569,Hybrid,25.71697931,1
3009,1,0.8879221016,TWAP,328.005711,1
3009,1,0.8879221016,Static,338.5510057,1
3009,1,0.8879221016,Adaptive,341.5920033,1
3009,1,0.8879221016,Hybrid,314.0669201,1
3009,2,0.8689188823,TWAP,-131.801067,1
3009,2,0.8689188823,Static,-115.6522685,1
3009,2,0.8689188823,Adaptive,-114.9205423,1
3009,2,0.8689188823,Hybrid,-133.9133377,1
3009,3,0.85044432,TWAP,-220.9359518,1
3009,3,0.85044432,Static,-243.0550023,1
3009,3,0.85044432,Adaptive,-245.037293,1
3009,3,0.85044432,Hybrid,-173.8895545,1
3009,4,0.8487820518,TWAP,-93.04197314,1
3009,4,0.8487820518,Static,-67.66964935,1
3009,4,0.8487820518,Adaptive,-68.2963699,1
3009,4,0.8487820518,Hybrid,-79.52772614,1
3009,5,0.8553225245,TWAP,-18.59070126,1
3009,5,0.8553225245,Static,4.659317697,1
3009,5,0.8553225245,Adaptive,4.031004501,1
3009,5,0.8553225245,Hybrid,-19.23739635,1
3009,6,0.8618786782,TWAP,337.2994925,1
3009,6,0.8618786782,Static,250.3041583,1
3009,6,0.8618786782,Adaptive,252.1498696,1
3009,6,0.8618786782,Hybrid,299.4040268,1
3009,7,0.8358295634,TWAP,226.4193366,1
3009,7,0.8358295634,Static,196.2861992,1
3009,7,0.8358295634,Adaptive,197.0100469,1
3009,7,0.8358295634,Hybrid,202.5211872,1
3009,8,0.8404153581,TWAP,-569.7389939,1
3009,8,0.8404153581,Static,-560.0724366,1
3009,8,0.8404153581,Adaptive,-553.5981945,1
3009,8,0.8404153581,Hybrid,-530.4237503,1
3009,9,0.8437235256,TWAP,-552.6071865,1
3009,9,0.8437235256,Static,-483.728815,1
3009,9,0.8437235256,Adaptive,-486.6767381,1
3009,9,0.8437235256,Hybrid,-502.0548879,1
3010,0,0.8738238027,TWAP,413.3809,1
3010,0,0.8738238027,Static,367.6006027,1
3010,0,0.8738238027,Adaptive,360.1885534,1
3010,0,0.8738238027,Hybrid,421.8342688,1
3010,1,0.8716787369,TWAP,268.5442079,1
3010,1,0.8716787369,Static,321.395867,1
3010,1,0.8716787369,Adaptive,319.2362228,1
3010,1,0.8716787369,Hybrid,314.5319195,1
3010,2,0.8819071122,TWAP,-104.9271472,1
3010,2,0.8819071122,Static,-65.79634535,1
3010,2,0.8819071122,Adaptive,-66.51833473,1
3010,2,0.8819071122,Hybrid,-107.6366117,1
3010,3,0.8759604984,TWAP,735.4463572,1
3010,3,0.8759604984,Static,754.9200352,1
3010,3,0.8759604984,Adaptive,747.0975227,1
3010,3,0.8759604984,Hybrid,770.0567853,1
3010,4,0.8768694825,TWAP,206.9098582,1
3010,4,0.8768694825,Static,224.939849,1
3010,4,0.8768694825,Adaptive,224.0839372,1
3010,4,0.8768694825,Hybrid,208.2965159,1
3010,5,0.8798145077,TWAP,127.6556049,1
3010,5,0.8798145077,Static,150.8746076,1
3010,5,0.8798145077,Adaptive,148.2842091,1
3010,5,0.8798145077,Hybrid,134.0971779,1
3010,6,0.8893197805,TWAP,-103.7477541,1
3010,6,0.8893197805,Static,-109.042048,1
3010,6,0.8893197805,Adaptive,-109.1068282,1
3010,6,0.8893197805,Hybrid,-123.9982263,1
3010,7,0.8864861693,TWAP,-60.1044035,1
3010,7,0.8864861693,Static,-91.27380891,1
3010,7,0.8864861693,Adaptive,-88.34293871,1
3010,7,0.8864861693,Hybrid,-69.28070803,1
3010,8,0.8973036173,TWAP,-162.5767996,1
3010,8,0.8973036173,Static,-68.1253213,1
3010,8,0.8973036173,Adaptive,-65.6937591,1
3010,8,0.8973036173,Hybrid,-165.6323947,1
3010,9,0.89501677,TWAP,94.80074627,1
3010,9,0.89501677,Static,108.7746906,1
3010,9,0.89501677,Adaptive,109.2170165,1
3010,9,0.89501677,Hybrid,92.40649565,1
3011,0,0.8730911106,TWAP,-113.8172243,1
3011,0,0.8730911106,Static,-146.1241181,1
3011,0,0.8730911106,Adaptive,-143.3317315,1
3011,0,0.8730911106,Hybrid,-121.0212114,1
3011,1,0.8848080264,TWAP,151.110822,1
3011,1,0.8848080264,Static,132.3535105,1
3011,1,0.8848080264,Adaptive,133.1804239,1
3011,1,0.8848080264,Hybrid,147.2427505,1
3011,2,0.8288151102,TWAP,-221.8775374,1
3011,2,0.8288151102,Static,-192.551889,1
3011,2,0.8288151102,Adaptive,-198.373192,1
3011,2,0.8288151102,Hybrid,-227.4137103,1
3011,3,0.8373149428,TWAP,504.2262719,1
3011,3,0.8373149428,Static,492.2373022,1
3011,3,0.8373149428,Adaptive,471.0066094,1
3011,3,0.8373149428,Hybrid,509.0302673,1
3011,4,0.8291316587,TWAP,76.41760952,1
3011,4,0.8291316587,Static,0.240494713,1
3011,4,0.8291316587,Adaptive,0.5291427492,1
3011,4,0.8291316587,Hybrid,75.05951473,1
3011,5,0.836530939,TWAP,-86.47283608,1
3011,5,0.836530939,Static,-58.45042498,1
3011,5,0.836530939,Adaptive,-58.45306351,1
3011,5,0.836530939,Hybrid,-97.85226944,1
3011,6,0.8376777236,TWAP,273.0358702,1
3011,6,0.8376777236,Static,267.9300475,1
3011,6,0.8376777236,Adaptive,268.7872969,1
3011,6,0.8376777236,Hybrid,282.5230276,1
3011,7,0.8612542887,TWAP,146.8518917,1
3011,7,0.8612542887,Static,173.1521243,1
3011,7,0.8612542887,Adaptive,173.0039471,1
3011,7,0.8612542887,Hybrid,129.3699637,1
3011,8,0.8850647177,TWAP,112.3345883,1
3011,8,0.8850647177,Static,128.3895281,1
3011,8,0.8850647177,Adaptive,128.5074048,1
3011,8,0.8850647177,Hybrid,100.9963494,1
3011,9,0.9036017923,TWAP,294.9198168,1
3011,9,0.9036017923,Static,252.8360682,1
3011,9,0.9036017923,Adaptive,255.3829095,1
3011,9,0.9036017923,Hybrid,298.3945252,1
3012,0,0.8590581821,TWAP,-693.4095378,1
3012,0,0.8590581821,Static,-612.6403054,1
3012,0,0.8590581821,Adaptive,-615.3380276,1
3012,0,0.8590581821,Hybrid,-680.6196946,1
3012,1,0.8440891182,TWAP,173.7969808,1
3012,1,0.8440891182,Static,186.843058,1
3012,1,0.8440891182,Adaptive,186.2470219,1
3012,1,0.8440891182,Hybrid,178.181974,1
3012,2,0.8326237797,TWAP,-379.8758829,1
3012,2,0.8326237797,Static,-351.2254902,1
3012,2,0.8326237797,Adaptive,-349.6709961,1
3012,2,0.8326237797,Hybrid,-368.4727361,1
3012,3,0.8257503917,TWAP,291.2863991,1
3012,3,0.8257503917,Static,285.6026518,1
3012,3,0.8257503917,Adaptive,283.603663,1
3012,3,0.8257503917,Hybrid,287.141526,1
3012,4,0.8326658976,TWAP,71.92266574,1
3012,4,0.8326658976,Static,17.51124347,1
3012,4,0.8326658976,Adaptive,19.71212818,1
3012,4,0.8326658976,Hybrid,95.83651225,1
3012,5,0.8646190798,TWAP,-643.2853774,1
3012,5,0.8646190798,Static,-496.0803409,1
3012,5,0.8646190798,Adaptive,-494.1749683,1
3012,5,0.8646190798,Hybrid,-628.0862356,1
3012,6,0.882754729,TWAP,535.5085583,1
3012,6,0.882754729,Static,413.6455133,1
3012,6,0.882754729,Adaptive,408.3326299,1
3012,6,0.882754729,Hybrid,532.81739,1
3012,7,0.8908711203,TWAP,185.0049964,1
3012,7,0.8908711203,Static,167.2502255,1
3012,7,0.8908711203,Adaptive,167.1333017,1
3012,7,0.8908711203,Hybrid,138.0022882,1
3012,8,0.875487359,TWAP,673.3312249,1
3012,8,0.875487359,Static,597.3430723,1
3012,8,0.875487359,Adaptive,594.1481749,1
3012,8,0.875487359,Hybrid,656.4903905,1
3012,9,0.8818705542,TWAP,-690.2310431,1
3012,9,0.8818705542,Static,-548.1643903,1
3012,9,0.8818705542,Adaptive,-550.2318706,1
3012,9,0.8818705542,Hybrid,-701.0040274,1
3013,0,0.8030060201,TWAP,251.1093235,1
3013,0,0.8030060201,Static,143.7365114,1
3013,0,0.8030060201,Adaptive,135.8349245,1
3013,0,0.8030060201,Hybrid,257.1768496,1
3013,1,0.8363845239,TWAP,81.10480311,1
3013,1,0.8363845239,Static,86.23045161,1
3013,1,0.8363845239,Adaptive,87.40163737,1
3013,1,0.8363845239,Hybrid,81.97747497,1
3013,2,0.8330798394,TWAP,261.1380108,1
3013,2,0.8330798394,Static,305.8620332,1
3013,2,0.8330798394,Adaptive,303.7342697,1
3013,2,0.8330798394,Hybrid,216.6640312,1
3013,3,0.8483985312,TWAP,-241.7734824,1
3013,3,0.8483985312,Static,-173.0462679,1
3013,3,0.8483985312,Adaptive,-172.5226546,1
3013,3,0.8483985312,Hybrid,-221.4276516,1
3013,4,0.8253596189,TWAP,-186.939211,1
3013,4,0.8253596189,Static,-131.6883836,1
3013,4,0.8253596189,Adaptive,-132.4798268,1
3013,4,0.8253596189,Hybrid,-197.8399016,1
3013,5,0.8844843423,TWAP,-598.7363595,1
3013,5,0.8844843423,Static,-523.7613843,1
3013,5,0.8844843423,Adaptive,-515.6875702,1
3013,5,0.8844843423,Hybrid,-588.5140496,1
3013,6,0.9091895647,TWAP,-266.1249016,1
3013,6,0.9091895647,Static,-234.7358641,1
3013,6,0.9091895647,Adaptive,-233.6335886,1
3013,6,0.9091895647,Hybrid,-254.959686,1
3013,7,0.8982427753,TWAP,-16.50892593,1
3013,7,0.8982427753,Static,-5.593940479,1
3013,7,0.8982427753,Adaptive,-5.761769971,1
3013,7,0.8982427753,Hybrid,-27.35053032,1
3013,8,0.8821638108,TWAP,188.7079828,1
3013,8,0.8821638108,Static,159.2023291,1
3013,8,0.8821638108,Adaptive,157.0139562,1
3013,8,0.8821638108,Hybrid,175.1978297,1
3013,9,0.8537766285,TWAP,44.60773738,1
3013,9,0.8537766285,Static,7.730467716,1
3013,9,0.8537766285,Adaptive,3.600538253,1
3013,9,0.8537766285,Hybrid,44.36981877,1
3014,0,0.8408589149,TWAP,-69.64776663,1
3014,0,0.8408589149,Static,-133.3454557,1
3014,0,0.8408589149,Adaptive,-130.5909672,1
3014,0,0.8408589149,Hybrid,-25.85283956,1
3014,1,0.8657489098,TWAP,402.7643421,1
3014,1,0.8657489098,Static,476.5665789,1
3014,1,0.8657489098,Adaptive,482.9762961,1
3014,1,0.8657489098,Hybrid,365.7004934,1
3014,2,0.8667974838,TWAP,-539.5653018,1
3014,2,0.8667974838,Static,-518.5067209,1
3014,2,0.8667974838,Adaptive,-516.7173924,1
3014,2,0.8667974838,Hybrid,-509.0777075,1
3014,3,0.8746413015,TWAP,788.3376062,1
3014,3,0.8746413015,Static,650.2799098,1
3014,3,0.8746413015,Adaptive,645.6660385,1
3014,3,0.8746413015,Hybrid,826.0913468,1
3014,4,0.8808146768,TWAP,146.5450851,1
3014,4,0.8808146768,Static,215.4061915,1
3014,4,0.8808146768,Adaptive,216.0665468,1
3014,4,0.8808146768,Hybrid,126.2553532,1
3014,5,0.8940045633,TWAP,-22.10388322,1
3014,5,0.8940045633,Static,-80.33731854,1
3014,5,0.8940045633,Adaptive,-79.51510298,1
3014,5,0.8940045633,Hybrid,-6.432917417,1
3014,6,0.8783021498,TWAP,-608.3695089,1
3014,6,0.8783021498,Static,-686.4042612,1
3014,6,0.8783021498,Adaptive,-686.5605392,1
3014,6,0.8783021498,Hybrid,-540.4084911,1
3014,7,0.8816951151,TWAP,158.1277093,1
3014,7,0.8816951151,Static,79.81252851,1
3014,7,0.8816951151,Adaptive,81.01820189,1
3014,7,0.8816951151,Hybrid,165.7403203,1
3014,8,0.8703518995,TWAP,-291.5154828,1
3014,8,0.8703518995,Static,-233.062671,1
3014,8,0.8703518995,Adaptive,-234.0278142,1
3014,8,0.8703518995,Hybrid,-303.072933,1
3014,9,0.892460981,TWAP,-412.020808,1
3014,9,0.892460981,Static,-340.2560723,1
3014,9,0.892460981,Adaptive,-335.0807226,1
3014,9,0.892460981,Hybrid,-440.8389308,1
3015,0,0.8641264595,TWAP,43.63097291,1
3015,0,0.8641264595,Static,32.52014524,1
3015,0,0.8641264595,Adaptive,33.64634019,1
3015,0,0.8641264595,Hybrid,33.53647519,1
3015,1,0.861737165,TWAP,473.92271,1
3015,1,0.861737165,Static,428.0985888,1
3015,1,0.861737165,Adaptive,423.3921813,1
3015,1,0.861737165,Hybrid,469.1313394,1
3015,2,0.8816843279,TWAP,199.0634215,1
3015,2,0.8816843279,Static,260.3031419,1
3015,2,0.8816843279,Adaptive,263.591182,1
3015,2,0.8816843279,Hybrid,204.4016131,1
3015,3,0.8713480357,TWAP,-205.4114769,1
3015,3,0.8713480357,Static,-279.171624,1
3015,3,0.8713480357,Adaptive,-279.7028748,1
3015,3,0.8713480357,Hybrid,-220.8021853,1
3015,4,0.8802591428,TWAP,55.73478238,1
3015,4,0.8802591428,Static,-41.39864921,1
3015,4,0.8802591428,Adaptive,-39.18669499,1
3015,4,0.8802591428,Hybrid,55.53251084,1
3015,5,0.8547993095,TWAP,297.9459947,1
3015,5,0.8547993095,Static,279.7733085,1
3015,5,0.8547993095,Adaptive,279.7970698,1
3015,5,0.8547993095,Hybrid,308.4829375,1
3015,6,0.8548074894,TWAP,435.8705717,1
3015,6,0.8548074894,Static,318.0275117,0.997742
3015,6,0.8548074894,Adaptive,315.3889754,1
3015,6,0.8548074894,Hybrid,441.7934733,1
3015,7,0.8311679261,TWAP,-345.4111767,1
3015,7,0.8311679261,Static,-301.6180585,1
3015,7,0.8311679261,Adaptive,-301.760448,1
3015,7,0.8311679261,Hybrid,-328.9481967,1
3015,8,0.8840095251,TWAP,493.2564181,1
3015,8,0.8840095251,Static,371.0864364,1
3015,8,0.8840095251,Adaptive,376.2443663,1
3015,8,0.8840095251,Hybrid,501.093885,1
3015,9,0.8913471404,TWAP,535.4151733,1
3015,9,0.8913471404,Static,453.2801031,1
3015,9,0.8913471404,Adaptive,456.66856,1
3015,9,0.8913471404,Hybrid,546.483776,1
3016,0,0.900242387,TWAP,367.8354717,1
3016,0,0.900242387,Static,255.784546,1
3016,0,0.900242387,Adaptive,254.6407609,1
3016,0,0.900242387,Hybrid,400.2524554,1
3016,1,0.8784962709,TWAP,-391.0390462,1
3016,1,0.8784962709,Static,-375.5827885,1
3016,1,0.8784962709,Adaptive,-376.3091733,1
3016,1,0.8784962709,Hybrid,-392.5274608,1
3016,2,0.8637727519,TWAP,340.547708,1
3016,2,0.8637727519,Static,380.6583879,1
3016,2,0.8637727519,Adaptive,379.3209953,1
3016,2,0.8637727519,Hybrid,293.666128,1
3016,3,0.8632132484,TWAP,-692.5705189,1
3016,3,0.8632132484,Static,-548.3220072,1
3016,3,0.8632132484,Adaptive,-552.5912154,1
3016,3,0.8632132484,Hybrid,-708.2428725,1
3016,4,0.8887746636,TWAP,213.9520756,1
3016,4,0.8887746636,Static,173.5086699,1
3016,4,0.8887746636,Adaptive,177.4941929,1
3016,4,0.8887746636,Hybrid,230.4855338,1
3016,5,0.9023058801,TWAP,-427.385891,1
3016,5,0.9023058801,Static,-377.9046577,1
3016,5,0.9023058801,Adaptive,-381.6783373,1
3016,5,0.9023058801,Hybrid,-431.865869,1
3016,6,0.8996274975,TWAP,-345.4641829,1
3016,6,0.8996274975,Static,-255.2800197,1
3016,6,0.8996274975,Adaptive,-259.146706,1
3016,6,0.8996274975,Hybrid,-358.0613825,1
3016,7,0.8768484143,TWAP,-180.0640442,1
3016,7,0.8768484143,Static,-188.8309751,1
3016,7,0.8768484143,Adaptive,-189.2523731,1
3016,7,0.8768484143,Hybrid,-156.1107246,1
3016,8,0.8559279012,TWAP,116.0462808,1
3016,8,0.8559279012,Static,82.89081281,1
3016,8,0.8559279012,Adaptive,82.4285899,1
3016,8,0.8559279012,Hybrid,114.535,1
3016,9,0.838686009,TWAP,-336.7096635,1
3016,9,0.838686009,Static,-177.1477979,1
3016,9,0.838686009,Adaptive,-172.1652883,1
3016,9,0.838686009,Hybrid,-363.1545854,1
3017,0,0.8811322354,TWAP,154.7722059,1
3017,0,0.8811322354,Static,141.2539915,1
3017,0,0.8811322354,Adaptive,141.2449406,1
3017,0,0.8811322354,Hybrid,165.8108981,1
3017,1,0.8658261771,TWAP,-443.1221727,1
3017,1,0.8658261771,Static,-368.5516269,1
3017,1,0.8658261771,Adaptive,-368.218921,1
3017,1,0.8658261771,Hybrid,-460.7923588,1
3017,2,0.8705600768,TWAP,211.3207393,1
3017,2,0.8705600768,Static,148.2900232,1
3017,2,0.8705600768,Adaptive,146.6800591,1
3017,2,0.8705600768,Hybrid,204.9445078,1
3017,3,0.8642038257,TWAP,-103.6448559,1
3017,3,0.8642038257,Static,-132.7788306,1
3017,3,0.8642038257,Adaptive,-132.1840058,1
3017,3,0.8642038257,Hybrid,-85.8671864,1
3017,4,0.8533606919,TWAP,-390.5813535,1
3017,4,0.8533606919,Static,-358.0675669,1
3017,4,0.8533606919,Adaptive,-367.7246757,1
3017,4,0.8533606919,Hybrid,-375.0733254,1
3017,5,0.8516369352,TWAP,-316.351815,1
3017,5,0.8516369352,Static,-394.3011126,1
3017,5,0.8516369352,Adaptive,-386.2367312,1
3017,5,0.8516369352,Hybrid,-297.5531059,1
3017,6,0.8606820946,TWAP,202.8553806,1
3017,6,0.8606820946,Static,214.6351076,1
3017,6,0.8606820946,Adaptive,216.3343386,1
3017,6,0.8606820946,Hybrid,200.0818478,1
3017,7,0.8762645546,TWAP,-27.47852743,1
3017,7,0.8762645546,Static,-65.22561335,1
3017,7,0.8762645546,Adaptive,-68.3197205,1
3017,7,0.8762645546,Hybrid,-30.43341097,1
3017,8,0.8497893525,TWAP,12.04504688,1
3017,8,0.8497893525,Static,-45.19163675,1
3017,8,0.8497893525,Adaptive,-40.18375301,1
3017,8,0.8497893525,Hybrid,-3.238636485,1
3017,9,0.8370658619,TWAP,476.3928742,1
3017,9,0.8370658619,Static,481.3930804,1
3017,9,0.8370658619,Adaptive,483.7740481,1
3017,9,0.8370658619,Hybrid,470.3832165,1
3018,0,0.8861764236,TWAP,-439.1281982,1
3018,0,0.8861764236,Static,-394.2294466,1
3018,0,0.8861764236,Adaptive,-399.1139068,1
3018,0,0.8861764236,Hybrid,-452.7383717,1
3018,1,0.8786962423,TWAP,501.4017941,1
3018,1,0.8786962423,Static,428.0356306,1
3018,1,0.8786962423,Adaptive,429.9055764,1
3018,1,0.8786962423,Hybrid,516.4375684,1
3018,2,0.8760618115,TWAP,95.79331297,1
3018,2,0.8760618115,Static,86.78058271,1
3018,2,0.8760618115,Adaptive,93.57516682,1
3018,2,0.8760618115,Hybrid,112.0512758,1
3018,3,0.8877662057,TWAP,658.943706,1
3018,3,0.8877662057,Static,714.8582108,1
3018,3,0.8877662057,Adaptive,706.507706,1
3018,3,0.8877662057,Hybrid,669.1852057,1
3018,4,0.8838480305,TWAP,133.5609687,1
3018,4,0.8838480305,Static,107.4007964,1
3018,4,0.8838480305,Adaptive,107.3645285,1
3018,4,0.8838480305,Hybrid,152.6765194,1
3018,5,0.8657386007,TWAP,63.37458143,1
3018,5,0.8657386007,Static,36.28498205,1
3018,5,0.8657386007,Adaptive,35.56574838,1
3018,5,0.8657386007,Hybrid,79.78482297,1
3018,6,0.8377132255,TWAP,34.81708259,1
3018,6,0.8377132255,Static,139.4179756,1
3018,6,0.8377132255,Adaptive,132.0147625,1
3018,6,0.8377132255,Hybrid,11.72086931,1
3018,7,0.838872536,TWAP,-169.1518845,1
3018,7,0.838872536,Static,-160.6864853,1
3018,7,0.838872536,Adaptive,-161.6828611,1
3018,7,0.838872536,Hybrid,-182.6363665,1
3018,8,0.8610811901,TWAP,-1115.310961,1
3018,8,0.8610811901,Static,-928.8897091,1
3018,8,0.8610811901,Adaptive,-930.9294496,1
3018,8,0.8610811901,Hybrid,-1178.716688,1
3018,9,0.8808448976,TWAP,-91.49483146,1
3018,9,0.8808448976,Static,-149.9533875,1
3018,9,0.8808448976,Adaptive,-148.7635043,1
3018,9,0.8808448976,Hybrid,-77.21799978,1
3019,0,0.8452208531,TWAP,264.0635844,1
3019,0,0.8452208531,Static,345.1385669,1
3019,0,0.8452208531,Adaptive,343.4735085,1
3019,0,0.8452208531,Hybrid,219.896205,1
3019,1,0.8771984548,TWAP,-561.3534936,1
3019,1,0.8771984548,Static,-563.257854,1
3019,1,0.8771984548,Adaptive,-555.4995015,1
3019,1,0.8771984548,Hybrid,-559.7642295,1
3019,2,0.8836721183,TWAP,509.0782441,1
3019,2,0.8836721183,Static,414.9415844,1
3019,2,0.8836721183,Adaptive,415.5271251,1
3019,2,0.8836721183,Hybrid,491.2280452,1
3019,3,0.8929367869,TWAP,110.9386853,1
3019,3,0.8929367869,Static,133.3773458,1
3019,3,0.8929367869,Adaptive,135.4809055,1
3019,3,0.8929367869,Hybrid,93.27488915,1
3019,4,0.8514979095,TWAP,497.9689217,1
3019,4,0.8514979095,Static,469.7844204,1
3019,4,0.8514979095,Adaptive,466.5283355,1
3019,4,0.8514979095,Hybrid,452.7056883,1
3019,5,0.8449540728,TWAP,-602.0398869,1
3019,5,0.8449540728,Static,-616.9008833,1
3019,5,0.8449540728,Adaptive,-616.3408969,1
3019,5,0.8449540728,Hybrid,-549.8261814,1
3019,6,0.8672399213,TWAP,140.1974655,1
3019,6,0.8672399213,Static,215.8524465,1
3019,6,0.8672399213,Adaptive,221.3328398,1
3019,6,0.8672399213,Hybrid,103.1288368,1
3019,7,0.8871984751,TWAP,-134.3423874,1
3019,7,0.8871984751,Static,-78.10186771,1
3019,7,0.8871984751,Adaptive,-79.96895299,1
3019,7,0.8871984751,Hybrid,-143.7494112,1
3019,8,0.9172709886,TWAP,-156.6975737,1
3019,8,0.9172709886,Static,-172.8486135,1
3019,8,0.9172709886,Adaptive,-170.1632276,1
3019,8,0.9172709886,Hybrid,-164.9875938,1
3019,9,0.9108485015,TWAP,64.22986073,1
3019,9,0.9108485015,Static,68.83835679,1
3019,9,0.9108485015,Adaptive,73.70161079,1
3019,9,0.9108485015,Hybrid,85.84662589,1
3020,0,0.8495858348,TWAP,-789.3517593,1
3020,0,0.8495858348,Static,-712.7753197,1
3020,0,0.8495858348,Adaptive,-715.5416298,1
3020,0,0.8495858348,Hybrid,-772.6743627,1
3020,1,0.8697735026,TWAP,-281.2352478,1
3020,1,0.8697735026,Static,-234.2723177,1
3020,1,0.8697735026,Adaptive,-237.612771,1
3020,1,0.8697735026,Hybrid,-266.2367037,1
3020,2,0.8695076638,TWAP,-140.6906493,1
3020,2,0.8695076638,Static,-81.62228232,1
3020,2,0.8695076638,Adaptive,-82.74617788,1
3020,2,0.8695076638,Hybrid,-134.8765264,1
3020,3,0.926649559,TWAP,490.7558318,1
3020,3,0.926649559,Static,369.0653601,1
3020,3,0.926649559,Adaptive,367.5603555,1
3020,3,0.926649559,Hybrid,460.5607703,1
3020,4,0.9056204799,TWAP,101.6125386,1
3020,4,0.9056204799,Static,149.7289764,1
3020,4,0.9056204799,Adaptive,149.7102532,1
3020,4,0.9056204799,Hybrid,98.6517618,1
3020,5,0.8932755331,TWAP,-50.71345101,1
3020,5,0.8932755331,Static,-12.32475803,1
3020,5,0.8932755331,Adaptive,-10.95123562,1
3020,5,0.8932755331,Hybrid,-42.95480762,1
3020,6,0.8380888687,TWAP,-159.2068859,1
3020,6,0.8380888687,Static,-88.74688391,1
3020,6,0.8380888687,Adaptive,-89.20310154,1
3020,6,0.8380888687,Hybrid,-147.528166,1
3020,7,0.8281845581,TWAP,194.1124821,1
3020,7,0.8281845581,Static,173.9625066,1
3020,7,0.8281845581,Adaptive,174.7665804,1
3020,7,0.8281845581,Hybrid,191.0398097,1
3020,8,0.8184389617,TWAP,322.7465736,1
3020,8,0.8184389617,Static,292.0880256,1
3020,8,0.8184389617,Adaptive,292.4284055,1
3020,8,0.8184389617,Hybrid,311.2553766,1
3020,9,0.8190197394,TWAP,9.586499672,1
3020,9,0.8190197394,Static,-29.37533352,1
3020,9,0.8190197394,Adaptive,-28.66420114,1
3020,9,0.8190197394,Hybrid,-0.5884266817,1
3021,0,0.8832653585,TWAP,-186.180522,1
3021,0,0.8832653585,Static,-79.66150138,1
3021,0,0.8832653585,Adaptive,-79.0745791,1
3021,0,0.8832653585,Hybrid,-185.5637259,1
3021,1,0.9076077506,TWAP,291.435923,1
3021,1,0.9076077506,Static,146.5868413,1
3021,1,0.9076077506,Adaptive,142.9932657,1
3021,1,0.9076077506,Hybrid,325.0169239,1
3021,2,0.9044279893,TWAP,838.0775532,1
3021,2,0.9044279893,Static,779.6798035,1
3021,2,0.9044279893,Adaptive,778.1845294,1
3021,2,0.9044279893,Hybrid,858.4407225,1
3021,3,0.8900848672,TWAP,302.5617469,1
3021,3,0.8900848672,Static,355.8266789,1
3021,3,0.8900848672,Adaptive,348.7611885,1
3021,3,0.8900848672,Hybrid,269.7918412,1
3021,4,0.8922106624,TWAP,460.7932123,1
3021,4,0.8922106624,Static,347.2590552,1
3021,4,0.8922106624,Adaptive,349.1864944,1
3021,4,0.8922106624,Hybrid,492.289725,1
3021,5,0.8963589471,TWAP,52.7518444,1
3021,5,0.8963589471,Static,133.6895462,1
3021,5,0.8963589471,Adaptive,132.560693,1
3021,5,0.8963589471,Hybrid,21.12919741,1
3021,6,0.8716169356,TWAP,216.7918641,1
3021,6,0.8716169356,Static,118.7802076,1
3021,6,0.8716169356,Adaptive,117.0462903,1
3021,6,0.8716169356,Hybrid,242.8664368,1
3021,7,0.8550276452,TWAP,-181.7185899,1
3021,7,0.8550276452,Static,-190.9566926,1
3021,7,0.8550276452,Adaptive,-189.2637031,1
3021,7,0.8550276452,Hybrid,-175.8588442,1
3021,8,0.8412851692,TWAP,175.725296,1
3021,8,0.8412851692,Static,177.7950552,1
3021,8,0.8412851692,Adaptive,180.1252367,1
3021,8,0.8412851692,Hybrid,177.5866489,1
3021,9,0.8442358336,TWAP,-607.0553493,1
3021,9,0.8442358336,Static,-537.7943654,1
3021,9,0.8442358336,Adaptive,-542.1380548,1
3021,9,0.8442358336,Hybrid,-618.0590204,1
3022,0,0.897849376,TWAP,-474.6182675,1
3022,0,0.897849376,Static,-483.1430165,1
3022,0,0.897849376,Adaptive,-478.7196244,1
3022,0,0.897849376,Hybrid,-476.099786,1
3022,1,0.8644209789,TWAP,52.49006768,1
3022,1,0.8644209789,Static,12.04646846,1
3022,1,0.8644209789,Adaptive,9.024186609,1
3022,1,0.8644209789,Hybrid,50.8008992,1
3022,2,0.8743945514,TWAP,196.9509041,1
3022,2,0.8743945514,Static,104.9323876,1
3022,2,0.8743945514,Adaptive,104.4341908,1
3022,2,0.8743945514,Hybrid,170.1984765,1
3022,3,0.870162254,TWAP,-410.5922113,1
3022,3,0.870162254,Static,-327.2879876,1
3022,3,0.870162254,Adaptive,-327.2015009,1
3022,3,0.870162254,Hybrid,-366.3818781,1
3022,4,0.8509601727,TWAP,-288.4704896,1
3022,4,0.8509601727,Static,-252.7540221,1
3022,4,0.8509601727,Adaptive,-250.8642776,1
3022,4,0.8509601727,Hybrid,-261.7607721,1
3022,5,0.8215224579,TWAP,-188.1309371,1
3022,5,0.8215224579,Static,-216.2111869,1
3022,5,0.8215224579,Adaptive,-217.7215629,1
3022,5,0.8215224579,Hybrid,-209.9893042,1
3022,6,0.778249353,TWAP,-824.2889802,1
3022,6,0.778249353,Static,-823.9510198,1
3022,6,0.778249353,Adaptive,-826.6123546,1
3022,6,0.778249353,Hybrid,-800.373678,1
3022,7,0.8038584893,TWAP,6.57644906,1
3022,7,0.8038584893,Static,29.25363666,1
3022,7,0.8038584893,Adaptive,35.2179756,1
3022,7,0.8038584893,Hybrid,4.420230795,1
3022,8,0.8529315208,TWAP,492.9843273,1
3022,8,0.8529315208,Static,445.6663311,1
3022,8,0.8529315208,Adaptive,442.1346914,1
3022,8,0.8529315208,Hybrid,457.8846534,1
3022,9,0.866970094,TWAP,64.70853946,1
3022,9,0.866970094,Static,78.03926678,1
3022,9,0.866970094,Adaptive,76.48328033,1
3022,9,0.866970094,Hybrid,80.29595995,1
3023,0,0.8549080706,TWAP,40.03657401,1
3023,0,0.8549080706,Static,34.7515827,1
3023,0,0.8549080706,Adaptive,36.23897325,1
3023,0,0.8549080706,Hybrid,36.56222724,1
3023,1,0.8710696923,TWAP,-238.869377,1
3023,1,0.8710696923,Static,-309.0365731,1
3023,1,0.8710696923,Adaptive,-310.1175996,1
3023,1,0.8710696923,Hybrid,-183.9315631,1
3023,2,0.8757878026,TWAP,384.4665389,1
3023,2,0.8757878026,Static,370.9537655,1
3023,2,0.8757878026,Adaptive,375.7974089,1
3023,2,0.8757878026,Hybrid,375.2841281,1
3023,3,0.8736386023,TWAP,-469.3708397,1
3023,3,0.8736386023,Static,-485.6306571,1
3023,3,0.8736386023,Adaptive,-484.8619434,1
3023,3,0.8736386023,Hybrid,-439.967488,1
3023,4,0.8631005561,TWAP,-238.9123707,1
3023,4,0.8631005561,Static,-261.4584124,1
3023,4,0.8631005561,Adaptive,-259.1930985,1
3023,4,0.8631005561,Hybrid,-211.814884,1
3023,5,0.8902042437,TWAP,-126.2505641,1
3023,5,0.8902042437,Static,-156.3138241,1
3023,5,0.8902042437,Adaptive,-159.7801515,1
3023,5,0.8902042437,Hybrid,-96.01145695,1
3023,6,0.9009356353,TWAP,49.51582277,1
3023,6,0.9009356353,Static,-8.623997067,1
3023,6,0.9009356353,Adaptive,-1.065876191,1
3023,6,0.9009356353,Hybrid,89.27177543,1
3023,7,0.9077734014,TWAP,115.0585508,1
3023,7,0.9077734014,Static,117.6947387,1
3023,7,0.9077734014,Adaptive,115.534486,1
3023,7,0.9077734014,Hybrid,84.32592657,1
3023,8,0.8791018398,TWAP,486.9981092,1
3023,8,0.8791018398,Static,502.4285824,1
3023,8,0.8791018398,Adaptive,519.0797244,1
3023,8,0.8791018398,Hybrid,455.5058754,1
3023,9,0.8945287203,TWAP,-409.4152771,1
3023,9,0.8945287203,Static,-422.3104846,1
3023,9,0.8945287203,Adaptive,-426.2348074,1
3023,9,0.8945287203,Hybrid,-399.6075132,1
3024,0,0.8635584711,TWAP,90.14530665,1
3024,0,0.8635584711,Static,187.4578353,1
3024,0,0.8635584711,Adaptive,192.124845,1
3024,0,0.8635584711,Hybrid,74.2631289,1
3024,1,0.8460455824,TWAP,573.0456099,1
3024,1,0.8460455824,Static,483.3550532,1
3024,1,0.8460455824,Adaptive,477.4046667,1
3024,1,0.8460455824,Hybrid,545.1201667,1
3024,2,0.8402790481,TWAP,53.84286554,1
3024,2,0.8402790481,Static,-29.21888367,1
3024,2,0.8402790481,Adaptive,-26.69220245,1
3024,2,0.8402790481,Hybrid,36.96242908,1
3024,3,0.8397659511,TWAP,20.80508744,1
3024,3,0.8397659511,Static,40.18621036,1
3024,3,0.8397659511,Adaptive,38.91544139,1
3024,3,0.8397659511,Hybrid,17.63055979,1
3024,4,0.8384777309,TWAP,-56.04496182,1
3024,4,0.8384777309,Static,-57.33888851,1
3024,4,0.8384777309,Adaptive,-60.31184626,1
3024,4,0.8384777309,Hybrid,-21.28498218,1
3024,5,0.8771877672,TWAP,177.5189168,1
3024,5,0.8771877672,Static,207.211254,1
3024,5,0.8771877672,Adaptive,207.5040786,1
3024,5,0.8771877672,Hybrid,175.3707666,1
3024,6,0.8839215966,TWAP,402.2324191,1
3024,6,0.8839215966,Static,361.4878437,1
3024,6,0.8839215966,Adaptive,362.9750491,1
3024,6,0.8839215966,Hybrid,381.2308832,1
3024,7,0.8889774794,TWAP,-56.03512176,1
3024,7,0.8889774794,Static,-19.66704281,1
3024,7,0.8889774794,Adaptive,-14.36785294,1
3024,7,0.8889774794,Hybrid,-69.00550215,1
3024,8,0.8796397546,TWAP,-166.1843739,1
3024,8,0.8796397546,Static,-100.5329373,1
3024,8,0.8796397546,Adaptive,-101.2158543,1
3024,8,0.8796397546,Hybrid,-165.9338596,1
3024,9,0.8966785812,TWAP,-199.707939,1
3024,9,0.8966785812,Static,-139.2764437,1
3024,9,0.8966785812,Adaptive,-137.4861508,1
3024,9,0.8966785812,Hybrid,-210.0571235,1
3025,0,0.8813922695,TWAP,-228.3705148,1
3025,0,0.8813922695,Static,-282.46295,1
3025,0,0.8813922695,Adaptive,-275.7858351,1
3025,0,0.8813922695,Hybrid,-218.4480382,1
3025,1,0.8564657722,TWAP,411.1806268,1
3025,1,0.8564657722,Static,389.7679951,1
3025,1,0.8564657722,Adaptive,389.3127723,1
3025,1,0.8564657722,Hybrid,375.3242378,1
3025,2,0.8322417021,TWAP,-95.5113494,1
3025,2,0.8322417021,Static,-29.94498768,1
3025,2,0.8322417021,Adaptive,-30.52994546,1
3025,2,0.8322417021,Hybrid,-91.12913089,1
3025,3,0.8543007091,TWAP,-186.2254608,1
3025,3,0.8543007091,Static,-148.1775485,1
3025,3,0.8543007091,Adaptive,-149.7414865,1
3025,3,0.8543007091,Hybrid,-166.1678136,1
3025,4,0.849253003,TWAP,239.3031612,1
3025,4,0.849253003,Static,241.4886319,1
3025,4,0.849253003,Adaptive,244.3121819,1
3025,4,0.849253003,Hybrid,218.7202966,1
3025,5,0.8680571131,TWAP,-0.7881060606,1
3025,5,0.8680571131,Static,13.62981405,1
3025,5,0.8680571131,Adaptive,16.10113464,1
3025,5,0.8680571131,Hybrid,-0.7657799587,1
3025,6,0.8628872095,TWAP,179.7486275,1
3025,6,0.8628872095,Static,149.2418776,1
3025,6,0.8628872095,Adaptive,151.1636669,1
3025,6,0.8628872095,Hybrid,175.7697479,1
3025,7,0.9051318169,TWAP,237.8457919,1
3025,7,0.9051318169,Static,303.6259906,1
3025,7,0.9051318169,Adaptive,300.8825797,1
3025,7,0.9051318169,Hybrid,227.1146221,1
3025,8,0.8935199564,TWAP,-508.4927575,1
3025,8,0.8935199564,Static,-458.603981,1
3025,8,0.8935199564,Adaptive,-455.921037,1
3025,8,0.8935199564,Hybrid,-470.2807824,1
3025,9,0.9094694224,TWAP,-823.0087148,1
3025,9,0.9094694224,Static,-757.6847672,1
3025,9,0.9094694224,Adaptive,-762.0881734,1
3025,9,0.9094694224,Hybrid,-781.0717706,1
3026,0,0.9059593805,TWAP,33.85854498,1
3026,0,0.9059593805,Static,8.148418496,1
3026,0,0.9059593805,Adaptive,10.15406051,1
3026,0,0.9059593805,Hybrid,40.23166447,1
3026,1,0.8895213964,TWAP,859.4550892,1
3026,1,0.8895213964,Static,797.3835526,1
3026,1,0.8895213964,Adaptive,808.0688101,1
3026,1,0.8895213964,Hybrid,849.4124756,1
3026,2,0.886009589,TWAP,200.8310534,1
3026,2,0.886009589,Static,127.0021475,1
3026,2,0.886009589,Adaptive,126.0073506,1
3026,2,0.886009589,Hybrid,204.2611332,1
3026,3,0.9029519521,TWAP,-469.6878245,1
3026,3,0.9029519521,Static,-408.2514676,1
3026,3,0.9029519521,Adaptive,-404.8336265,1
3026,3,0.9029519521,Hybrid,-481.1843695,1
3026,4,0.9091402914,TWAP,405.2149134,1
3026,4,0.9091402914,Static,319.7829581,1
3026,4,0.9091402914,Adaptive,321.5062077,1
3026,4,0.9091402914,Hybrid,404.3778298,1
3026,5,0.9016673977,TWAP,-79.84563796,1
3026,5,0.9016673977,Static,-86.75352326,1
3026,5,0.9016673977,Adaptive,-88.27327667,1
3026,5,0.9016673977,Hybrid,-70.47981506,1
3026,6,0.8757461817,TWAP,-172.130566,1
3026,6,0.8757461817,Static,-124.905829,1
3026,6,0.8757461817,Adaptive,-125.3927423,1
3026,6,0.8757461817,Hybrid,-167.3282203,1
3026,7,0.8551269893,TWAP,-357.1279881,1
3026,7,0.8551269893,Static,-238.9053758,1
3026,7,0.8551269893,Adaptive,-236.0311168,1
3026,7,0.8551269893,Hybrid,-336.6493498,1
3026,8,0.8436881179,TWAP,-153.9311599,1
3026,8,0.8436881179,Static,-158.6501461,1
3026,8,0.8436881179,Adaptive,-161.4021109,1
3026,8,0.8436881179,Hybrid,-156.0905137,1
3026,9,0.8341399882,TWAP,-283.5551733,1
3026,9,0.8341399882,Static,-277.5603446,1
3026,9,0.8341399882,Adaptive,-276.2663194,1
3026,9,0.8341399882,Hybrid,-288.7212963,1
3027,0,0.8728366236,TWAP,77.86226288,1
3027,0,0.8728366236,Static,30.81690965,1
3027,0,0.8728366236,Adaptive,30.36769678,1
3027,0,0.8728366236,Hybrid,103.9574782,1
3027,1,0.8569979803,TWAP,121.5356061,1
3027,1,0.8569979803,Static,143.0195985,1
3027,1,0.8569979803,Adaptive,142.3342581,1
3027,1,0.8569979803,Hybrid,134.9905354,1
3027,2,0.8493385884,TWAP,-183.2662642,1
3027,2,0.8493385884,Static,-150.8854839,1
3027,2,0.8493385884,Adaptive,-152.514635,1
3027,2,0.8493385884,Hybrid,-184.4272283,1
3027,3,0.8709297244,TWAP,390.2201295,1
3027,3,0.8709297244,Static,342.6322431,1
3027,3,0.8709297244,Adaptive,340.9024136,1
3027,3,0.8709297244,Hybrid,400.3586208,1
3027,4,0.8949553844,TWAP,-490.2593303,1
3027,4,0.8949553844,Static,-442.6689691,1
3027,4,0.8949553844,Adaptive,-437.1627188,1
3027,4,0.8949553844,Hybrid,-530.6921586,1
3027,5,0.8923413704,TWAP,-45.3094577,1
3027,5,0.8923413704,Static,-0.3680556103,1
3027,5,0.8923413704,Adaptive,3.36832183,1
3027,5,0.8923413704,Hybrid,-62.59868862,1
3027,6,0.8794843369,TWAP,-370.490748,1
3027,6,0.8794843369,Static,-343.6454229,1
3027,6,0.8794843369,Adaptive,-347.6659337,1
3027,6,0.8794843369,Hybrid,-421.7516908,1
3027,7,0.8476728469,TWAP,-253.3427805,1
3027,7,0.8476728469,Static,-128.1177223,1
3027,7,0.8476728469,Adaptive,-126.1117063,1
3027,7,0.8476728469,Hybrid,-273.7110862,1
3027,8,0.8507638297,TWAP,314.3799185,1
3027,8,0.8507638297,Static,293.0838242,1
3027,8,0.8507638297,Adaptive,298.0992085,1
3027,8,0.8507638297,Hybrid,310.5165974,1
3027,9,0.8434848305,TWAP,-175.8366833,1
3027,9,0.8434848305,Static,-145.3578427,1
3027,9,0.8434848305,Adaptive,-151.778631,1
3027,9,0.8434848305,Hybrid,-213.226891,1
3028,0,0.9340845624,TWAP,528.312168,1
3028,0,0.9340845624,Static,498.7531654,1
3028,0,0.9340845624,Adaptive,504.6305884,1
3028,0,0.9340845624,Hybrid,527.6486218,1
3028,1,0.8976788363,TWAP,-356.8827294,1
3028,1,0.8976788363,Static,-379.6776501,1
3028,1,0.8976788363,Adaptive,-378.9860536,1
3028,1,0.8976788363,Hybrid,-358.031299,1
3028,2,0.8972005674,TWAP,981.9660723,1
3028,2,0.8972005674,Static,851.7199699,1
3028,2,0.8972005674,Adaptive,849.3635281,1
3028,2,0.8972005674,Hybrid,987.0411406,1
3028,3,0.8847468876,TWAP,46.88127412,1
3028,3,0.8847468876,Static,-37.76322593,1
3028,3,0.8847468876,Adaptive,-37.63397101,1
3028,3,0.8847468876,Hybrid,75.13651371,1
3028,4,0.8757305064,TWAP,-344.1702916,1
3028,4,0.8757305064,Static,-334.0755244,1
3028,4,0.8757305064,Adaptive,-329.4284072,1
3028,4,0.8757305064,Hybrid,-347.108052,1
3028,5,0.8919584905,TWAP,-24.74688324,1
3028,5,0.8919584905,Static,57.00804095,1
3028,5,0.8919584905,Adaptive,53.72613703,1
3028,5,0.8919584905,Hybrid,-32.56273676,1
3028,6,0.8768178101,TWAP,-189.5889616,1
3028,6,0.8768178101,Static,-155.9024625,1
3028,6,0.8768178101,Adaptive,-156.276881,1
3028,6,0.8768178101,Hybrid,-196.3633158,1
3028,7,0.8764480409,TWAP,207.0880082,1
3028,7,0.8764480409,Static,297.0962086,1
3028,7,0.8764480409,Adaptive,292.2994542,1
3028,7,0.8764480409,Hybrid,193.4878062,1
3028,8,0.8783280164,TWAP,-151.9549109,1
3028,8,0.8783280164,Static,-137.137199,1
3028,8,0.8783280164,Adaptive,-138.7156589,1
3028,8,0.8783280164,Hybrid,-142.6430803,1
3028,9,0.8779067623,TWAP,-498.2870502,1
3028,9,0.8779067623,Static,-484.0590117,1
3028,9,0.8779067623,Adaptive,-479.883593,1
3028,9,0.8779067623,Hybrid,-493.516788,1
3029,0,0.8303271029,TWAP,299.7695157,1
3029,0,0.8303271029,Static,324.687939,1
3029,0,0.8303271029,Adaptive,327.3691205,1
3029,0,0.8303271029,Hybrid,276.25734,1
3029,1,0.8517509177,TWAP,-336.5109117,1
3029,1,0.8517509177,Static,-319.6586207,1
3029,1,0.8517509177,Adaptive,-319.97306,1
3029,1,0.8517509177,Hybrid,-339.7067416,1
3029,2,0.8683622141,TWAP,40.60181818,1
3029,2,0.8683622141,Static,113.043841,1
3029,2,0.8683622141,Adaptive,113.5723122,1
3029,2,0.8683622141,Hybrid,59.24992497,1
3029,3,0.8662440752,TWAP,-5.952918747,1
3029,3,0.8662440752,Static,-31.6332601,1
3029,3,0.8662440752,Adaptive,-29.61187472,1
3029,3,0.8662440752,Hybrid,-3.745461643,1
3029,4,0.8579672939,TWAP,511.6145908,1
3029,4,0.8579672939,Static,496.1357866,1
3029,4,0.8579672939,Adaptive,495.9221394,1
3029,4,0.8579672939,Hybrid,492.1359662,1
3029,5,0.8446609361,TWAP,-407.4111171,1
3029,5,0.8446609361,Static,-332.6890729,1
3029,5,0.8446609361,Adaptive,-329.1425771,1
3029,5,0.8446609361,Hybrid,-420.6933882,1
3029,6,0.8540075427,TWAP,95.34908484,1
3029,6,0.8540075427,Static,41.36411221,1
3029,6,0.8540075427,Adaptive,39.58646425,1
3029,6,0.8540075427,Hybrid,94.16477249,1
3029,7,0.8471971613,TWAP,33.11388778,1
3029,7,0.8471971613,Static,51.47603654,1
3029,7,0.8471971613,Adaptive,48.74136059,1
3029,7,0.8471971613,Hybrid,24.47858895,1
3029,8,0.8646858043,TWAP,123.9508826,1
3029,8,0.8646858043,Static,98.69219857,1
3029,8,0.8646858043,Adaptive,99.870122,1
3029,8,0.8646858043,Hybrid,97.15966344,1
3029,9,0.8670495503,TWAP,-208.6604362,1
3029,9,0.8670495503,Static,-167.8663216,1
3029,9,0.8670495503,Adaptive,-165.911239,1
3029,9,0.8670495503,Hybrid,-240.6800755,1
