gamma,beta,expected_energy,success_probability
0,0,-2499999.658,0.25
0,0.07853981634,-2499999.658,0.25
0,0.1570796327,-2499999.658,0.25
0,0.235619449,-2499999.658,0.25
0,0.3141592654,-2499999.658,0.25
0,0.3926990817,-2499999.658,0.25
0,0.471238898,-2499999.658,0.25
0,0.5497787144,-2499999.658,0.25
0,0.6283185307,-2499999.658,0.25
0,0.7068583471,-2499999.658,0.25
0,0.7853981634,-2499999.658,0.25
0,0.8639379797,-2499999.658,0.25
0,0.9424777961,-2499999.658,0.25
0,1.021017612,-2499999.658,0.25
0,1.099557429,-2499999.658,0.25
0,1.178097245,-2499999.658,0.25
0,1.256637061,-2499999.658,0.25
0,1.335176878,-2499999.658,0.25
0,1.413716694,-2499999.658,0.25
0,1.49225651,-2499999.658,0.25
0,1.570796327,-2499999.658,0.25
0,1.649336143,-2499999.658,0.25
0,1.727875959,-2499999.658,0.25
0,1.806415776,-2499999.658,0.25
0,1.884955592,-2499999.658,0.25
0,1.963495408,-2499999.658,0.25
0,2.042035225,-2499999.658,0.25
0,2.120575041,-2499999.658,0.25
0,2.199114858,-2499999.658,0.25
0,2.277654674,-2499999.658,0.25
0,2.35619449,-2499999.658,0.25
0,2.434734307,-2499999.658,0.25
0,2.513274123,-2499999.658,0.25
0,2.591813939,-2499999.658,0.25
0,2.670353756,-2499999.658,0.25
0,2.748893572,-2499999.658,0.25
0,2.827433388,-2499999.658,0.25
0,2.905973205,-2499999.658,0.25
0,2.984513021,-2499999.658,0.25
0,3.063052837,-2499999.658,0.25
0,3.141592654,-2499999.658,0.25
0.1570796327,0,-2499999.658,0.25
0.1570796327,0.07853981634,-2516766.808,0.2541630604
0.1570796327,0.1570796327,-2533049.488,0.2582594164
0.1570796327,0.235619449,-2548449.272,0.2621869474
0.1570796327,0.3141592654,-2562594.546,0.2658451554
0.1570796327,0.3926990817,-2575148.913,0.2691380095
0.1570796327,0.471238898,-2585818.312,0.2719768945
0.1570796327,0.5497787144,-2594356.783,0.2742835292
0.1570796327,0.6283185307,-2600570.884,0.2759927151
0.1570796327,0.7068583471,-2604322.809,0.2770547634
0.1570796327,0.7853981634,-2605532.293,0.2774374633
0.1570796327,0.8639379797,-2604177.4,0.277127468
0.1570796327,0.9424777961,-2600294.3,0.2761310073
0.1570796327,1.021017612,-2593976.098,0.2744738722
0.1570796327,1.099557429,-2585370.789,0.272200656
0.1570796327,1.178097245,-2574678.36,0.2693732863
0.1570796327,1.256637061,-2562147.023,0.2660689169
0.1570796327,1.335176878,-2548068.586,0.2623772904
0.1570796327,1.413716694,-2532772.903,0.2583977086
0.1570796327,1.49225651,-2516621.399,0.254235765
0.1570796327,1.570796327,-2499999.658,0.25
0.1570796327,1.649336143,-2483309.115,0.2457986358
0.1570796327,1.727875959,-2466957.941,0.241736527
0.1570796327,1.806415776,-2451351.266,0.2379124416
0.1570796327,1.884955592,-2436880.955,0.234416752
0.1570796327,1.963495408,-2423915.223,0.2313295803
0.1570796327,2.042035225,-2412788.398,0.2287194084
0.1570796327,2.120575041,-2403791.216,0.2266421291
0.1570796327,2.199114858,-2397162.021,0.2251404904
0.1570796327,2.277654674,-2393079.25,0.2242438646
0.1570796327,2.35619449,-2391655.556,0.22396827
0.1570796327,2.434734307,-2392933.841,0.2243165691
0.1570796327,2.513274123,-2396885.436,0.2252787826
0.1570796327,2.591813939,-2403410.53,0.226832472
0.1570796327,2.670353756,-2412340.875,0.2289431699
0.1570796327,2.748893572,-2423444.669,0.2315648571
0.1570796327,2.827433388,-2436433.432,0.2346405135
0.1570796327,2.905973205,-2450970.58,0.2381027845
0.1570796327,2.984513021,-2466681.357,0.2418748192
0.1570796327,3.063052837,-2483163.706,0.2458713403
0.1570796327,3.141592654,-2499999.658,0.25
0.3141592654,0,-2499999.658,0.25
0.3141592654,0.07853981634,-2533414.661,0.2583480736
0.3141592654,0.1570796327,-2565731.914,0.2666280703
0.3141592654,0.235619449,-2596175.265,0.2746263073
0.3141592654,0.3141592654,-2624032.938,0.28212692
0.3141592654,0.3926990817,-2648671.365,0.2889190294
0.3141592654,0.471238898,-2669545.65,0.2948044983
0.3141592654,0.5497787144,-2686206.945,0.2996058341
0.3141592654,0.6283185307,-2698307.123,0.3031737477
0.3141592654,0.7068583471,-2705601.267,0.3053938701
0.3141592654,0.7853981634,-2707948.512,0.3061921643
0.3141592654,0.8639379797,-2705311.719,0.3055386444
0.3141592654,0.9424777961,-2697756.369,0.3034491248
0.3141592654,1.021017612,-2685448.897,0.2999848582
0.3141592654,1.099557429,-2668654.511,0.2952500679
0.3141592654,1.178097245,-2647734.366,0.2893875289
0.3141592654,1.256637061,-2623141.799,0.2825724895
0.3141592654,1.335176878,-2595417.217,0.2750053314
0.3141592654,1.413716694,-2565181.16,0.2669034475
0.3141592654,1.49225651,-2533125.112,0.258492848
0.3141592654,1.570796327,-2499999.658,0.25
0.3141592654,1.649336143,-2466599.798,0.241644355
0.3141592654,1.727875959,-2433747.392,0.2336319341
0.3141592654,1.806415776,-2402270.981,0.2261502279
0.3141592654,1.884955592,-2372983.459,0.2193645392
0.3141592654,1.963495408,-2346658.361,0.2134157655
0.3141592654,2.042035225,-2324005.685,0.2084194922
0.3141592654,2.120575041,-2305648.36,0.2044661713
0.3141592654,2.199114858,-2292100.533,0.2016220824
0.3141592654,2.277654674,-2283748.826,0.1999307414
0.3141592654,2.35619449,-2280837.627,0.1994144245
0.3141592654,2.434734307,-2283459.277,0.2000755158
0.3141592654,2.513274123,-2291549.778,0.2018974596
0.3141592654,2.591813939,-2304890.312,0.2048451954
0.3141592654,2.670353756,-2323114.546,0.2088650617
0.3141592654,2.748893572,-2345721.362,0.213884265
0.3141592654,2.827433388,-2372092.32,0.2198101088
0.3141592654,2.905973205,-2401512.932,0.226529252
0.3141592654,2.984513021,-2433196.638,0.2339073113
0.3141592654,3.063052837,-2466310.249,0.2417891294
0.3141592654,3.141592654,-2499999.658,0.25
0.471238898,0,-2499999.658,0.25
0.471238898,0.07853981634,-2549893.678,0.2625422323
0.471238898,0.1570796327,-2597951.432,0.2750794879
0.471238898,0.235619449,-2643040.651,0.2872775224
0.471238898,0.3141592654,-2684141.516,0.298790765
0.471238898,0.3926990817,-2720362.926,0.3092752532
0.471238898,0.471238898,-2750952.593,0.3184030219
0.471238898,0.5497787144,-2775301.905,0.325877011
0.471238898,0.6283185307,-2792946.759,0.3314454585
0.471238898,0.7068583471,-2803565.723,0.3349147284
0.471238898,0.7853981634,-2806976.89,0.3361596123
0.471238898,0.8639379797,-2803134.567,0.3351303064
0.471238898,0.9424777961,-2792126.652,0.3318555122
0.471238898,1.021017612,-2774173.124,0.3264414016
0.471238898,1.099557429,-2749625.631,0.3190665027
0.471238898,1.178097245,-2718967.676,0.3099728783
0.471238898,1.256637061,-2682814.555,0.2994542458
0.471238898,1.335176878,-2641911.87,0.2878419129
0.471238898,1.413716694,-2597131.325,0.2754895416
0.471238898,1.49225651,-2549462.522,0.2627578103
0.471238898,1.570796327,-2499999.658,0.25
0.471238898,1.649336143,-2449922.371,0.2375494011
0.471238898,1.727875959,-2400470.443,0.2257092321
0.471238898,1.806415776,-2352912.617,0.2147455015
0.471238898,1.884955592,-2308510.353,0.204882958
0.471238898,1.963495408,-2268477.919,0.1963039821
0.471238898,2.042035225,-2233940.651,0.1891500142
0.471238898,2.120575041,-2205893.579,0.1835249048
0.471238898,2.199114858,-2185162.77,0.179499435
0.471238898,2.277654674,-2172371.73,0.177116203
0.471238898,2.35619449,-2167914.985,0.1763941085
0.471238898,2.434734307,-2171940.575,0.177331781
0.471238898,2.513274123,-2184342.663,0.1799094887
0.471238898,2.591813939,-2204764.798,0.1840892953
0.471238898,2.670353756,-2232613.689,0.189813495
0.471238898,2.748893572,-2267082.669,0.1970016071
0.471238898,2.827433388,-2307183.392,0.2055464389
0.471238898,2.905973205,-2351783.836,0.215309892
0.471238898,2.984513021,-2399650.336,0.2261192858
0.471238898,3.063052837,-2449491.215,0.2377649791
0.471238898,3.141592654,-2499999.658,0.25
0.6283185307,0,-2499999.658,0.25
0.6283185307,0.07853981634,-2566155.431,0.2667324148
0.6283185307,0.1570796327,-2629616.23,0.2835858215
0.6283185307,0.235619449,-2688915.972,0.300096967
0.6283185307,0.3141592654,-2742759.219,0.3157769336
0.6283185307,0.3926990817,-2790036.947,0.3301312397
0.6283185307,0.471238898,-2829832.642,0.3426826254
0.6283185307,0.5497787144,-2861420.622,0.3529949234
0.6283185307,0.6283185307,-2884259.024,0.3606962415
0.6283185307,0.7068583471,-2897980.052,0.3654996673
0.6283185307,0.7853981634,-2902379.986,0.3672198558
0.6283185307,0.8639379797,-2897411.071,0.365784158
0.6283185307,0.9424777961,-2883176.757,0.3612373748
0.6283185307,1.021017612,-2859931.009,0.3537397295
0.6283185307,1.099557429,-2828081.498,0.3435581975
0.6283185307,1.178097245,-2788195.685,0.3310518707
0.6283185307,1.256637061,-2741008.074,0.3166525057
0.6283185307,1.335176878,-2687426.36,0.3008417731
0.6283185307,1.413716694,-2628533.963,0.2841269548
0.6283185307,1.49225651,-2565586.449,0.2670169054
0.6283185307,1.570796327,-2499999.658,0.25
0.6283185307,1.649336143,-2433327.969,0.2335255435
0.6283185307,1.727875959,-2367231.959,0.2179897424
0.6283185307,1.806415776,-2303435.663,0.2037268731
0.6283185307,1.884955592,-2243674.677,0.1910057766
0.6283185307,1.963495408,-2189637.29,0.1800312995
0.6283185307,2.042035225,-2142901.702,0.1709498607
0.6283185307,2.120575041,-2104872.918,0.1638579648
0.6283185307,2.199114858,-2076723.272,0.1588122686
0.6283185307,2.277654674,-2059340.462,0.1558397336
0.6283185307,2.35619449,-2053286.649,0.1549464847
0.6283185307,2.434734307,-2058771.481,0.1561242242
0.6283185307,2.513274123,-2075641.005,0.1593534019
0.6283185307,2.591813939,-2103383.306,0.1646027709
0.6283185307,2.670353756,-2141150.558,0.1718254328
0.6283185307,2.748893572,-2187796.028,0.1809519305
0.6283185307,2.827433388,-2241923.533,0.1918813487
0.6283185307,2.905973205,-2301946.051,0.2044716793
0.6283185307,2.984513021,-2366149.692,0.2185308757
0.6283185307,3.063052837,-2432758.987,0.2338100342
0.6283185307,3.141592654,-2499999.658,0.25
0.7853981634,0,-2499999.658,0.25
0.7853981634,0.07853981634,-2582152.735,0.2709052347
0.7853981634,0.1570796327,-2660638.419,0.2921179694
0.7853981634,0.235619449,-2733679.577,0.3130381526
0.7853981634,0.3141592654,-2799737.526,0.3330207446
0.7853981634,0.3926990817,-2857524.48,0.351404317
0.7853981634,0.471238898,-2906002.102,0.3675439208
0.7853981634,0.5497787144,-2944369.425,0.3808457894
0.7853981634,0.6283185307,-2972044.13,0.3908011794
0.7853981634,0.7068583471,-2988641.417,0.3970166356
0.7853981634,0.7853981634,-2993954.436,0.3992381979
0.7853981634,0.8639379797,-2987939.623,0.3973675327
0.7853981634,0.9424777961,-2970709.239,0.3914686253
0.7853981634,1.021017612,-2942532.104,0.3817644499
0.7853981634,1.099557429,-2903842.202,0.368623871
0.7853981634,1.178097245,-2855253.427,0.3525398438
0.7853981634,1.256637061,-2797577.626,0.3341006947
0.7853981634,1.335176878,-2731842.256,0.3139568131
0.7853981634,1.413716694,-2659303.527,0.2927854153
0.7853981634,1.49225651,-2581450.941,0.2712561318
0.7853981634,1.570796327,-2499999.658,0.25
0.7853981634,1.649336143,-2416868.016,0.2295840477
0.7853981634,1.727875959,-2334138.838,0.2104930602
0.7853981634,1.806415776,-2254004.639,0.1931193973
0.7853981634,1.884955592,-2178698.419,0.1777609409
0.7853981634,1.963495408,-2110413.248,0.1646264767
0.7853981634,2.042035225,-2051215.104,0.1538471342
0.7853981634,2.120575041,-2002954.352,0.1454919805
0.7853981634,2.199114858,-1967181.747,0.13958554
0.7853981634,2.277654674,-1945074.77,0.1361249286
0.7853981634,2.35619449,-1937379.599,0.1350944429
0.7853981634,2.434734307,-1944372.976,0.1364758257
0.7853981634,2.513274123,-1965846.855,0.1402529859
0.7853981634,2.591813939,-2001117.031,0.1464106409
0.7853981634,2.670353756,-2049055.203,0.1549270843
0.7853981634,2.748893572,-2108142.195,0.1657620034
0.7853981634,2.827433388,-2176538.519,0.1788408911
0.7853981634,2.905973205,-2252167.318,0.1940380578
0.7853981634,2.984513021,-2332803.946,0.2111605061
0.7853981634,3.063052837,-2416166.222,0.2299349448
0.7853981634,3.141592654,-2499999.658,0.25
0.9424777961,0,-2499999.658,0.25
0.9424777961,0.07853981634,-2597839.784,0.2750470939
0.9424777961,0.1570796327,-2690934.23,0.300645711
0.9424777961,0.235619449,-2777217.819,0.3260519698
0.9424777961,0.3141592654,-2854940.619,0.3504529556
0.9424777961,0.3926990817,-2922674.358,0.3730050746
0.9424777961,0.471238898,-2979300.067,0.3928785885
0.9424777961,0.5497787144,-3023981.905,0.4093049094
0.9424777961,0.6283185307,-3056133.075,0.4216228577
0.9424777961,0.7068583471,-3075380.015,0.4293200714
0.9424777961,0.7853981634,-3081530.669,0.432066086
0.9424777961,0.8639379797,-3074551.625,0.4297342666
0.9424777961,0.9424777961,-3054557.383,0.4224107037
0.9424777961,1.021017612,-3021813.151,0.4103892864
0.9424777961,1.099557429,-2976750.543,0.3941533502
0.9424777961,1.178097245,-2919993.631,0.3743454383
0.9424777961,1.256637061,-2852391.096,0.3517277173
0.9424777961,1.335176878,-2775049.065,0.3271363468
0.9424777961,1.413716694,-2689358.538,0.301433557
0.9424777961,1.49225651,-2597011.394,0.275461289
0.9424777961,1.570796327,-2499999.658,0.25
0.9424777961,1.649336143,-2400594.044,0.2257356502
0.9424777961,1.727875959,-2301299.594,0.203237035
0.9424777961,1.806415776,-2204788.384,0.1829445863
0.9424777961,1.884955592,-2113811.499,0.1651706435
0.9424777961,1.963495408,-2031094.611,0.1501100991
0.9424777961,2.042035225,-1959223.345,0.1378593639
0.9424777961,2.120575041,-1900525.882,0.1284408552
0.9424777961,2.199114858,-1856960.968,0.1218297791
0.9424777961,2.277654674,-1830019.42,0.117979869
0.9424777961,2.35619449,-1820646.498,0.1168449888
0.9424777961,2.434734307,-1829191.03,0.1183940641
0.9424777961,2.513274123,-1855385.276,0.1226176251
0.9424777961,2.591813939,-1898357.128,0.1295252322
0.9424777961,2.670353756,-1956673.821,0.1391341255
0.9424777961,2.748893572,-2028413.883,0.1514504628
0.9424777961,2.827433388,-2111261.975,0.1664454051
0.9424777961,2.905973205,-2202619.63,0.1840289634
0.9424777961,2.984513021,-2299723.902,0.204024881
0.9424777961,3.063052837,-2399765.653,0.2261498453
0.9424777961,3.141592654,-2499999.658,0.25
1.099557429,0,-2499999.658,0.25
1.099557429,0.07853981634,-2613172.264,0.2791442393
1.099557429,0.1570796327,-2720424.171,0.3091378576
1.099557429,0.235619449,-2819425.181,0.3390869626
1.099557429,0.3141592654,-2908245.409,0.3680001835
1.099557429,0.3926990817,-2985353.093,0.3948379379
1.099557429,0.471238898,-3049588.163,0.418570102
1.099557429,0.5497787144,-3100118.514,0.438237524
1.099557429,0.6283185307,-3136387.118,0.4530123283
1.099557429,0.7068583471,-3158058.471,0.4622519347
1.099557429,0.7853981634,-3164972.283,0.465542169
1.099557429,0.8639379797,-3157110.873,0.4627257335
1.099557429,0.9424777961,-3134584.68,0.4539135472
1.099557429,1.021017612,-3097637.672,0.4394779453
1.099557429,1.099557429,-3046671.758,0.4200283048
1.099557429,1.178097245,-2982286.603,0.396371183
1.099557429,1.256637061,-2905329.004,0.3694583862
1.099557429,1.335176878,-2816944.338,0.340327384
1.099557429,1.413716694,-2718621.733,0.3100390765
1.099557429,1.49225651,-2612224.666,0.2796180381
1.099557429,1.570796327,-2499999.658,0.25
1.099557429,1.649336143,-2384557.498,0.2219905378
1.099557429,1.727875959,-2268823.893,0.1962377686
1.099557429,1.806415776,-2155959.288,0.1732204608
1.099557429,1.884955592,-2049250.635,0.1532514526
1.099557429,1.963495408,-1951980.738,0.1364948045
1.099557429,2.042035225,-1867283.286,0.1229938315
1.099557429,2.120575041,-1797993.384,0.112706185
1.099557429,2.199114858,-1746504.376,0.1055415828
1.099557429,2.277654674,-1714641.644,0.1013976656
1.099557429,2.35619449,-1703563.084,0.1001898061
1.099557429,2.434734307,-1713694.047,0.1018714644
1.099557429,2.513274123,-1744701.938,0.1064428017
1.099557429,2.591813939,-1795512.541,0.1139466063
1.099557429,2.670353756,-1864366.88,0.1244520342
1.099557429,2.748893572,-1948914.248,0.1380280497
1.099557429,2.827433388,-2046334.229,0.1547096554
1.099557429,2.905973205,-2153478.446,0.1744608821
1.099557429,2.984513021,-2267021.455,0.1971389874
1.099557429,3.063052837,-2383609.9,0.2224643366
1.099557429,3.141592654,-2499999.658,0.25
1.256637061,0,-2499999.658,0.25
1.256637061,0.07853981634,-2628107.462,0.2831828236
1.256637061,0.1570796327,-2749033.143,0.3175624176
1.256637061,0.235619449,-2860204.324,0.3520896356
1.256637061,0.3141592654,-2959541.45,0.3855853777
1.256637061,0.3926990817,-3045444.607,0.416801821
1.256637061,0.471238898,-3116750.086,0.4444945559
1.256637061,0.5497787144,-3172665.905,0.4674997984
1.256637061,0.6283185307,-3212696.962,0.4848102173
1.256637061,0.7068583471,-3236570.918,0.4956428933
1.256637061,0.7853981634,-3244175.074,0.4994935114
1.256637061,0.8639379797,-3235512.636,0.4961720344
1.256637061,0.9424777961,-3210683.99,0.4858167033
1.256637061,1.021017612,-3169895.286,0.4688851076
1.256637061,1.099557429,-3113493.029,0.4461230846
1.256637061,1.178097245,-3042019.934,0.4185141574
1.256637061,1.256637061,-2956284.393,0.3872139064
1.256637061,1.335176878,-2857433.705,0.3534749448
1.256637061,1.413716694,-2747020.171,0.3185689036
1.256637061,1.49225651,-2627049.18,0.2837119646
1.256637061,1.570796327,-2499999.658,0.25
1.256637061,1.649336143,-2368809.542,0.2183583324
1.256637061,1.727875959,-2236822.079,0.1895096293
1.256637061,1.806415776,-2107692.451,0.163961635
1.256637061,1.884955592,-1985258.109,0.1420145004
1.256637061,1.963495408,-1873379.887,0.1237855904
1.256637061,2.042035225,-1775764.11,0.109248004
1.256637061,2.120575041,-1695778.199,0.09827780798
1.256637061,2.199114858,-1636273.402,0.09070425912
1.256637061,2.277654674,-1599428.284,0.08635716406
1.256637061,2.35619449,-1586625.251,0.08510598403
1.256637061,2.434734307,-1598370.002,0.08688630509
1.256637061,2.513274123,-1634260.43,0.09171074518
1.256637061,2.591813939,-1693007.58,0.09966311719
1.256637061,2.670353756,-1772507.053,0.1108765327
1.256637061,2.748893572,-1869955.214,0.1254979267
1.256637061,2.827433388,-1982001.052,0.1436430291
1.256637061,2.905973205,-2104921.833,0.1653469442
1.256637061,2.984513021,-2234809.107,0.1905161154
1.256637061,3.063052837,-2367751.26,0.2188874734
1.256637061,3.141592654,-2499999.658,0.25
1.413716694,0,-2499999.658,0.25
1.413716694,0.07853981634,-2642604.364,0.2871489679
1.413716694,0.1570796327,-2776690.531,0.3258867733
1.413716694,0.235619449,-2899466.064,0.3650047883
1.413716694,0.3141592654,-3008730.73,0.4031283426
1.413716694,0.3926990817,-3102849.789,0.438790849
1.413716694,0.471238898,-3180690.901,0.4705215859
1.413716694,0.5497787144,-3241535.998,0.4969399183
1.413716694,0.6283185307,-3284981.631,0.5168479594
1.413716694,0.7068583471,-3310841.744,0.5293136477
1.413716694,0.7853981634,-3319065.748,0.5337369498
1.413716694,0.8639379797,-3309682.39,0.5298933247
1.413716694,0.9424777961,-3282776.409,0.5179505706
1.413716694,1.021017612,-3238500.77,0.4984575324
1.413716694,1.099557429,-3177122.776,0.4723056483
1.413716694,1.178097245,-3099098.041,0.4406667232
1.413716694,1.256637061,-3005162.606,0.404912405
1.413716694,1.335176878,-2896430.836,0.3665224024
1.413716694,1.413716694,-2774485.309,0.3269893845
1.413716694,1.49225651,-2641445.01,0.2877286449
1.413716694,1.570796327,-2499999.658,0.25
1.413716694,1.649336143,-2353400.858,0.214848079
1.413716694,1.727875959,-2205404.671,0.1830652835
1.413716694,1.806415776,-2060164.802,0.1551794365
1.413716694,1.884955592,-1922080.45,0.1314657255
1.413716694,1.963495408,-1795607.426,0.1119802018
1.413716694,2.042035225,-1685045.101,0.09661007124
1.413716694,2.120575041,-1594314.524,0.08513447867
1.413716694,2.199114858,-1526744.543,0.07728861142
1.413716694,2.277654674,-1484882.674,0.07282380135
1.413716694,2.35619449,-1470345.869,0.07155690012
1.413716694,2.434734307,-1483723.32,0.07340347834
1.413716694,2.513274123,-1524539.321,0.07839122259
1.413716694,2.591813939,-1591279.296,0.08665209275
1.413716694,2.670353756,-1681476.976,0.09839413358
1.413716694,2.748893572,-1791855.677,0.1138560759
1.413716694,2.827433388,-1918512.325,0.1332497878
1.413716694,2.905973205,-2057129.574,0.1566970506
1.413716694,2.984513021,-2203199.449,0.1841678947
1.413716694,3.063052837,-2352241.504,0.215427756
1.413716694,3.141592654,-2499999.658,0.25
1.570796327,0,-2499999.658,0.25
1.570796327,0.07853981634,-2656623.74,0.2910288277
1.570796327,0.1570796327,-2803330.255,0.3340778712
1.570796327,0.235619449,-2937129.287,0.3777758762
1.570796327,0.3141592654,-3055727.36,0.4205463039
1.570796327,0.3926990817,-3157485.909,0.4606951474
1.570796327,0.471238898,-3241336.167,0.496515376
1.570796327,0.5497787144,-3306664.83,0.5263992923
1.570796327,0.6283185307,-3353187.092,0.548949155
1.570796327,0.7068583471,-3380824.068,0.5630763867
1.570796327,0.7853981634,-3389600.334,0.568080584
1.570796327,0.8639379797,-3379574.295,0.5637012735
1.570796327,0.9424777961,-3350809.881,0.5501377603
1.570796327,1.021017612,-3303392.881,0.5280352671
1.570796327,1.099557429,-3237489.759,0.4984385797
1.570796327,1.178097245,-3153441.557,0.4627173235
1.570796327,1.256637061,-3051880.953,0.4224695076
1.570796327,1.335176878,-2933857.338,0.379411851
1.570796327,1.413716694,-2800953.044,0.3352664765
1.570796327,1.49225651,-2655373.967,0.2916537145
1.570796327,1.570796327,-2499999.658,0.25
1.570796327,1.649336143,-2338381.442,0.2114682393
1.570796327,1.727875959,-2174681.839,0.1769157401
1.570796327,1.806415776,-2013554.165,0.1468820557
1.570796327,1.884955592,-1859967.016,0.1216061661
1.570796327,1.963495408,-1718983.931,0.1010695907
1.570796327,2.042035225,-1595513.248,0.08505957498
1.570796327,2.120575041,-1494046.592,0.07324465448
1.570796327,2.199114858,-1418406.212,0.06525385146
1.570796327,2.277654674,-1371521.273,0.06075060107
1.570796327,2.35619449,-1355251.326,0.0594932443
1.570796327,2.434734307,-1370271.499,0.06137548784
1.570796327,2.513274123,-1416029.001,0.06644245673
1.570796327,2.591813939,-1490774.643,0.0748806293
1.570796327,2.670353756,-1591666.84,0.08698277872
1.570796327,2.748893572,-1714939.579,0.1030917667
1.570796327,2.827433388,-1856120.608,0.1235293698
1.570796327,2.905973205,-2010282.215,0.1485180305
1.570796327,2.984513021,-2172304.628,0.1781043454
1.570796327,3.063052837,-2337131.668,0.2120931261
1.570796327,3.141592654,-2499999.658,0.25
1.727875959,0,-2499999.658,0.25
1.727875959,0.07853981634,-2670128.224,0.2948086607
1.727875959,0.1570796327,-2828890.787,0.3421024201
1.727875959,0.235619449,-2973120.794,0.3903453945
1.727875959,0.3141592654,-3100457.16,0.437754514
1.727875959,0.3926990817,-3209285.884,0.4824016867
1.727875959,0.471238898,-3298630.866,0.5223357397
1.727875959,0.5497787144,-3368011.173,0.5557138447
1.727875959,0.6283185307,-3417284.616,0.58093103
1.727875959,0.7068583471,-3446497.939,0.596736355
1.727875959,0.7853981634,-3455762.329,0.6023253821
1.727875959,0.8639379797,-3445169.383,0.5974006331
1.727875959,0.9424777961,-3414757.551,0.5821945621
1.727875959,1.021017612,-3364532.967,0.5574529475
1.727875959,1.099557429,-3294541.99,0.5243801777
1.727875959,1.178097245,-3204986.586,0.484551336
1.727875959,1.256637061,-3096368.284,0.4397989519
1.727875959,1.335176878,-2969642.589,0.3920844973
1.727875959,1.413716694,-2826363.723,0.3433659523
1.727875959,1.49225651,-2668799.668,0.2954729388
1.727875959,1.570796327,-2499999.658,0.25
1.727875959,1.649336143,-2323800.394,0.2082266882
1.727875959,1.727875959,-2144762.867,0.1710704107
1.727875959,1.806415776,-1968038.285,0.1390747238
1.727875959,1.884955592,-1799168.528,0.1124322998
1.727875959,1.963495408,-1643833.175,0.09103844171
1.727875959,2.042035225,-1507560.72,0.07456812588
1.727875959,2.120575041,-1395425.681,0.06256738669
1.727875959,2.199114858,-1311755.381,0.05454863025
1.727875959,2.277654674,-1259870.078,0.05007929515
1.727875959,2.35619449,-1241877.877,0.04885417325
1.727875959,2.434734307,-1258541.521,0.05074357331
1.727875959,2.513274123,-1309228.316,0.05581216241
1.727875959,2.591813939,-1391947.476,0.0643064895
1.727875959,2.670353756,-1503471.844,0.07661256385
1.727875959,2.748893572,-1639533.877,0.093188091
1.727875959,2.827433388,-1795079.653,0.1144767378
1.727875959,2.905973205,-1964560.08,0.1408138266
1.727875959,2.984513021,-2142235.803,0.1723339428
1.727875959,3.063052837,-2322471.838,0.2088909664
1.727875959,3.141592654,-2499999.658,0.25
1.884955592,0,-2499999.658,0.25
1.884955592,0.07853981634,-2683082.375,0.2984748954
1.884955592,0.1570796327,-2853315.149,0.3499270981
1.884955592,0.235619449,-3007375.092,0.4026552792
1.884955592,0.3141592654,-3142857.15,0.4546668893
1.884955592,0.3926990817,-3258197.417,0.5037951751
1.884955592,0.471238898,-3352538.17,0.5478392653
1.884955592,0.5497787144,-3425554.953,0.5847153858
1.884955592,0.6283185307,-3477268.929,0.6126059844
1.884955592,0.7068583471,-3507868.3,0.6300935164
1.884955592,0.7853981634,-3517560.6,0.6362668843
1.884955592,0.8639379797,-3506473.521,0.6307909058
1.884955592,0.9424777961,-3474615.902,0.6139324978
1.884955592,1.021017612,-3421903.374,0.5865411749
1.884955592,1.099557429,-3348245.482,0.5499856091
1.884955592,1.178097245,-3253683.818,0.5060519746
1.884955592,1.256637061,-3138564.463,0.4568132331
1.884955592,1.335176878,-3003723.514,0.4044810683
1.884955592,1.413716694,-2850662.122,0.3512536115
1.884955592,1.49225651,-2681687.597,0.2991722848
1.884955592,1.570796327,-2499999.658,0.25
1.884955592,1.649336143,-2309705.719,0.2051307152
1.884955592,1.727875959,-2115755.609,0.1655371811
1.884955592,1.806415776,-1923793.831,0.1317599173
1.884955592,1.884955592,-1739935.537,0.1039364253
1.884955592,1.963495408,-1570480.036,0.08186575697
1.884955592,2.042035225,-1421582.225,0.0651001956
1.884955592,2.120575041,-1298906.987,0.05305330263
1.884955592,2.199114858,-1207294.074,0.04511217265
1.884955592,2.277654674,-1150460.87,0.04074155721
1.884955592,2.35619449,-1130767.79,0.03956857878
1.884955592,2.434734307,-1149066.091,0.04143894659
1.884955592,2.513274123,-1204641.047,0.04643868608
1.884955592,2.591813939,-1295255.409,0.05487909173
1.884955592,2.670353756,-1417289.537,0.06724653941
1.884955592,2.748893572,-1565966.437,0.08412255641
1.884955592,2.827433388,-1735642.849,0.1060827691
1.884955592,2.905973205,-1920142.253,0.1335857064
1.884955592,2.984513021,-2113102.582,0.1668636946
1.884955592,3.063052837,-2308310.94,0.2058281046
1.884955592,3.141592654,-2499999.658,0.25
2.042035225,0,-2499999.658,0.25
2.042035225,0.07853981634,-2695452.74,0.3020142022
2.042035225,0.1570796327,-2876550.87,0.3575187657
2.042035225,0.235619449,-3039834.132,0.4146473248
2.042035225,0.3141592654,-3182874.967,0.4711966752
2.042035225,0.3926990817,-3304182.02,0.5247589924
2.042035225,0.471238898,-3403038.07,0.5728805138
2.042035225,0.5497787144,-3479295.511,0.6132330482
2.042035225,0.6283185307,-3533156.163,0.6437832165
2.042035225,0.7068583471,-3564962.746,0.6629442991
2.042035225,0.7853981634,-3575027.068,0.6696969904
2.042035225,0.8639379797,-3563515.164,0.6636680905
2.042035225,0.9424777961,-3530402.697,0.6451599495
2.042035225,1.021017612,-3475505.69,0.6151279586
2.042035225,1.099557429,-3398582.868,0.5751081145
2.042035225,1.178097245,-3299497.544,0.5271012305
2.042035225,1.256637061,-3178419.766,0.473424276
2.042035225,1.335176878,-3036044.311,0.4165422352
2.042035225,1.413716694,-2873797.404,0.3588954987
2.042035225,1.49225651,-2694005.157,0.3027379936
2.042035225,1.570796327,-2499999.658,0.25
2.042035225,1.649336143,-2296144.114,0.2021870287
2.042035225,1.727875959,-2087765.924,0.1603224951
2.042035225,1.806415776,-1880995.367,0.1249375836
2.042035225,1.884955592,-1682516.841,0.09610707881
2.042035225,1.963495408,-1499248.328,0.07352549151
2.042035225,2.042035225,-1337972.27,0.05661397468
2.042035225,2.120575041,-1204946.377,0.04464566659
2.042035225,2.199114858,-1105525.719,0.0368755007
2.042035225,2.277654674,-1043827.31,0.03266033124
2.042035225,2.35619449,-1022465.361,0.03155645362
2.042035225,2.434734307,-1042379.727,0.03338412261
2.042035225,2.513274123,-1102772.253,0.03825223369
2.042035225,2.591813939,-1201156.556,0.04654057699
2.042035225,2.670353756,-1333517.068,0.05884157546
2.042035225,2.748893572,-1494563.852,0.07586772959
2.042035225,2.827433388,-1678061.639,0.09833467959
2.042035225,2.905973205,-1877205.546,0.126832494
2.042035225,2.984513021,-2085012.458,0.1616992281
2.042035225,3.063052837,-2294696.532,0.2029108201
2.042035225,3.141592654,-2499999.658,0.25
2.199114858,0,-2499999.658,0.25
2.199114858,0.07853981634,-2707207.894,0.3054135634
2.199114858,0.1570796327,-2898549.93,0.3648446839
2.199114858,0.235619449,-3070447.004,0.4262636126
2.199114858,0.3141592654,-3220468.204,0.4872571301
2.199114858,0.3926990817,-3347213.952,0.5451761522
2.199114858,0.471238898,-3450125.873,0.5973132574
2.199114858,0.5497787144,-3529249.706,0.6410947716
2.199114858,0.6283185307,-3584981.649,0.6742704033
2.199114858,0.7068583471,-3617829.111,0.6950834008
2.199114858,0.7853981634,-3628214.22,0.7024058093
2.199114858,0.8639379797,-3616342.931,0.6958264911
2.199114858,0.9424777961,-3582154.765,0.6756838449
2.199114858,1.021017612,-3525358.835,0.6430402071
2.199114858,1.099557429,-3445551.88,0.599600254
2.199114858,1.178097245,-3342404.571,0.5475808427
2.199114858,1.256637061,-3215894.211,0.4895441267
2.199114858,1.335176878,-3066556.133,0.4282090481
2.199114858,1.413716694,-2895723.047,0.3662581255
2.199114858,1.49225651,-2705721.714,0.3061566536
2.199114858,1.570796327,-2499999.658,0.25
2.199114858,1.649336143,-2283160.768,0.1994017635
2.199114858,1.727875959,-2060897.125,0.1554314465
2.199114858,1.806415776,-1839814.313,0.1186053867
2.199114858,1.884955592,-1627157.888,0.08892948215
2.199114858,1.963495408,-1430458.598,0.0659872309
2.199114858,2.042035225,-1257122.36,0.04906228437
2.199114858,2.120575041,-1113997.057,0.0372815053
2.199114858,2.199114858,-1006951.401,0.02976273028
2.199114858,2.277654674,-940500.9261,0.02575123902
2.199114858,2.35619449,-917512.8024,0.02473033793
2.199114858,2.434734307,-939014.7456,0.02649432927
2.199114858,2.513274123,-1004124.518,0.03117617192
2.199114858,2.591813939,-1110106.186,0.03922694083
2.199114858,2.670353756,-1252548.366,0.05134928099
2.199114858,2.748893572,-1425649.217,0.06839192146
2.199114858,2.827433388,-1622583.894,0.09121647878
2.199114858,2.905973205,-1835923.442,0.1205508222
2.199114858,2.984513021,-2058070.242,0.1568448882
2.199114858,3.063052837,-2281674.587,0.2001448538
2.199114858,3.141592654,-2499999.658,0.25
2.35619449,0,-2499999.658,0.25
2.35619449,0.07853981634,-2718318.489,0.308660344
2.35619449,0.1570796327,-2919268.672,0.3718727329
2.35619449,0.235619449,-3099169.591,0.4374469453
2.35619449,0.3141592654,-3255603.696,0.5027622226
2.35619449,0.3926990817,-3387279.063,0.5649302848
2.35619449,0.471238898,-3493810.611,0.6209917452
2.35619449,0.5497787144,-3575449.908,0.6681288218
2.35619449,0.6283185307,-3632797.569,0.7038754195
2.35619449,0.7068583471,-3666532.907,0.7263056376
2.35619449,0.7853981634,-3677192.481,0.7341835526
2.35619449,0.8639379797,-3665023.048,0.7270605672
2.35619449,0.9424777961,-3629925.647,0.7053113808
2.35619449,1.021017612,-3571497.046,0.670105253
2.35619449,1.099557429,-3489163.743,0.6233151795
2.35619449,1.178097245,-3382393.056,0.5673732882
2.35619449,1.256637061,-3250956.827,0.5050856569
2.35619449,1.335176878,-3095216.729,0.4394233766
2.35619449,1.413716694,-2916396.749,0.3733086942
2.35619449,1.49225651,-2716808.63,0.3094152736
2.35619449,1.570796327,-2499999.658,0.25
2.35619449,1.649336143,-2270799.156,0.1967804913
2.35619449,1.727875959,-2035249.416,0.1508678808
2.35619449,1.806415776,-1800417.901,0.1127589668
2.35619449,1.884955592,-1574099.149,0.08238601324
2.35619449,1.963495408,-1364425.88,0.05921690203
2.35619449,2.042035225,-1179418.153,0.04239353085
2.35619449,2.120575041,-1026506.197,0.03089278413
2.35619449,2.199114858,-912066.0595,0.02369242466
2.35619449,2.277654674,-841007.0378,0.01992404839
2.35619449,2.35619449,-816446.0757,0.01899682795
2.35619449,2.434734307,-839497.1787,0.02067897796
2.35619449,2.513274123,-909194.1368,0.02512838603
2.35619449,2.591813939,-1022553.335,0.0328692154
2.35619449,2.670353756,-1174771.285,0.04471696515
2.35619449,2.748893572,-1359539.874,0.06165990543
2.35619449,2.827433388,-1569452.28,0.08470944754
2.35619449,2.905973205,-1796465.038,0.114735398
2.35619449,2.984513021,-2032377.494,0.1523038422
2.35619449,3.063052837,-2269289.297,0.1975354209
2.35619449,3.141592654,-2499999.658,0.25
2.513274123,0,-2499999.658,0.25
2.513274123,0.07853981634,-2728757.277,0.3117423618
2.513274123,0.1570796327,-2938667.703,0.3785716327
2.513274123,0.235619449,-3125964.184,0.4481412844
2.513274123,0.3141592654,-3288256.752,0.5176273345
2.513274123,0.3926990817,-3424373.577,0.5839066297
2.513274123,0.471238898,-3534113.357,0.6437719812
2.513274123,0.5497787144,-3617941.894,0.6941653258
2.513274123,0.6283185307,-3676670.522,0.7324080763
2.513274123,0.7068583471,-3711154.661,0.7564078127
2.513274123,0.7853981634,-3722047.462,0.7648224487
2.513274123,0.8639379797,-3709636.677,0.7571668047
2.513274123,0.9424777961,-3673783.145,0.7338517649
2.513274123,1.021017612,-3613967.76,0.6961523927
2.513274123,1.099557429,-3529441.483,0.6461079184
2.513274123,1.178097245,-3419461.278,0.5863627795
2.513274123,1.256637061,-3283584.877,0.5199632718
2.513274123,1.335176878,-3121990.05,0.4501283513
2.513274123,1.413716694,-2935780.326,0.3800153213
2.513274123,1.49225651,-2727239.293,0.3125013539
2.513274123,1.570796327,-2499999.658,0.25
2.513274123,1.649336143,-2259100.847,0.194328234
2.513274123,1.727875959,-2010919.342,0.1466345024
2.513274123,1.806415776,-1762968.136,0.1073922137
2.513274123,1.884955592,-1523574.503,0.07645669635
2.513274123,1.963495408,-1301457.462,0.05317750931
2.513274123,2.042035225,-1105236.615,0.03655269096
2.513274123,2.120575041,-942911.5317,0.02540761989
2.513274123,2.199114858,-821354.6649,0.01857898889
2.513274123,2.277654674,-745860.6613,0.01508418499
2.513274123,2.35619449,-719790.7001,0.0142581288
2.513274123,2.434734307,-744342.6773,0.01584317702
2.513274123,2.513274123,-818467.2876,0.02002267752
2.513274123,2.591813939,-938937.3978,0.02739468682
2.513274123,2.670353756,-1100564.741,0.03888862823
2.513274123,2.748893572,-1296545.162,0.05563365911
2.513274123,2.827433388,-1518902.629,0.07879263362
2.513274123,2.905973205,-1758994.002,0.1093792806
2.513274123,2.984513021,-2008031.965,0.1480781911
2.513274123,3.063052837,-2257582.863,0.195087226
2.513274123,3.141592654,-2499999.658,0.25
2.670353756,0,-2499999.658,0.25
2.670353756,0.07853981634,-2738499.137,0.314647956
2.670353756,0.1570796327,-2956711.775,0.3849111613
2.670353756,0.235619449,-3150799.085,0.4582921862
2.670353756,0.3141592654,-3318410.359,0.5317699631
2.670353756,0.3926990817,-3458502.846,0.6019930281
2.670353756,0.471238898,-3571065.505,0.6655130056
2.670353756,0.5497787144,-3656782.692,0.7190378118
2.670353756,0.6283185307,-3716679.012,0.7596818657
2.670353756,0.7068583471,-3751787.185,0.7851905921
2.670353756,0.7853981634,-3762877.163,0.7941186656
2.670353756,0.8639379797,-3750277.182,0.7859455938
2.670353756,0.9424777961,-3713806.815,0.7611179642
2.670353756,1.021017612,-3652829.453,0.7210144318
2.670353756,1.099557429,-3566418.193,0.6678366618
2.670353756,1.178097245,-3453616.372,0.6044362647
2.670353756,1.256637061,-3313763.046,0.5340936193
2.670353756,1.335176878,-3146845.845,0.4602688061
2.670353756,1.413716694,-2953839.578,0.3863472597
2.670353756,1.49225651,-2736989.134,0.3154029576
2.670353756,1.570796327,-2499999.658,0.25
2.670353756,1.649336143,-2248105.31,0.1920494781
2.670353756,1.727875959,-1987999.244,0.1427329869
2.670353756,1.806415776,-1727620.768,0.1024975456
2.670353756,1.884955592,-1475809.629,0.07111970134
2.670353756,1.963495408,-1241850.648,0.04782988328
2.670353756,2.042035225,-1034943.174,0.03148231363
2.670353756,2.120575041,-863637.9763,0.02075151245
2.670353756,2.199114858,-735288.4036,0.0143340852
2.670353756,2.277654674,-655562.4156,0.01113426647
2.670353756,2.35619449,-628057.5626,0.01041363042
2.670353756,2.434734307,-654052.4123,0.01188926811
2.670353756,2.513274123,-732416.2067,0.01577018366
2.670353756,2.591813939,-859684.7364,0.02272813241
2.670353756,2.670353756,-1030295.861,0.03380596975
2.670353756,2.748893572,-1236964.175,0.05027311992
2.670353756,2.827433388,-1471162.317,0.07344335746
2.670353756,2.905973205,-1723667.528,0.1044741656
2.670353756,2.984513021,-1985127.048,0.1441690853
2.670353756,3.063052837,-2246595.307,0.1928044797
2.670353756,3.141592654,-2499999.658,0.25
2.827433388,0,-2499999.658,0.25
2.827433388,0.07853981634,-2747521.092,0.3173660538
2.827433388,0.1570796327,-2973369.653,0.3908623687
2.827433388,0.235619449,-3173648.18,0.4678472315
2.827433388,0.3141592654,-3346054.36,0.5451104144
2.827433388,0.3926990817,-3489680.056,0.6190809045
2.827433388,0.471238898,-3604707.009,0.6860781617
2.827433388,0.5497787144,-3692038.391,0.7425847315
2.827433388,0.6283185307,-3752910.913,0.7855156858
2.827433388,0.7068583471,-3788532.814,0.8124603606
2.827433388,0.7853981634,-3799789.121,0.8218742104
2.827433388,0.8639379797,-3787047.364,0.8132030858
2.827433388,0.9424777961,-3750085.419,0.7869284331
2.827433388,1.021017612,-3688149.432,0.7445292113
2.827433388,1.099557429,-3600135.262,0.6883640348
2.827433388,1.178097245,-3484873.038,0.6214844137
2.827433388,1.256637061,-3341482.614,0.5473962875
2.827433388,1.335176878,-3169759.22,0.4697917113
2.827433388,1.413716694,-2970544.158,0.392275116
2.827433388,1.49225651,-2746035.641,0.318108779
2.827433388,1.570796327,-2499999.658,0.25
2.827433388,1.649336143,-2237849.732,0.189948192
2.827433388,1.727875959,-1966576.734,0.1391640958
2.827433388,1.806415776,-1694524.285,0.09806619418
2.827433388,1.884955592,-1431020.429,0.06635184916
2.827433388,1.963495408,-1185890.579,0.04313343611
2.827433388,2.042035225,-968888.9286,0.02712352823
2.827433388,2.120575041,-789094.2972,0.01684858297
2.827433388,2.199114858,-654320.923,0.01086805485
2.827433388,2.277654674,-570594.4968,0.007975642792
2.827433388,2.35619449,-541738.7976,0.007361489312
2.827433388,2.434734307,-569109.0464,0.008718367983
2.827433388,2.513274123,-651495.4285,0.01228080212
2.827433388,2.591813939,-785205.3376,0.01879306277
2.827433388,2.670353756,-964317.1825,0.02940940132
2.827433388,2.748893572,-1181083.561,0.04553694531
2.827433388,2.827433388,-1426448.683,0.06863772226
2.827433388,2.905973205,-1690635.326,0.100010674
2.827433388,2.984513021,-1963751.24,0.140576843
2.827433388,3.063052837,-2236364.282,0.1906909172
2.827433388,3.141592654,-2499999.658,0.25
2.984513021,0,-2499999.658,0.25
2.984513021,0.07853981634,-2755802.316,0.3198862354
2.984513021,0.1570796327,-2988613.972,0.3963977856
2.984513021,0.235619449,-3194490.506,0.4767564445
2.984513021,0.3141592654,-3371184.623,0.5575724809
2.984513021,0.3926990817,-3517924.945,0.6350662273
2.984513021,0.471238898,-3635084.625,0.7053363362
2.984513021,0.5497787144,-3723781.948,0.7646509527
2.984513021,0.6283185307,-3785460.934,0.8097355323
2.984513021,0.7068583471,-3821500.647,0.8380310408
2.984513021,0.7853981634,-3832897.578,0.8478987943
2.984513021,0.8639379797,-3820056.7,0.8387530144
2.984513021,0.9424777961,-3782714.384,0.8111088076
2.984513021,1.021017612,-3720001.646,0.766541104
2.984513021,1.099557429,-3630640.613,0.7075583423
2.984513021,1.178097245,-3513252.234,0.6374025828
2.984513021,1.256637061,-3366740.611,0.5597944871
2.984513021,1.335176878,-3190710.204,0.4786465958
2.984513021,1.413716694,-2985867.422,0.3977710609
2.984513021,1.49225651,-2754358.369,0.320608209
2.984513021,1.570796327,-2499999.658,0.25
2.984513021,1.649336143,-2228368.841,0.188027844
2.984513021,1.727875959,-1946734.185,0.1359277939
2.984513021,1.806415776,-1663818.945,0.09408848821
2.984513021,1.884955592,-1389411.501,0.06212911519
2.984513021,1.963495408,-1133848.094,0.03904691199
2.984513021,2.042035225,-907407.9297,0.02341704498
2.984513021,2.120575041,-719669.8609,0.01362280162
2.984513021,2.199114858,-578884.6649,0.008091327063
2.984513021,2.277654674,-491416.7451,0.005509922187
2.984513021,2.35619449,-461303.7613,0.005000195218
2.984513021,2.434734307,-489972.798,0.006231895742
2.984513021,2.513274123,-576138.1142,0.009464602371
2.984513021,2.591813939,-715889.5583,0.01551295292
2.984513021,2.670353756,-902963.9174,0.02563905111
2.984513021,2.748893572,-1129175.383,0.04138326749
2.984513021,2.827433388,-1384967.489,0.06435112131
2.984513021,2.905973205,-1660038.642,0.09597863952
2.984513021,2.984513021,-1943987.634,0.1373010692
2.984513021,3.063052837,-2226924.894,0.1887498175
2.984513021,3.141592654,-2499999.658,0.25
3.141592654,0,-2499999.658,0.25
3.141592654,0.07853981634,-2763324.144,0.3221987951
3.141592654,0.1570796327,-3002421.094,0.4014916233
3.141592654,0.235619449,-3213309.816,0.484972697
3.141592654,0.3141592654,-3393802.209,0.5690840964
3.141592654,0.3926990817,-3543262.515,0.6498504369
3.141592654,0.471238898,-3662250.172,0.7231631602
3.141592654,0.5497787144,-3752091.028,0.785089204
3.141592654,0.6283185307,-3814428.118,0.8321761368
3.141592654,0.7068583471,-3850803.827,0.8617258556
3.141592654,0.7853981634,-3862320.685,0.872011638
3.141592654,0.8639379797,-3849418.62,0.8624184589
3.141592654,0.9424777961,-3811793.298,0.8334935464
3.141592654,1.021017612,-3748464.511,0.7869024628
3.141592654,1.099557429,-3657986.945,0.7252947737
3.141592654,1.178097245,-3538779.893,0.652091748
3.141592654,1.256637061,-3389538.982,0.57121571
3.141592654,1.335176878,-3209683.299,0.4867859557
3.141592654,1.413716694,-2999786.275,0.4028090329
3.141592654,1.49225651,-2761938.938,0.3228913984
3.141592654,1.570796327,-2499999.658,0.25
3.141592654,1.649336143,-2219694.74,0.1862914207
3.141592654,1.727875959,-1928548.246,0.133023365
3.141592654,1.806415776,-1635635.837,0.09055413433
3.141592654,1.884955592,-1351174.668,0.05842712349
3.141592654,1.963495408,-1085977.682,0.03552912311
3.141592654,2.042035225,-850814.5549,0.02030413508
3.141592654,2.120575041,-655731.5025,0.01099918943
3.141592654,2.199114858,-509387.3307,0.005915797977
3.141592654,2.277654674,-418462.8515,0.003640464345
3.141592654,2.35619449,-387195.1483,0.00323010431
3.141592654,2.434734307,-417077.6451,0.004333067566
3.141592654,2.513274123,-506752.5115,0.007233207591
3.141592654,2.591813939,-652104.9849,0.0128124482
3.141592654,2.670353756,-846551.3278,0.02243574861
3.141592654,2.748893572,-1081495.06,0.03777043421
3.141592654,2.827433388,-1346911.441,0.06055873702
3.141592654,2.905973205,-1632009.32,0.09236739311
3.141592654,2.984513021,-1925913.426,0.1343407746
3.141592654,3.063052837,-2218309.534,0.1869840239
3.141592654,3.141592654,-2499999.658,0.25
3.298672286,0,-2499999.658,0.25
3.298672286,0.07853981634,-2770070.069,0.3242947998
3.298672286,0.1570796327,-3014770.951,0.4061199647
3.298672286,0.235619449,-3230094.143,0.4924520945
3.298672286,0.3141592654,-3413912.559,0.5795779622
3.298672286,0.3926990817,-3565721.788,0.6633413355
3.298672286,0.471238898,-3686258.831,0.7394421588
3.298672286,0.5497787144,-3777045.902,0.8037614589
3.298672286,0.6283185307,-3839913.413,0.8526825357
3.298672286,0.7068583471,-3876556.904,0.8833790163
3.298672286,0.7853981634,-3888177.793,0.8940432002
3.298672286,0.8639379797,-3875247.87,0.8840335333
3.298672286,0.9424777961,-3837423.482,0.853927501
3.298672286,1.021017612,-3773618.806,0.8054750066
3.298672286,1.099557429,-3682230.039,0.741456555
3.298672286,1.178097245,-3561485.665,0.665459397
3.298672286,1.256637061,-3409883.766,0.5815923584
3.298672286,1.335176878,-3226667.047,0.4941656423
3.298672286,1.413716694,-3012281.021,0.40736493
3.298672286,1.49225651,-2768761.035,0.3249493168
3.298672286,1.570796327,-2499999.658,0.25
3.298672286,1.649336143,-2211856.753,0.1847414469
3.298672286,1.727875959,-1912089.384,0.1304495256
3.298672286,1.806415776,-1610096.004,0.08745249032
3.298672286,1.884955592,-1316487.579,0.05522162725
3.298672286,1.963495408,-1042515.532,0.03253966305
3.298672286,2.042035225,-799401.0098,0.0177275795
3.298672286,2.120575041,-597620.5363,0.008904980916
3.298672286,2.199114858,-446208.507,0.00425616353
3.298672286,2.277654674,-352136.7359,0.002273823029
3.298672286,2.35619449,-319825.2848,0.001954919878
3.298672286,2.434734307,-350827.7019,0.002928340025
3.298672286,2.513274123,-443718.5764,0.005501128838
3.298672286,2.591813939,-594193.4408,0.01061852866
3.298672286,2.670353756,-795372.2175,0.01974197569
3.298672286,2.748893572,-1038279.409,0.03465772454
3.298672286,2.827433388,-1312458.787,0.05723602344
3.298672286,2.905973205,-1606668.909,0.08916603806
3.298672286,2.984513021,-1909599.454,0.1316944909
3.298672286,3.063052837,-2210547.719,0.1853959639
3.298672286,3.141592654,-2499999.658,0.25
3.455751919,0,-2499999.658,0.25
3.455751919,0.07853981634,-2776025.736,0.3261661428
3.455751919,0.1570796327,-3025646.897,0.4102609425
3.455751919,0.235619449,-3244835.373,0.4991543383
3.455751919,0.3141592654,-3431524.706,0.5889921352
3.455751919,0.3926990817,-3585334.597,0.6754539227
3.455751919,0.471238898,-3707167.518,0.7540658334
3.455751919,0.5497787144,-3798727.423,0.8205402388
3.455751919,0.6283185307,-3862017.342,0.871111549
3.455751919,0.7068583471,-3898873.302,0.9028373134
3.455751919,0.7853981634,-3910586.846,0.9138368088
3.455751919,0.8639379797,-3897657.972,0.9034449785
3.455751919,0.9424777961,-3859705.647,0.8722673966
3.455751919,1.021017612,-3795545.648,0.8221311266
3.455751919,1.099557429,-3703427.116,0.7559360342
3.455751919,1.178097245,-3581401.706,0.6774203682
3.455751919,1.256637061,-3427784.304,0.590862336
3.455751919,1.335176878,-3241653.597,0.5007452261
3.455751919,1.413716694,-3023335.201,0.4114167902
3.455751919,1.49225651,-2774810.406,0.3267738079
3.455751919,1.570796327,-2499999.658,0.25
3.455751919,1.649336143,-2204881.284,0.1833800051
3.455751919,1.727875959,-1897421.463,0.1282045357
3.455751919,1.806415776,-1587309.613,0.08477282723
3.455751919,1.884955592,-1285512.405,0.05248896787
3.455751919,1.963495408,-1003677.7,0.03003958768
3.455751919,2.042035225,-753434.9856,0.01563257365
3.455751919,2.120575041,-545649.9536,0.007270731782
3.455751919,2.199114858,-389696.4993,0.003031189163
3.455751919,2.277654674,-292809.1486,0.001321120231
3.455751919,2.35619449,-259572.649,0.001083102874
3.455751919,2.434734307,-291593.8185,0.001928785297
3.455751919,2.513274123,-387384.804,0.004187036804
3.455751919,2.591813939,-542468.1781,0.008861619578
3.455751919,2.670353756,-749694.5841,0.01750277442
3.455751919,2.748893572,-999744.8088,0.03200603314
3.455751919,2.827433388,-1281772.003,0.05435916864
3.455751919,2.905973205,-1584127.837,0.08636371503
3.455751919,2.984513021,-1895109.768,0.1293603834
3.455751919,3.063052837,-2203665.954,0.1839876702
3.455751919,3.141592654,-2499999.658,0.25
3.612831552,0,-2499999.658,0.25
3.612831552,0.07853981634,-2781178.938,0.3278055935
3.612831552,0.1570796327,-3035035.553,0.4138949047
3.612831552,0.235619449,-3257528.843,0.5050430617
3.612831552,0.3141592654,-3446650.524,0.5972705758
3.612831552,0.3926990817,-3602134.44,0.6861111746
3.612831552,0.471238898,-3725033.338,0.7669366703
3.612831552,0.5497787144,-3817215.125,0.8353098278
3.612831552,0.6283185307,-3880837.809,0.8873331579
3.612831552,0.7068583471,-3917862.937,0.9199615993
3.612831552,0.7853981634,-3929661.934,0.9312501786
3.612831552,0.8639379797,-3916758.846,0.9205136448
3.612831552,0.9424777961,-3878737.703,0.8883832108
3.612831552,1.021017612,-3814324.577,0.8367551016
3.612831552,1.099557429,-3721635.296,0.7686356915
3.612831552,1.178097245,-3598561.527,0.6878976312
3.612831552,1.256637061,-3443252.481,0.598969597
3.612831552,1.335176878,-3254638.296,0.5064883355
3.612831552,1.413716694,-3032935.447,0.4149449576
3.612831552,1.49225651,-2780074.848,0.328357639
3.612831552,1.570796327,-2499999.658,0.25
3.612831552,1.649336143,-2198791.682,0.1822087544
3.612831552,1.727875959,-1884601.346,0.1262863037
3.612831552,1.806415776,-1567375.195,0.08250457726
3.612831552,1.884955592,-1258394.626,0.05020650763
3.612831552,1.963495408,-969658.4163,0.02799205562
3.612831552,2.042035225,-713157.4838,0.01396757746
3.612831552,2.120575041,-500101.8191,0.006031359214
3.612831552,2.199114858,-340165.3906,0.002164901566
3.612831552,2.277654674,-240814.512,0.0006993354464
3.612831552,2.35619449,-206778.6376,0.0005291949852
3.612831552,2.434734307,-239710.421,0.001251380907
3.612831552,2.513274123,-338065.2848,0.003214954431
3.612831552,2.591813939,-497211.2716,0.007476632994
3.612831552,2.670353756,-709759.4413,0.01566659869
3.612831552,2.748893572,-966085.503,0.02977851226
3.612831552,2.827433388,-1254996.584,0.05190552886
3.612831552,2.905973205,-1564484.648,0.08394985104
3.612831552,2.984513021,-1882501.241,0.1273363566
3.612831552,3.063052837,-2197687.591,0.1827607998
3.612831552,3.141592654,-2499999.658,0.25
3.769911184,0,-2499999.658,0.25
3.769911184,0.07853981634,-2785519.602,0.3292068426
3.769911184,0.1570796327,-3042926.668,0.4170045641
3.769911184,0.235619449,-3268172.955,0.5100861364
3.769911184,0.3141592654,-3459304.023,0.6043636466
3.769911184,0.3926990817,-3616155.422,0.6952447536
3.769911184,0.471238898,-3739912.155,0.77796806
3.769911184,0.5497787144,-3832585.446,0.8479673815
3.769911184,0.6283185307,-3896468.05,0.9012317627
3.769911184,0.7068583471,-3933629.997,0.9346281417
3.769911184,0.7853981634,-3945511.018,0.9461567985
3.769911184,0.8639379797,-3932654.589,0.9351158461
3.769911184,0.9424777961,-3894612.712,0.9021594316
3.769911184,1.021017612,-3830031.793,0.849244208
3.769911184,1.099557429,-3736910.156,0.7794690597
3.769911184,1.178097245,-3612998.933,0.696822998
3.769911184,1.256637061,-3456302.024,0.6058646462
3.769911184,1.335176878,-3265619.302,0.511362963
3.769911184,1.413716694,-3041071.331,0.4179322329
3.769911184,1.49225651,-2784544.193,0.329694547
3.769911184,1.570796327,-2499999.658,0.25
3.769911184,1.649336143,-2193608.13,0.1812289494
3.769911184,1.727875959,-1873678.55,0.1246924846
3.769911184,1.806415776,-1550378.96,0.08063756408
3.769911184,1.884955592,-1235261.94,0.04835303052
3.769911184,1.963495408,-940628.5476,0.02636292047
3.769911184,2.042035225,-678780.8415,0.0126851005
3.769911184,2.120575041,-461224.9053,0.005127101821
3.769911184,2.199114858,-297892.3671,0.00158768787
3.769911184,2.277654674,-196448.0488,0.0003324945012
3.769911184,2.35619449,-161744.6266,0.0002150384772
3.769911184,2.434734307,-195472.6401,0.0008201988552
3.769911184,2.513274123,-296037.0295,0.002515356677
3.769911184,2.591813939,-458671.2521,0.006403928396
3.769911184,2.670353756,-675778.8422,0.01418610016
3.769911184,2.748893572,-937472.0587,0.02794116491
3.769911184,2.827433388,-1232259.94,0.04985403019
3.769911184,2.905973205,-1547825.307,0.08191439065
3.769911184,2.984513021,-1871823.213,0.1256201534
3.769911184,3.063052837,-2192632.722,0.1817166538
3.769911184,3.141592654,-2499999.658,0.25
3.926990817,0,-2499999.658,0.25
3.926990817,0.07853981634,-2789039.773,0.3303645409
3.926990817,0.1570796327,-3049312.978,0.419575132
3.926990817,0.235619449,-3276768.817,0.5142559449
3.926990817,0.3141592654,-3469500.706,0.6102285572
3.926990817,0.3926990817,-3627431.269,0.7027956431
3.926990817,0.471238898,-3751857.278,0.7870851206
3.926990817,0.5497787144,-3844910.122,0.8584239176
3.926990817,0.6283185307,-3908994.789,0.912707308
3.926990817,0.7068583471,-3946270.939,0.9467298347
3.926990817,0.7853981634,-3958233.869,0.9584471718
3.926990817,0.8639379797,-3945441.467,0.9471445711
3.926990817,0.9424777961,-3907417.038,0.9134961835
3.926990817,1.021017612,-3842738.535,0.8595097115
3.926990817,1.099557429,-3749304.424,0.7883615478
3.926990817,1.178097245,-3624747.039,0.7041377581
3.926990817,1.256637061,-3466947.851,0.6115049845
3.926990817,1.335176878,-3274597.229,0.5153417388
3.926990817,1.413716694,-3047735.227,0.4203640074
3.926990817,1.49225651,-2788210.301,0.3307792773
3.926990817,1.570796327,-2499999.658,0.25
3.926990817,1.649336143,-2189347.545,0.1804414581
3.926990817,1.727875959,-1864694.934,0.1234205702
3.926990817,1.806415776,-1536394.185,0.07916221238
3.926990817,1.884955592,-1216223.285,0.04690910566
3.926990817,1.963495408,-916734.2283,0.02512126687
3.926990817,2.042035225,-650486.9745,0.01174241198
3.926990817,2.120575041,-429232.5858,0.004504387317
3.926990817,2.199114858,-263115.336,0.001237288847
3.926990817,2.277654674,-159963.2227,0.0001527435321
3.926990817,2.35619449,-124729.3501,7.087813076e-05
3.926990817,2.434734307,-159133.75,0.0005674798857
3.926990817,2.513274123,-261537.5851,0.00202616427
3.926990817,2.591813939,-427060.9981,0.005590181187
3.926990817,2.670353756,-647934.12,0.01301883923
3.926990817,2.748893572,-914049.9982,0.0264633819
3.926990817,2.827433388,-1213670.431,0.04818553291
3.926990817,2.905973205,-1534222.597,0.08024800625
3.926990817,2.984513021,-1863117.183,0.1242094457
3.926990817,3.063052837,-2188518.072,0.1808561944
3.926990817,3.141592654,-2499999.658,0.25
4.08407045,0,-2499999.658,0.25
4.08407045,0.07853981634,-2791733.606,0.3312743338
4.08407045,0.1570796327,-3054190.078,0.4215944331
4.08407045,0.235619449,-3283319.923,0.5175296177
4.08407045,0.3141592654,-3477256.988,0.6148297526
4.08407045,0.3926990817,-3635994.471,0.7087147002
4.08407045,0.471238898,-3760918.302,0.7942254142
4.08407045,0.5497787144,-3854254.752,0.8666051818
4.08407045,0.6283185307,-3918496.585,0.9216762644
4.08407045,0.7068583471,-3955872.702,0.9561772556
4.08407045,0.7853981634,-3967920.231,0.9680298993
4.08407045,0.8639379797,-3955206.133,0.9565105399
4.08407045,0.9424777961,-3917228.696,0.9223102089
4.08407045,1.021017612,-3852509.652,0.8674777315
4.08407045,1.099557429,-3758866.814,0.7952511578
4.08407045,1.178097245,-3633837.409,0.7097932309
4.08407045,1.256637061,-3475205.501,0.6158554962
4.08407045,1.335176878,-3281574.823,0.5184021674
4.08407045,1.413716694,-3052922.189,0.4222283775
4.08407045,1.49225651,-2791067.038,0.3316076181
4.08407045,1.570796327,-2499999.658,0.25
4.08407045,1.649336143,-2186023.486,0.1798467779
4.08407045,1.727875959,-1857684.432,0.1224679703
4.08407045,1.806415776,-1525480.69,0.07806973436
4.08407045,1.884955592,-1201368.005,0.04585740944
4.08407045,1.963495408,-898095.6767,0.02423988471
4.08407045,2.042035225,-628425.8521,0.01110216783
4.08407045,2.120575041,-404301.0066,0.004116598072
4.08407045,2.199114858,-236030.8554,0.001059674591
4.08407045,2.277654674,-131569.5151,0.0001012954459
4.08407045,2.35619449,-95946.62466,3.633204331e-05
4.08407045,2.434734307,-130902.9464,0.000434579764
4.08407045,2.513274123,-234762.9665,0.001693619036
4.08407045,2.591813939,-402555.9072,0.004989147745
4.08407045,2.670353756,-626374.3647,0.01212791148
4.08407045,2.748893572,-895938.6153,0.02531841542
4.08407045,2.827433388,-1199316.517,0.0468831531
4.08407045,2.905973205,-1523735.59,0.07894228404
4.08407045,2.984513021,-1856416.543,0.1231019148
4.08407045,3.063052837,-2185356.918,0.1801800622
4.08407045,3.141592654,-2499999.658,0.25
4.241150082,0,-2499999.658,0.25
4.241150082,0.07853981634,-2793597.341,0.3319328885
4.241150082,0.1570796327,-3057556.307,0.4230530014
4.241150082,0.235619449,-3287831.866,0.5198892312
4.241150082,0.3141592654,-3482589.692,0.6181392367
4.241150082,0.3926990817,-3641875.517,0.7129631195
4.241150082,0.471238898,-3767140.098,0.799339549
4.241150082,0.5497787144,-3860677.56,0.8724523732
4.241150082,0.6283185307,-3925042.42,0.9280724531
4.241150082,0.7068583471,-3962511.17,0.962899552
4.241150082,0.7853981634,-3974648.255,0.9748325874
4.241150082,0.8639379797,-3962024.092,0.9631430911
4.241150082,0.9424777961,-3924115.942,0.9285356919
4.241150082,1.021017612,-3859402.374,0.8730899667
4.241150082,1.099557429,-3765641.025,0.8000890851
4.241150082,1.178097245,-3640299.299,0.7137512283
4.241150082,1.256637061,-3481090.62,0.6188887727
4.241150082,1.335176878,-3286556.679,0.5205268246
4.241150082,1.413716694,-3056629.83,0.4235162402
4.241150082,1.49225651,-2793110.263,0.3321764276
4.241150082,1.570796327,-2499999.658,0.25
4.241150082,1.649336143,-2183646.096,0.1794450511
4.241150082,1.727875959,-1852672.84,0.1218320832
4.241150082,1.806415776,-1517684.407,0.07735229083
4.241150082,1.884955592,-1190765.147,0.0451830024
4.241150082,1.963495408,-884806.211,0.02369567528
4.241150082,2.042035225,-612714.2281,0.01073294697
4.241150082,2.120575041,-386567.5611,0.003924725045
4.241150082,2.199114858,-216792.4086,0.001009791991
4.241150082,2.277654674,-111430.5695,0.0001292374528
4.241150082,2.35619449,-75563.44985,6.121975642e-05
4.241150082,2.434734307,-110943.4915,0.0003727764797
4.241150082,2.513274123,-215865.9311,0.001473030748
4.241150082,2.591813939,-385292.3742,0.004562318495
4.241150082,2.670353756,-611215.156,0.01148248302
4.241150082,2.748893572,-883229.9933,0.02448378413
4.241150082,2.827433388,-1189266.074,0.04593253845
4.241150082,2.905973205,-1516409.22,0.07798988428
4.241150082,2.984513021,-1851746.362,0.1222953219
4.241150082,3.063052837,-2183159.018,0.1796885901
4.241150082,3.141592654,-2499999.658,0.25
4.398229715,0,-2499999.658,0.25
4.398229715,0.07853981634,-2794629.288,0.3323379163
4.398229715,0.1570796327,-3059412.647,0.4239441562
4.398229715,0.235619449,-3290312.098,0.521321965
4.398229715,0.3141592654,-3485515.623,0.620136832
4.398229715,0.3926990817,-3645102.272,0.7155128031
4.398229715,0.471238898,-3770561.98,0.8023916615
4.398229715,0.5497787144,-3864228.381,0.8759227263
4.398229715,0.6283185307,-3928690.523,0.9318477066
4.398229715,0.7068583471,-3966249.913,0.966845154
4.398229715,0.7853981634,-3978483.19,0.9788025778
4.398229715,0.8639379797,-3965958.436,0.9669908926
4.398229715,0.9424777961,-3928136.1,0.932124918
4.398229715,1.021017612,-3863465.283,0.8763042751
4.398229715,1.099557429,-3769664.905,0.802840199
4.398229715,1.178097245,-3644159.032,0.7159844234
4.398229715,1.256637061,-3484618.548,0.6205853695
4.398229715,1.335176878,-3289549,0.5217035138
4.398229715,1.413716694,-3058858.224,0.4242213677
4.398229715,1.49225651,-2794337.811,0.332483655
4.398229715,1.570796327,-2499999.658,0.25
4.398229715,1.649336143,-2182222.039,0.1792360779
4.398229715,1.727875959,-1849677.647,0.1215103549
4.398229715,1.806415776,-1513037.039,0.07700312453
4.398229715,1.884955592,-1184462.916,0.04487355692
4.398229715,1.963495408,-876931.47,0.02346998445
4.398229715,2.042035225,-603434.6348,0.01060969019
4.398229715,2.120575041,-376129.6801,0.003897902245
4.398229715,2.199114858,-205509.0321,0.001052175087
4.398229715,2.277654674,-99662.71736,0.0001981900911
4.398229715,2.35619449,-63698.49792,0.0001062378871
4.398229715,2.434734307,-99371.24,0.0003439287731
4.398229715,2.513274123,-204954.6092,0.001329386534
4.398229715,2.591813939,-375366.5824,0.004279451068
4.398229715,2.670353756,-602537.5597,0.01105822774
4.398229715,2.748893572,-875988.2294,0.02394160473
4.398229715,2.827433388,-1183565.841,0.04532209446
4.398229715,2.905973205,-1512273.942,0.07738467335
4.398229715,2.984513021,-1849123.225,0.1217875663
4.398229715,3.063052837,-2181930.562,0.1793818166
4.398229715,3.141592654,-2499999.658,0.25
4.555309348,0,-2499999.658,0.25
4.555309348,0.07853981634,-2794829.809,0.3324881871
4.555309348,0.1570796327,-3059762.632,0.4242640568
4.555309348,0.235619449,-3290769.732,0.5218202176
4.555309348,0.3141592654,-3486051.233,0.6208103703
4.555309348,0.3926990817,-3645699.482,0.7163466357
4.555309348,0.471238898,-3771217.052,0.8033597728
4.555309348,0.5497787144,-3864947.858,0.8769899424
4.555309348,0.6283185307,-3929487.468,0.9329723593
4.555309348,0.7068583471,-3967139.201,0.9679823013
4.555309348,0.7853981634,-3979476.387,0.9799074874
4.555309348,0.8639379797,-3967058.865,0.9680224695
4.555309348,0.9424777961,-3929334.659,0.9330487637
4.555309348,1.021017612,-3864737.534,0.877095104
4.555309348,1.099557429,-3770969.802,0.8034833977
4.555309348,1.178097245,-3645439.508,0.7164766226
4.555309348,1.256637061,-3485803.983,0.6209339952
4.555309348,1.335176878,-3290559.409,0.5219253792
4.555309348,1.413716694,-3059609.823,0.4243404612
4.555309348,1.49225651,-2794749.473,0.3325283553
4.555309348,1.570796327,-2499999.658,0.25
4.555309348,1.649336143,-2181754.477,0.179219328
4.555309348,1.727875959,-1848707.917,0.1215003266
4.555309348,1.806415776,-1511555.821,0.07701666407
4.555309348,1.884955592,-1182488.277,0.04491953329
4.555309348,1.963495408,-874508.8464,0.02354885876
4.555309348,2.042035225,-600634.6471,0.0107140365
4.555309348,2.120575041,-373043.9447,0.004013815449
4.555309348,2.199114858,-202244.3099,0.001161411161
4.555309348,2.277654674,-96333.89512,0.0002808100113
4.555309348,2.35619449,-60421.00623,0.000143475305
4.555309348,2.434734307,-96253.55879,0.000320978177
4.555309348,2.513274123,-202091.5011,0.001237815553
4.555309348,2.591813939,-372833.6215,0.004118977072
4.555309348,2.670353756,-600387.3973,0.0108376614
4.555309348,2.748893572,-874248.8726,0.02367884567
4.555309348,2.827433388,-1182241.027,0.0450431582
4.555309348,2.905973205,-1511345.498,0.07712182569
4.555309348,2.984513021,-1848555.109,0.121576731
4.555309348,3.063052837,-2181674.141,0.1792594961
4.555309348,3.141592654,-2499999.658,0.25
4.71238898,0,-2499999.658,0.25
4.71238898,0.07853981634,-2794201.295,0.3323835383
4.71238898,0.1570796327,-3058612.282,0.4240117357
4.71238898,0.235619449,-3289215.39,0.5213816772
4.71238898,0.3141592654,-3484212.367,0.6201558118
4.71238898,0.3926990817,-3643688.412,0.7154586556
4.71238898,0.471238898,-3769131.743,0.8022360137
4.71238898,0.5497787144,-3862866.882,0.875644462
4.71238898,0.6283185307,-3927467.528,0.9314355571
4.71238898,0.7068583471,-3965215.316,0.9662993777
4.71238898,0.7853981634,-3977664.592,0.9781355505
4.71238898,0.8639379797,-3965361,0.9662265357
4.71238898,0.9424777961,-3927744.636,0.9312970034
4.71238898,1.021017612,-3863248.288,0.8754537592
4.71238898,1.099557429,-3769580.112,0.8020118291
4.71238898,1.178097245,-3644159.856,0.7152229339
4.71238898,1.256637061,-3484660.736,0.6199316271
4.71238898,1.335176878,-3289596.796,0.5211909743
4.71238898,1.413716694,-3058889.389,0.4238731819
4.71238898,1.49225651,-2794346.979,0.3323106963
4.71238898,1.570796327,-2499999.658,0.25
4.71238898,1.649336143,-2182243.045,0.1793939497
4.71238898,1.727875959,-1849764.224,0.1217996698
4.71238898,1.806415776,-1513243.376,0.07738859813
4.71238898,1.884955592,-1184846.721,0.04531430268
4.71238898,1.963495408,-877547.1493,0.02392322225
4.71238898,2.042035225,-604326.4403,0.0110345535
4.71238898,2.120575041,-377325.5502,0.00425898074
4.71238898,2.199114858,-207015.7616,0.001322457273
4.71238898,2.277654674,-101462.9856,0.0003611306709
4.71238898,2.35619449,-65750.10228,0.0001567617834
4.71238898,2.434734307,-101608.6697,0.000288288651
4.71238898,2.513274123,-207292.8691,0.001183903518
4.71238898,2.591813939,-377706.9559,0.004068277856
4.71238898,2.670353756,-604774.8097,0.01081036881
4.71238898,2.748893572,-878018.5927,0.02368750052
4.71238898,2.827433388,-1185295.091,0.045090118
4.71238898,2.905973205,-1513624.782,0.07719789525
4.71238898,2.984513021,-1850041.331,0.121661116
4.71238898,3.063052837,-2182388.729,0.1793211077
4.71238898,3.141592654,-2499999.658,0.25
4.869468613,0,-2499999.658,0.25
4.869468613,0.07853981634,-2792748.151,0.3320248768
4.869468613,0.1570796327,-3055970.043,0.4231891096
4.869468613,0.235619449,-3285661.104,0.5200093493
4.869468613,0.3141592654,-3480014.114,0.6181772926
4.869468613,0.3926990817,-3639086.639,0.7128541267
4.869468613,0.471238898,-3764325.536,0.7990267195
4.869468613,0.5497787144,-3858006.278,0.8718935804
4.869468613,0.6283185307,-3922652.325,0.9272453897
4.869468613,0.7068583471,-3960500.175,0.9618050531
4.869468613,0.7853981634,-3973069.554,0.9734957643
4.869468613,0.8639379797,-3960886.009,0.9616121362
4.869468613,0.9424777961,-3923386.224,0.92687844
4.869468613,1.021017612,-3859016.404,0.8713885174
4.869468613,1.099557429,-3765513.01,0.7984329824
4.869468613,1.178097245,-3640335.224,0.7122298345
4.869468613,1.256637061,-3481201.588,0.6175835555
4.869468613,1.335176878,-3286671.23,0.5195042864
4.869468613,1.413716694,-3056703.943,0.4228221599
4.869468613,1.49225651,-2793133.985,0.33183196
4.869468613,1.570796327,-2499999.658,0.25
4.869468613,1.649336143,-2183683.857,0.1797587774
4.869468613,1.727875959,-1852838.639,0.1224062074
4.869468613,1.806415776,-1518087.678,0.07811591766
4.869468613,1.884955592,-1191522.189,0.04605421432
4.869468613,1.963495408,-886026.4832,0.02458897071
4.869468613,2.042035225,-614486.6261,0.01156685825
4.869468613,2.120575041,-388948.1017,0.004628889023
4.869468613,2.199114858,-219794.6079,0.001530803278
4.869468613,2.277654674,-115019.5636,0.0004347369484
4.869468613,2.35619449,-79654.54343,0.0001418462173
4.869468613,2.434734307,-115405.3974,0.0002418200702
4.869468613,2.513274123,-220528.5073,0.00116385357
4.869468613,2.591813939,-389958.2275,0.004123826079
4.869468613,2.670353756,-615674.1003,0.01097312115
4.869468613,2.748893572,-887275.0674,0.02396467858
4.869468613,2.827433388,-1192709.663,0.04546047722
4.869468613,2.905973205,-1519097.804,0.07761085472
4.869468613,2.984513021,-1853572.538,0.1220392576
4.869468613,3.063052837,-2184069.69,0.1795658605
4.869468613,3.141592654,-2499999.658,0.25
5.026548246,0,-2499999.658,0.25
5.026548246,0.07853981634,-2790476.771,0.3314141739
5.026548246,0.1570796327,-3051846.757,0.4218009691
5.026548246,0.235619449,-3280120.267,0.5177115388
5.026548246,0.3141592654,-3473470.743,0.6148870999
5.026548246,0.3926990817,-3631907.98,0.7085495043
5.026548246,0.471238898,-3756810.897,0.7937523885
5.026548246,0.5497787144,-3850376.72,0.8657613997
5.026548246,0.6283185307,-3915050.745,0.9204288376
5.026548246,0.7068583471,-3953001.247,0.9545282273
5.026548246,0.7853981634,-3965697.955,0.9660178303
5.026548246,0.8639379797,-3953640.524,0.9542085889
5.026548246,0.9424777961,-3916266.722,0.9198208492
5.026548246,1.021017612,-3852050.368,0.8649245755
5.026548246,1.099557429,-3758778.389,0.7927686427
5.026548246,1.178097245,-3633976.723,0.7075151327
5.026548246,1.256637061,-3475438.235,0.6139033541
5.026548246,1.335176878,-3281793.916,0.5168747146
5.026548246,1.413716694,-3053062.734,0.4211929807
5.026548246,1.49225651,-2791116.048,0.3310945355
5.026548246,1.570796327,-2499999.658,0.25
5.026548246,1.649336143,-2186069.524,0.1803123364
5.026548246,1.727875959,-1857914.775,0.1233179228
5.026548246,1.806415776,-1526062.118,0.07919692694
5.026548246,1.884955592,-1202477.159,0.04713860762
5.026548246,1.963495408,-899898.3611,0.02554698367
5.026548246,2.042035225,-631056.3866,0.01231362839
5.026548246,2.120575041,-407843.7676,0.005128015741
5.026548246,2.199114858,-240505.938,0.001792480027
5.026548246,2.277654674,-136924.073,0.0005087719802
5.026548246,2.35619449,-102052.8986,0.000106402469
5.026548246,2.434734307,-137563.3498,0.0001891335774
5.026548246,2.513274123,-241721.9147,0.001184491656
5.026548246,2.591813939,-409517.416,0.004291191539
5.026548246,2.670353756,-633023.8783,0.01132988253
5.026548246,2.748893572,-901967.1043,0.02451261207
5.026548246,2.827433388,-1204444.651,0.04615486177
5.026548246,2.905973205,-1527735.766,0.07836010274
5.026548246,2.984513021,-1859130.752,0.1227099344
5.026548246,3.063052837,-2186708.801,0.179992698
5.026548246,3.141592654,-2499999.658,0.25
5.183627878,0,-2499999.658,0.25
5.183627878,0.07853981634,-2787395.523,0.3305544537
5.183627878,0.1570796327,-3046255.637,0.4198549453
5.183627878,0.235619449,-3272607.63,0.5145017871
5.183627878,0.3141592654,-3464595.738,0.6103055738
5.183627878,0.3926990817,-3622162.571,0.7025723004
5.183627878,0.471238898,-3746593.399,0.7864475097
5.183627878,0.5497787144,-3839978.908,0.857288623
5.183627878,0.6283185307,-3904659.153,0.9110315388
5.183627878,0.7068583471,-3942711.79,0.9445177789
5.183627878,0.7853981634,-3955541.644,0.9557518974
5.183627878,0.8639379797,-3943616.885,0.9440652318
5.183627878,0.9424777961,-3906380.745,0.910170743
5.183627878,1.021017612,-3842348.476,0.8561038392
5.183627878,1.099557429,-3749378.993,0.7850547128
5.183627878,1.178097245,-3625091.518,0.7011078271
5.183627878,1.256637061,-3467381.332,0.6089127769
5.183627878,1.335176878,-3274977.198,0.5133170033
5.183627878,1.413716694,-3047977.229,0.4189941495
5.183627878,1.49225651,-2788300.618,0.3301019066
5.183627878,1.570796327,-2499999.658,0.25
5.183627878,1.649336143,-2189389.193,0.1810528459
5.183627878,1.727875959,-1864967.878,0.1245329554
5.183627878,1.806415776,-1537125.666,0.08063122266
5.183627878,1.884955592,-1217652.895,0.04856976805
5.183627878,1.963495408,-919086.0394,0.0268030531
5.183627878,2.042035225,-653941.8941,0.01328450253
5.183627878,2.120575041,-433903.7735,0.00576969517
5.183627878,2.199114858,-269029.2628,0.002123912394
5.183627878,2.277654674,-167048.4182,0.0006017760995
5.183627878,2.35619449,-132814.1535,6.986290048e-05
5.183627878,2.434734307,-167953.5125,0.0001492289604
5.183627878,2.513274123,-270750.8544,0.001263116583
5.183627878,2.591813939,-436273.3411,0.004584911378
5.183627878,2.670353756,-656727.4878,0.01189170565
5.183627878,2.748893572,-922014.986,0.02533857979
5.183627878,2.827433388,-1220438.489,0.04717697117
5.183627878,2.905973205,-1539495.234,0.07944643886
5.183627878,2.984513021,-1866689.469,0.1236721596
5.183627878,3.063052837,-2190294.288,0.1806002987
5.183627878,3.141592654,-2499999.658,0.25
5.340707511,0,-2499999.658,0.25
5.340707511,0.07853981634,-2783514.726,0.3294497753
5.340707511,0.1570796327,-3039212.267,0.4173614556
5.340707511,0.235619449,-3263139.355,0.5103987664
5.340707511,0.3141592654,-3453401.925,0.6044609383
5.340707511,0.3926990817,-3609857.087,0.6949608453
5.340707511,0.471238898,-3733672.041,0.7771602569
5.340707511,0.5497787144,-3826803.978,0.8465321878
5.340707511,0.6283185307,-3891461.873,0.899117375
5.340707511,0.7068583471,-3929611.384,0.9318421206
5.340707511,0.7853981634,-3942578.2,0.9427681054
5.340707511,0.8639379797,-3930793.672,0.9312509766
5.340707511,0.9424777961,-3893710.718,0.8979929523
5.340707511,1.021017612,-3829899.248,0.8449845527
5.340707511,1.099557429,-3737310.75,0.7753409027
5.340707511,1.178097245,-3613683.051,0.6930478631
5.340707511,1.256637061,-3457040.633,0.6026415842
5.340707511,1.335176878,-3266234.625,0.5088511314
5.340707511,1.413716694,-3041461.113,0.4162370329
5.340707511,1.49225651,-2784697.014,0.3288586313
5.340707511,1.570796327,-2499999.658,0.25
5.340707511,1.649336143,-2193628.601,0.1819782192
5.340707511,1.727875959,-1873964.972,0.1260495827
5.340707511,1.806415776,-1551223.145,0.08241964174
5.340707511,1.884955592,-1236969.859,0.05035282828
5.340707511,1.963495408,-943485.0785,0.02836773057
5.340707511,2.042035225,-683015.0181,0.01449587225
5.340707511,2.120575041,-466979.2409,0.006575861566
5.340707511,2.199114858,-305199.4566,0.002551619528
5.340707511,2.277654674,-205216.9724,0.0007433603199
5.340707511,2.35619449,-171758.7435,6.308198704e-05
5.340707511,2.434734307,-206399.2604,0.0001522163195
5.340707511,2.513274123,-307448.302,0.001427196821
5.340707511,2.591813939,-470074.511,0.00502822648
5.340707511,2.670353756,-686653.7264,0.01267651809
5.340707511,2.748893572,-947311.0428,0.0264547484
5.340707511,2.827433388,-1240608.567,0.04853347412
5.340707511,2.905973205,-1554318.415,0.08087200666
5.340707511,2.984513021,-1876213.818,0.12492516
5.340707511,3.063052837,-2194810.889,0.1813870752
5.340707511,3.141592654,-2499999.658,0.25
5.497787144,0,-2499999.658,0.25
5.497787144,0.07853981634,-2778846.629,0.3281052078
5.497787144,0.1570796327,-3030734.619,0.4143336275
5.497787144,0.235619449,-3251733.109,0.5054261298
5.497787144,0.3141592654,-3439901.689,0.597389062
5.497787144,0.3926990817,-3594995.104,0.6857639514
5.497787144,0.471238898,-3718039.757,0.7659520559
5.497787144,0.5497787144,-3810834.145,0.8335647464
5.497787144,0.6283185307,-3875431.945,0.8847678822
5.497787144,0.7068583471,-3913666.76,0.916588565
5.497787144,0.7853981634,-3926771.779,0.927155935
5.497787144,0.8639379797,-3915136.545,0.9158536726
5.497787144,0.9424777961,-3878227.642,0.8833700338
5.497787144,1.021017612,-3814682.092,0.8316407731
5.497787144,1.099557429,-3722563.29,0.7636902896
5.497787144,1.178097245,-3599751.427,0.6833857896
5.497787144,1.256637061,-3444425.222,0.5951272957
5.497787144,1.335176878,-3255581.055,0.5035021565
5.497787144,1.413716694,-3033530.315,0.4129357791
5.497787144,1.49225651,-2780316.413,0.3273703154
5.497787144,1.570796327,-2499999.658,0.25
5.497787144,1.649336143,-2198770.146,0.1830860627
5.497787144,1.727875959,-1884865.062,0.1278661901
5.497787144,1.806415776,-1568285.59,0.08456417907
5.497787144,1.884955592,-1260328.272,0.05249561587
5.497787144,1.963495408,-972964.1204,0.03025609501
5.497787144,2.042035225,-718114.3122,0.01597056809
5.497787144,2.120575041,-506882.3587,0.007576660554
5.497787144,2.199114858,-348808.0759,0.003111766209
5.497787144,2.277654674,-251207.9913,0.0009737185229
5.497787144,2.35619449,-218660.001,0.0001278342506
5.497787144,2.434734307,-252677.7761,0.0002388261145
5.497787144,2.513274123,-351603.7728,0.001713917781
5.497787144,2.591813939,-510730.3053,0.005652687251
5.497787144,2.670353756,-722637.8447,0.01370880182
5.497787144,2.748893572,-977720.444,0.02787793322
5.497787144,2.827433388,-1264851.805,0.05023384961
5.497787144,2.905973205,-1572133.536,0.08264020577
5.497787144,2.984513021,-1887660.759,0.1264683417
5.497787144,3.063052837,-2200239.931,0.1823511703
5.497787144,3.141592654,-2499999.658,0.25
5.654866776,0,-2499999.658,0.25
5.654866776,0.07853981634,-2773405.394,0.3265267996
5.654866776,0.1570796327,-3020843.08,0.4107872024
5.654866776,0.235619449,-3238408.213,0.4996123198
5.654866776,0.3141592654,-3424107.283,0.589133151
5.654866776,0.3926990817,-3577577.592,0.6750404799
5.654866776,0.471238898,-3699684.108,0.7528970263
5.654866776,0.5497787144,-3792043.577,0.8184739958
5.654866776,0.6283185307,-3856532.149,0.8680814925
5.654866776,0.7068583471,-3894832.914,0.8988625094
5.654866776,0.7853981634,-3908074.267,0.9090233717
5.654866776,0.8639379797,-3896599.355,0.8979792891
5.654866776,0.9424777961,-3859892.119,0.8664015077
5.654866776,1.021017612,-3796668.179,0.816161695
5.654866776,1.099557429,-3705120.653,0.7501787537
5.654866776,1.178097245,-3583293.914,0.672182319
5.654866776,1.256637061,-3429543.828,0.5864148784
5.654866776,1.335176878,-3243032.815,0.497300019
5.654866776,1.413716694,-3024203.049,0.4091072175
5.654866776,1.49225651,-2775171.835,0.3256435793
5.654866776,1.570796327,-2499999.658,0.25
5.654866776,1.649336143,-2204792.979,0.1843736719
5.654866776,1.727875959,-1897619.374,0.1299812288
5.654866776,1.806415776,-1588230.713,0.08706787536
5.654866776,1.884955592,-1287608.834,0.05500844905
5.654866776,1.963495408,-1007365.878,0.03248744327
5.654866776,2.042035225,-759046.2703,0.01773744327
5.654866776,2.120575041,-553387.8791,0.008809935092
5.654866776,2.199114858,-399605.0428,0.003849570492
5.654866776,2.277654674,-304755.4171,0.001342984215
5.654866776,2.35619449,-273246.0024,0.0003161527596
5.654866776,2.434734307,-306521.8577,0.0004597639091
5.654866776,2.513274123,-402965.0125,0.002169585637
5.654866776,2.591813939,-558012.4806,0.00649763431
5.654866776,2.670353756,-764482.8155,0.01501917068
5.654866776,2.748893572,-1013082.2,0.02962928232
5.654866776,2.827433388,-1293045.379,0.05229017646
5.654866776,2.905973205,-1592855.314,0.08475557458
5.654866776,2.984513021,-1900979.344,0.128301244
5.654866776,3.063052837,-2206559.42,0.1834904516
5.654866776,3.141592654,-2499999.658,0.25
5.811946409,0,-2499999.658,0.25
5.811946409,0.07853981634,-2767207.075,0.3247215414
5.811946409,0.1570796327,-3009560.501,0.4067404191
5.811946409,0.235619449,-3223185.827,0.4929903379
5.811946409,0.3141592654,-3406031.209,0.5797433784
5.811946409,0.3926990817,-3557603.539,0.662858817
5.811946409,0.471238898,-3678588.141,0.7380813065
5.811946409,0.5497787144,-3770399.479,0.801361866
5.811946409,0.6283185307,-3834716.263,0.8491726142
5.811946409,0.7068583471,-3873054.49,0.8787864459
5.811946409,0.7853981634,-3886426.703,0.8884958919
5.811946409,0.8639379797,-3875125.535,0.8777509233
5.811946409,0.9424777961,-3838655.625,0.8472029332
5.811946409,1.021017612,-3775821.546,0.7986508326
5.811946409,1.099557429,-3684962.162,0.7348942956
5.811946409,1.178097245,-3564305.582,0.6595077955
5.811946409,1.256637061,-3412405.231,0.5765563675
5.811946409,1.335176878,-3228607.894,0.4902793046
5.811946409,1.413716694,-3013499.863,0.4047707381
5.811946409,1.49225651,-2769278.12,0.3236860188
5.811946409,1.570796327,-2499999.658,0.25
5.811946409,1.649336143,-2211673.106,0.185838026
5.811946409,1.727875959,-1912171.654,0.1323931614
5.811946409,1.806415776,-1610963.458,0.08993467791
5.811946409,1.884955592,-1318673.582,0.05790388409
5.811946409,1.963495408,-1046508.327,0.03508490868
5.811946409,2.042035225,-805586.8415,0.01983086115
5.811946409,2.120575041,-606234.9198,0.01032059335
5.811946409,2.199114858,-457300.6756,0.004818575746
5.811946409,2.277654674,-365551.056,0.001910440294
5.811946409,2.35619449,-335201.798,0.0006895165657
5.811946409,2.434734307,-367622.1012,0.0008749176999
5.811946409,2.513274123,-461240.0376,0.002848894725
5.811946409,2.591813939,-611656.9865,0.007609560001
5.811946409,2.670353756,-811960.8631,0.01664385031
5.811946409,2.748893572,-1053210.37,0.03173388718
5.811946409,2.827433388,-1325047.604,0.05471687325
5.811946409,2.905973205,-1616385.524,0.08722364457
5.811946409,2.984513021,-1916111.016,0.1304234804
5.811946409,3.063052837,-2213744.152,0.1848025034
5.811946409,3.141592654,-2499999.658,0.25
5.969026042,0,-2499999.658,0.25
5.969026042,0.07853981634,-2760269.592,0.3226973237
5.969026042,0.1570796327,-2996912.254,0.4022138799
5.969026042,0.235619449,-3206089.176,0.4855974762
5.969026042,0.3141592654,-3385686.688,0.5692764522
5.969026042,0.3926990817,-3535070.682,0.6492962642
5.969026042,0.471238898,-3654731.413,0.7216022666
5.969026042,0.5497787144,-3745863.377,0.7823435751
5.969026042,0.6283185307,-3809930.557,0.8281705609
5.969026042,0.7068583471,-3848267.408,0.8564988096
5.969026042,0.7853981634,-3861760.96,0.8657152813
5.969026042,0.8639379797,-3850649.736,0.8553076457
5.969026042,0.9424777961,-3814462.013,0.8259048326
5.969026042,1.021017612,-3752100.392,0.7792250676
5.969026042,1.099557429,-3662063.463,0.7179362412
5.969026042,1.178097245,-3542780.056,0.645441577
5.969026042,1.256637061,-3393018.738,0.5656104268
5.969026042,1.335176878,-3212326.191,0.4824789688
5.969026042,1.413716694,-3001443.71,0.3999481516
5.969026042,1.49225651,-2762651.92,0.3215061599
5.969026042,1.570796327,-2499999.658,0.25
5.969026042,1.649336143,-2219383.513,0.1874757813
5.969026042,1.727875959,-1928458.506,0.1351003982
5.969026042,1.806415776,-1636376.637,0.09316927577
5.969026042,1.884955592,-1353366.889,0.0611964176
5.969026042,1.963495408,-1090186.083,0.03807501219
5.969026042,2.042035225,-857483.1858,0.02229009284
5.969026042,2.120575041,-665129.0576,0.01215986626
5.969026042,2.199114858,-521568.0473,0.006079795993
5.969026042,2.277654674,-433247.1076,0.00274359152
5.969026042,2.35619449,-404172.0015,0.001317897097
5.969026042,2.434734307,-435629.4353,0.001552427666
5.969026042,2.513274123,-526099.5038,0.003814067702
5.969026042,2.591813939,-671366.0724,0.009041358803
5.969026042,2.670353756,-864815.2366,0.01862406745
5.969026042,2.748893572,-1097895.457,0.03422032499
5.969026042,2.827433388,-1360698.94,0.05753039222
5.969026042,2.905973205,-1642613.652,0.09005076831
5.969026042,2.984513021,-1932989.963,0.1328346699
5.969026042,3.063052837,-2221765.841,0.1862846175
5.969026042,3.141592654,-2499999.658,0.25
6.126105675,0,-2499999.658,0.25
6.126105675,0.07853981634,-2752612.716,0.3204628886
6.126105675,0.1570796327,-2982926.301,0.3972303978
6.126105675,0.235619449,-3187143.813,0.4774750144
6.126105675,0.3141592654,-3363088.182,0.5577951277
6.126105675,0.3926990817,-3509976.357,0.6344383485
6.126105675,0.471238898,-3628091.157,0.7035676194
6.126105675,0.5497787144,-3718392.58,0.7615465604
6.126105675,0.6283185307,-3782115.5,0.8052183407
6.126105675,0.7068583471,-3820400.726,0.8321526758
6.126105675,0.7853981634,-3834001.654,0.8408383007
6.126105675,0.8639379797,-3823099.687,0.8308031951
6.126105675,0.9424777961,-3787249.23,0.8026514758
6.126105675,1.021017612,-3725458.553,0.758013574
6.126105675,1.099557429,-3636397.706,0.6994143448
6.126105675,1.178097245,-3518710.379,0.6300713371
6.126105675,1.256637061,-3371394.731,0.553641853
6.126105675,1.335176878,-3194209.786,0.4739420279
6.126105675,1.413716694,-2988060.031,0.3946635329
6.126105675,1.49225651,-2755311.678,0.3191134079
6.126105675,1.570796327,-2499999.658,0.25
6.126105675,1.649336143,-2227894.298,0.1892832622
6.126105675,1.727875959,-1946409.774,0.1381012227
6.126105675,1.806415776,-1664351.653,0.0967769109
6.126105675,1.884955592,-1391516.586,0.06490214662
6.126105675,1.963495408,-1138171.962,0.04148715086
6.126105675,2.042035225,-914455.6584,0.02515863153
6.126105675,2.120575041,-729744.69,0.01438446313
6.126105675,2.199114858,-592045.6475,0.007700744497
6.126105675,2.277654674,-507459.0186,0.003917110792
6.126105675,2.35619449,-479763.7118,0.002278675207
6.126105675,2.434734307,-510157.9801,0.00256763006
6.126105675,2.513274123,-597179.3773,0.00513387961
6.126105675,2.591813939,-736810.6628,0.01085147671
6.126105675,2.670353756,-922762.2076,0.0210053569
6.126105675,2.748893572,-1146905.984,0.03712013947
6.126105675,2.827433388,-1399823.136,0.06074887199
6.126105675,2.905973205,-1671417.626,0.09324392448
6.126105675,2.984513021,-1951543.504,0.1355343578
6.126105675,3.063052837,-2230593.26,0.1879337815
6.126105675,3.141592654,-2499999.658,0.25
6.283185307,0,-2499999.658,0.25
6.283185307,0.07853981634,-2744258.038,0.3180277769
6.283185307,0.1570796327,-2967633.275,0.3918148296
6.283185307,0.235619449,-3166377.912,0.4686678848
6.283185307,0.3141592654,-3338251.99,0.5453676684
6.283185307,0.3926990817,-3482318.432,0.6183780606
6.283185307,0.471238898,-3598643.575,0.6840944373
6.283185307,0.5497787144,-3687941.803,0.7391092968
6.283185307,0.6283185307,-3751207.642,0.7804713168
6.283185307,0.7068583471,-3789378.693,0.8059143201
6.283185307,0.7853981634,-3803068.271,0.8140352093
6.283185307,0.8639379797,-3792398.263,0.8044045351
6.283185307,0.9424777961,-3756951.206,0.7775995351
6.283185307,1.021017612,-3695847.139,0.7351566283
6.283185307,1.099557429,-3607936.856,0.6794477969
6.283185307,1.178097245,-3492089.965,0.6134922937
6.283185307,1.256637061,-3347545.271,0.540721028
6.283185307,1.335176878,-3174283.249,0.4647152164
6.283185307,1.413716694,-2973376.838,0.3889430479
6.283185307,1.49225651,-2747277.608,0.316517992
6.283185307,1.570796327,-2499999.658,0.25
6.283185307,1.649336143,-2237172.821,0.1912564517
6.283185307,1.727875959,-1965948.962,0.1413937098
6.283185307,1.806415776,-1694759.296,0.1007631695
6.283185307,1.884955592,-1432935.204,0.06903839275
6.283185307,1.963495408,-1190218.7,0.04535303219
6.283185307,2.042035225,-976199.9988,0.02848343417
6.283185307,2.120575041,-799727.6462,0.01705563755
6.283185307,2.199114858,-668340.3238,0.009754358983
6.283185307,2.277654674,-587768.6378,0.00551167309
6.283185307,2.35619449,-561549.7432,0.003655442571
6.283185307,2.434734307,-590788.2078,0.004001888107
6.283185307,2.513274123,-674083.8872,0.00688257729
6.283185307,2.591813939,-807632.9829,0.01310296914
6.283185307,2.670353756,-985493.2796,0.02383679378
6.283185307,2.748893572,-1199990.233,0.04046726536
6.283185307,2.827433388,-1442228.485,0.06439175236
6.283185307,2.905973205,-1702664.632,0.09681050114
6.283185307,2.984513021,-1971692.526,0.1385219281
6.283185307,3.063052837,-2240192.391,0.1897466667
6.283185307,3.141592654,-2499999.658,0.25
