seed,kyle_lambda_calm,kyle_lambda_stress,kyle_lambda_ratio,vpin_above_threshold_frac,vpin_mean_calm,vpin_mean_stress,spread_bps_calm,spread_bps_stress
0,8.493686924e-05,0.0004294033252,5.055558664,0.9766666667,0.9610066477,0.9591725445,16.95209163,77.33824091
1,8.01351899e-05,0.000407283046,5.082449377,0.9783333333,0.9417387903,0.9578791114,15.40873364,85.58466831
2,0.0001020626938,0.0004120013123,4.036747386,0.9783333333,0.9424544801,0.9270611787,18.31104252,83.67233139
3,7.109663274e-05,0.0004977796245,7.001451479,0.9783333333,0.9644015418,0.9248335911,16.89368937,83.31362807
4,7.867824878e-05,0.0004415902897,5.61260954,0.9833333333,0.9581225814,0.9309175034,17.535926,86.08586323
5,8.220619401e-05,0.000519814768,6.323304153,0.98,0.9696395263,0.9156856946,16.72311479,86.63063062
6,9.326524514e-05,0.000463809983,4.973020575,0.9766666667,0.9620505726,0.9649632697,17.65795785,77.56416052
7,7.676058331e-05,0.0003908368985,5.091635337,0.98,0.9607508216,0.951003875,15.46809899,81.81780789
8,8.934136899e-05,0.0005104557359,5.713542804,0.9733333333,0.9366432025,0.9449581717,17.85759551,85.93552289
9,8.20414138e-05,0.0004318634424,5.263968798,0.9816666667,0.9482937286,0.9586774389,16.15449799,77.51754454
10,9.851745298e-05,0.0004184637631,4.247610454,0.9766666667,0.9539124017,0.9726978982,18.1148233,80.82254262
11,8.94770608e-05,0.0004588047513,5.127624301,0.98,0.9369590516,0.9347590121,15.71520664,88.25364275
12,6.816926783e-05,0.0003556321807,5.216898934,0.9783333333,0.961484938,0.954387104,15.41579256,78.74179143
13,8.268713678e-05,0.0003896582578,4.712441052,0.9783333333,0.9573995558,0.9533831955,16.44430096,80.48568911
14,7.29934022e-05,0.0003931662849,5.386326339,0.975,0.9637176044,0.9644987339,15.98452624,84.96965374
15,9.55923601e-05,0.0004464322571,4.670166702,0.9766666667,0.9575867511,0.9319081559,17.97766019,75.81801964
16,8.798571064e-05,0.0003760709398,4.274227452,0.98,0.9485480017,0.9586777042,16.84832845,76.04526488
17,8.227191383e-05,0.0004313010705,5.242385286,0.9766666667,0.9641272592,0.960384615,15.86098692,80.3101962
18,0.0001057895975,0.000525629738,4.968633499,0.975,0.9444731016,0.9387023217,17.97916325,83.90629476
19,8.358716956e-05,0.0004896889579,5.858422537,0.9783333333,0.9460647677,0.9204878856,16.21724332,73.20863192
20,8.109280222e-05,0.0004214838502,5.197549457,0.98,0.9502580456,0.959801113,16.96658748,79.20973128
21,8.349002258e-05,0.0005244134955,6.281151679,0.9783333333,0.9416581925,0.9296840468,15.9345118,82.39566604
22,8.849191906e-05,0.0004839745683,5.469138577,0.9783333333,0.9533880966,0.9439157943,18.05292951,84.31202272
23,8.648028646e-05,0.000490413685,5.670814761,0.9766666667,0.9549767531,0.9598621198,17.16303495,87.0766666
24,8.039190239e-05,0.0005458944358,6.790415697,0.9766666667,0.9546843349,0.9463412492,16.13877841,87.18335932
25,7.52881175e-05,0.0003914011883,5.198711315,0.98,0.9603471718,0.9665570923,16.3991093,77.9807504
26,7.263923145e-05,0.0004835017086,6.656206281,0.9766666667,0.9672470109,0.9467412097,15.49880798,86.38837476
27,9.04343148e-05,0.0003580559036,3.959292492,0.9783333333,0.9595217624,0.9595611705,18.34281457,80.96087631
28,7.26193266e-05,0.0004860436616,6.693034546,0.9766666667,0.955256531,0.9501544407,16.81204779,83.9183023
29,0.0001005783765,0.000452975455,4.503706172,0.9766666667,0.9579915069,0.9449981053,17.99183657,81.79683178
