tick,price,bid,ask,volume,side,kyle_lambda,vpin,analyzer_kyle_lambda,analyzer_vpin,adverse_selection_cost,spread_bps
0,100.012573,99.99499842,100.0301476,509,buy,,0,0,0,0,3.514478707
1,100.0766233,100.007532,100.1457147,10,buy,0,0,0,0,0,13.80768736
2,100.0230154,99.96443609,100.0815946,814,sell,0,0,0,0,0,11.71315736
3,100.1534454,100.0178453,100.2890455,377,buy,0,0,0,0,0,27.0784688
4,100.0829639,100.007532,100.1583958,3028,sell,0,0,0,0,0,15.07387577
5,100.0205847,99.95324443,100.087925,10,sell,0,0,0,0,0,13.46528345
6,99.78803377,99.55102352,100.025044,36,sell,0,0,0,0,0,47.50273966
7,99.66370677,99.53453467,99.79287887,424,sell,0,0,0,0,0,25.92159322
8,99.6094639,99.55025056,99.66867725,177,sell,0,0,0,0,0,11.88910033
9,99.6504662,99.60444702,99.69648537,746,buy,0,0,0,0,0,9.236118326
10,99.63765766,99.61985077,99.65546455,67,sell,0,0,0,0,0,3.574329859
11,99.57137922,99.50014487,99.64261357,387,sell,0,0,0,0,0,14.30819813
12,99.66133899,99.56629794,99.75638004,206,buy,0,0,0,0,0,19.07280175
13,99.58724086,99.50819782,99.6662839,1090,sell,0,0,0,0,0,15.87412969
14,99.54165721,99.49109442,99.59222,926,sell,0,0.8998523901,0,0,0,10.15912105
15,99.44115814,99.33576054,99.54655574,161,sell,0,0.8998523901,0,0,0,21.1979835
16,99.42532462,99.40449362,99.44615562,611,sell,0,0.9079235828,0,0.9587651599,0,4.190280168
17,99.44666718,99.42032004,99.47301431,427,buy,0,0.9118528883,0,0.9606191429,0,5.298746566
18,99.3816461,99.31166754,99.45162466,616,sell,0,0.9169647901,0,0.9630178978,0,14.0827942
19,99.45955887,99.37658502,99.54253273,76,buy,0,0.9169647901,0,0.9630178978,0,16.68494318
20,99.33433277,99.20426433,99.4644012,562,sell,4.14978188e-05,0.9081705151,4.14978188e-05,0.9510743187,0,26.18801192
21,99.46802441,99.32915284,99.60689598,299,buy,4.866872165e-05,0.910545895,4.866872165e-05,0.95239819,0,27.92285668
22,99.49432929,99.46301745,99.52564112,408,buy,4.958612131e-05,0.9135957216,4.958612131e-05,0.95409321,0,6.294195014
23,99.63939408,99.48911778,99.78967037,372,buy,5.614183333e-05,0.9162006646,5.614183333e-05,0.9555367709,0,30.16403278
24,99.81890788,99.63407066,100.0037451,823,buy,6.598700237e-05,0.9214405106,6.598700237e-05,0.9584288311,0,37.0345116
25,99.8545812,99.81389513,99.89526728,276,buy,6.635648761e-05,0.9230540259,6.635648761e-05,0.9593162658,0,8.149064519
26,99.85413644,99.84869168,99.8595812,53,sell,6.632254796e-05,0.9230540259,6.632254796e-05,0.9593162658,0,1.090543429
27,99.72548822,99.59200574,99.85897069,148,sell,6.597181303e-05,0.9241879903,6.597181303e-05,0.9599390708,0,26.76998195
28,99.76835658,99.72046979,99.81624338,467,buy,6.640703222e-05,0.961314996,6.640703222e-05,0.961314996,0,9.599595709
29,99.65021908,99.52722147,99.7732167,62,sell,6.563050903e-05,0.961314996,6.563050903e-05,0.961314996,0,24.68586942
30,99.60672821,99.55825633,99.6552001,248,sell,6.577241184e-05,0.9613238554,6.577241184e-05,0.9613238554,0,9.732653188
31,99.77998096,99.60142686,99.95853505,385,buy,7.104051412e-05,0.9613474906,7.104051412e-05,0.9613474906,0,35.78956258
32,99.81280554,99.77497016,99.85064092,207,buy,7.138035766e-05,0.9507302824,7.138035766e-05,0.9507302824,0,7.581268045
33,99.97085641,99.80755527,100.1341576,257,buy,7.473310077e-05,0.9496867853,7.473310077e-05,0.9496867853,0,32.6697491
34,100.0341732,99.96581631,100.1025301,48,buy,7.528949361e-05,0.9496867853,7.528949361e-05,0.9496867853,0,13.66671084
35,100.0393779,100.0291729,100.0495828,1440,buy,6.572969511e-05,0.9856900772,6.572969511e-05,0.9856900772,0,2.040185861
36,100.1398136,100.0342771,100.2453501,1848,buy,6.340645151e-05,0.9873501997,6.340645151e-05,0.9873501997,0,21.07783533
37,100.3222695,100.1344811,100.5100578,422,buy,6.64085725e-05,0.9875735775,6.64085725e-05,0.9875735775,0,37.43701492
38,100.3271907,100.3172692,100.3371122,300,buy,6.607722541e-05,0.9867156092,6.607722541e-05,0.9867156092,0,1.97783104
39,100.3461043,100.3221872,100.3700215,2226,buy,5.493158787e-05,0.9880709465,5.493158787e-05,0.9880709465,0,4.766934744
40,100.3082173,100.2653446,100.35109,260,sell,5.526773492e-05,0.9875715454,5.526773492e-05,0.9875715454,0,8.548197402
41,100.1800555,100.0470574,100.3130536,507,sell,5.737474187e-05,0.9876523152,5.737474187e-05,0.9876523152,0,26.55180601
42,100.2382767,100.1750216,100.3015318,685,buy,5.776500549e-05,0.9877211406,5.776500549e-05,0.9877211406,0,12.62093915
43,100.1626363,100.082053,100.2432196,252,sell,5.844829521e-05,1,5.844829521e-05,1,0,16.0904921
44,100.1338508,100.1000736,100.1676281,1366,sell,5.610207829e-05,1,5.610207829e-05,1,0,6.746417437
45,100.0905143,100.0421965,100.1388321,1902,sell,5.262878701e-05,1,5.262878701e-05,1,0,9.654812619
46,100.1155154,100.0855081,100.1455228,1444,buy,5.039490599e-05,1,5.039490599e-05,1,0,5.99455361
47,100.131635,100.1105129,100.1527572,1592,buy,4.764888526e-05,1,4.764888526e-05,1,0,4.218876915
48,99.99733648,99.85821808,100.1364549,172,sell,4.83318781e-05,1,4.83318781e-05,1,0,27.82442092
49,100.0476034,99.99231121,100.1028956,258,buy,4.856598753e-05,0.9792132455,4.856598753e-05,0.9792132455,0,11.05318119
50,100.0311661,100.0097316,100.0526007,718,sell,4.81911877e-05,0.9798429626,4.81911877e-05,0.9798429626,0,4.285580288
51,100.1184976,100.0260899,100.2109052,432,buy,4.892699809e-05,0.9798015384,4.892699809e-05,0.9798015384,0,18.45965948
52,100.0471063,99.97076586,100.1234467,355,sell,4.918410534e-05,0.9798547669,4.918410534e-05,0.9798547669,0,15.26089106
53,99.82198615,99.59237259,100.0515997,44,sell,4.85703956e-05,0.9798547669,4.85703956e-05,0.9798547669,0,46.00460678
54,99.76392561,99.70089883,99.82695238,10,sell,5.810019465e-05,0.9798547669,5.810019465e-05,0.9798547669,0,12.63518306
55,99.75637333,99.74382162,99.76892504,306,sell,5.763447293e-05,0.9798252302,5.763447293e-05,0.9798252302,0,2.516472741
56,99.8256214,99.75132526,99.89991755,77,buy,5.666254057e-05,0.9798252302,5.666254057e-05,0.9798252302,0,14.88518557
57,99.96747181,99.82041983,100.1145238,99,buy,5.489244519e-05,0.9798252302,5.489244519e-05,0.9798252302,0,29.41996583
58,100.0518176,99.96240065,100.1412346,444,buy,5.513750461e-05,0.9803023362,5.513750461e-05,0.9803023362,0,17.87413534
59,100.1306173,100.0467556,100.214479,881,buy,5.594862902e-05,0.9809818664,5.594862902e-05,0.9809818664,0,16.75045997
60,100.1381865,100.1256167,100.1507563,92,buy,5.586952874e-05,0.9809818664,5.586952874e-05,0.9809818664,0,2.510492257
61,100.1246633,100.106142,100.1431847,152,sell,5.508282793e-05,0.9686535265,5.508282793e-05,0.9686535265,0,3.69965692
62,99.98221179,99.83496292,100.1294607,788,sell,5.799107258e-05,0.9665484034,5.799107258e-05,0.9665484034,0,29.45501328
63,99.92536696,99.86355445,99.98717947,1030,sell,5.742514844e-05,0.9677891654,5.742514844e-05,0.9677891654,0,12.37173597
64,99.82114469,99.71203113,99.93025826,143,sell,5.858070933e-05,0.9677891654,5.858070933e-05,0.9677891654,0,21.86181336
65,99.85694774,99.81613185,99.89776362,1413,buy,5.565760593e-05,0.9538757933,5.565760593e-05,0.9538757933,0,8.174871555
66,99.85555826,99.8491688,99.86194772,901,sell,5.441162115e-05,0.950131716,5.441162115e-05,0.950131716,0,1.279739877
67,99.9955822,99.85036191,100.1408025,157,buy,5.452798699e-05,0.950131716,5.452798699e-05,0.950131716,0,29.04534072
68,99.75906226,99.51810176,100.0000228,163,sell,5.605737455e-05,0.9311481414,5.605737455e-05,0.9311481414,0,48.30849332
69,99.79294243,99.75405075,99.83183411,637,buy,5.624162356e-05,0.9316901835,5.624162356e-05,0.9316901835,0,7.794475037
70,99.82998831,99.78792868,99.87204794,10,buy,5.372526289e-05,0.9316901835,5.372526289e-05,0.9316901835,0,8.426251367
71,99.86187543,99.82497812,99.89877273,465,buy,5.327454916e-05,0.9308102803,5.327454916e-05,0.9308102803,0,7.389667561
72,99.67197456,99.47743481,99.8665143,20,sell,5.440873279e-05,0.9308102803,5.440873279e-05,0.9308102803,0,39.03599702
73,99.59186502,99.50681986,99.67691017,45,sell,5.393271752e-05,0.9308102803,5.393271752e-05,0.9308102803,0,17.07873505
74,99.56310622,99.52935573,99.59685671,1190,sell,4.863097598e-05,0.9348202935,4.863097598e-05,0.9348202935,0,6.779718229
75,99.47851681,99.38899927,99.56803436,1805,sell,4.766429798e-05,0.936432798,4.766429798e-05,0.936432798,0,17.99736128
76,99.47736952,99.47122224,99.4835168,1971,sell,4.221104689e-05,0.9366790165,4.221104689e-05,0.9366790165,0,1.235914996
77,99.50728089,99.47236053,99.54220125,1119,buy,4.138189797e-05,0.9355023157,4.138189797e-05,0.9355023157,0,7.018653874
78,99.38929313,99.26644528,99.51214099,399,sell,4.212074711e-05,0.9307805596,4.212074711e-05,0.9307805596,0,24.72054069
79,99.44028502,99.38426697,99.49630307,1681,buy,4.136468777e-05,0.9553199977,4.136468777e-05,0.9553199977,0,11.26667133
80,99.38758083,99.32990458,99.44525709,318,sell,4.146758246e-05,0.9542777162,4.146758246e-05,0.9542777162,0,11.60633019
81,99.56811598,99.3822529,99.75397907,600,buy,4.229219556e-05,0.9547213399,4.229219556e-05,0.9547213399,0,37.33385639
82,99.5767405,99.56311524,99.59036576,146,buy,4.221159188e-05,0.9547213399,4.221159188e-05,0.9547213399,0,2.736635846
83,99.74077716,99.57147028,99.91008403,499,buy,4.306285529e-05,0.9554671968,4.306285529e-05,0.9554671968,0,33.94938029
84,99.84719407,99.73566362,99.95872452,1274,buy,4.476244284e-05,0.9576651007,4.476244284e-05,0.9576651007,0,22.34022774
85,99.93871948,99.84211017,100.0353288,342,buy,4.692529393e-05,0.9570199002,4.692529393e-05,0.9570199002,0,19.33370896
86,100.0000008,99.9336819,100.0663197,977,buy,4.652730267e-05,0.9572449147,4.652730267e-05,0.9572449147,0,13.26378155
87,99.85261201,99.70044045,100.0047836,450,sell,4.647403235e-05,0.9676427762,4.647403235e-05,0.9676427762,0,30.47923502
88,99.65940124,99.46156432,99.85723816,348,sell,4.806882477e-05,0.9668563222,4.806882477e-05,0.9668563222,0,39.70261036
89,99.63901865,99.61364023,99.66439707,836,sell,5.189205458e-05,0.9664972919,5.189205458e-05,0.9664972919,0,5.094072659
90,99.70010964,99.63398119,99.76623808,278,buy,5.229973787e-05,0.9811195959,5.229973787e-05,0.9811195959,0,13.26547065
91,99.65655382,99.60801703,99.70509061,287,sell,5.115801462e-05,0.9803958294,5.115801462e-05,0.9803958294,0,9.74081281
92,99.60905959,99.556588,99.66153118,335,sell,5.065648589e-05,1,5.065648589e-05,1,0,10.53550556
93,99.6440677,99.60404729,99.68408812,240,buy,5.056122991e-05,1,5.056122991e-05,1,0,8.032673561
94,99.45033323,99.25197543,99.64869103,1158,sell,5.670379654e-05,1,5.670379654e-05,1,0,39.89082657
95,99.55841892,99.44521576,99.67162207,12,buy,6.150708002e-05,1,6.150708002e-05,1,0,22.74105109
96,99.53023143,99.49705193,99.56341093,585,sell,6.371665851e-05,0.998467433,6.371665851e-05,0.998467433,0,6.667221172
97,99.40256906,99.27007043,99.53506769,627,sell,6.997161379e-05,0.9983427703,6.997161379e-05,0.9983427703,0,26.6589951
98,99.35559263,99.3036384,99.40754685,632,sell,6.938931126e-05,0.9981739329,6.938931126e-05,0.9981739329,0,10.4582394
99,99.28966669,99.2187845,99.36054888,192,sell,6.90721475e-05,0.9981739329,6.90721475e-05,0.9981739329,0,14.27785812
100,99.13029194,98.96617302,99.29441087,846,sell,7.265547325e-05,0.9981626091,7.265547325e-05,0.9981626091,0,33.11176132
101,99.21020477,99.12522752,99.29518203,568,buy,7.258470879e-05,0.9981860781,7.258470879e-05,0.9981860781,0,17.130748
102,99.48757722,99.2044293,99.77072514,352,buy,7.625649519e-05,0.9979835322,7.625649519e-05,0.9979835322,0,56.92126217
103,99.50382751,99.48257456,99.52508046,203,buy,7.644521181e-05,0.9979638585,7.644521181e-05,0.9979638585,0,4.271785377
104,99.4568803,99.40495523,99.50880536,144,sell,7.665253476e-05,0.9979638585,7.665253476e-05,0.9979638585,0,10.44172395
105,99.47037965,99.45187847,99.48888084,541,buy,7.625277129e-05,0.9737196765,7.625277129e-05,0.9737196765,0,3.719939084
106,99.39207729,99.30883657,99.47531802,541,sell,7.653848543e-05,0.9734874235,7.653848543e-05,0.9734874235,0,16.74997125
107,99.37264556,99.34821763,99.39707349,879,sell,7.422132233e-05,0.9725666051,7.422132233e-05,0.9725666051,0,4.916429707
108,99.37192895,99.36621234,99.37764556,49,sell,7.315302528e-05,0.9725666051,7.315302528e-05,0.9725666051,0,1.1505476
109,99.2857122,99.19457025,99.37685415,910,sell,7.272742528e-05,0.9739783153,7.272742528e-05,0.9739783153,0,18.35952955
110,99.27803294,99.26535428,99.29071161,390,sell,7.239270648e-05,0.9726387793,7.239270648e-05,0.9726387793,0,2.554173368
111,99.21364115,99.14429112,99.28299118,144,sell,7.241578421e-05,0.9726387793,7.241578421e-05,0.9726387793,0,13.97993807
112,99.16403349,99.10945064,99.21861634,171,sell,7.060761059e-05,0.9723109691,7.060761059e-05,0.9723109691,0,11.0085988
113,99.26343535,99.15893385,99.36793684,414,buy,7.289789459e-05,0.9724722075,7.289789459e-05,0.9724722075,0,21.05538576
114,99.21656157,99.16470993,99.26841321,194,sell,7.283192031e-05,0.9724722075,7.283192031e-05,0.9724722075,0,10.4522151
115,99.1471133,99.07271363,99.22151296,258,sell,7.692282247e-05,0.9715068493,7.692282247e-05,0.9715068493,0,15.00793308
116,99.26652571,99.14196948,99.39108195,281,buy,8.093259372e-05,0.9715146535,8.093259372e-05,0.9715146535,0,25.09531477
117,99.14183325,99.01229742,99.27136908,83,sell,7.939196426e-05,0.9715146535,7.939196426e-05,0.9715146535,0,26.13141734
118,98.96649974,98.78647631,99.14652317,2355,sell,7.776573054e-05,0.9761904762,7.776573054e-05,0.9761904762,0,36.38068007
119,98.65907646,98.34760814,98.97054478,1043,sell,8.461924554e-05,0.977410947,8.461924554e-05,0.977410947,0,63.14032751
120,98.78702894,98.65391052,98.92014736,1419,buy,8.513664391e-05,0.9791875125,8.513664391e-05,0.9791875125,0,26.95058664
121,98.87145078,98.78195679,98.96094476,21,buy,8.567341502e-05,0.9791875125,8.567341502e-05,0.9791875125,0,18.10309901
122,99.04553051,98.86614428,99.22491673,400,buy,8.901734612e-05,0.9781114073,8.901734612e-05,0.9781114073,0,36.22298261
123,99.00769489,98.96487372,99.05051605,1026,sell,8.796279379e-05,0.9803854798,8.796279379e-05,0.9803854798,0,8.650068348
124,98.88678438,98.76102153,99.01254723,133,sell,9.026718507e-05,0.9803854798,9.026718507e-05,0.9803854798,0,25.43572447
125,98.79564696,98.69959354,98.89170038,1378,sell,9.321775574e-05,0.9814993255,9.321775574e-05,0.9814993255,0,19.44486884
126,98.8798948,98.79057512,98.96921448,112,buy,0.0001065579233,0.9814993255,0.0001065579233,0.9814993255,0,18.06629735
127,98.89603635,98.87489216,98.91718053,76,buy,0.000110990034,0.9814993255,0.000110990034,0.9814993255,0,4.276042985
128,99.12802747,98.89049214,99.3655628,180,buy,0.0001125853712,0.9811801608,0.0001125853712,0.9811801608,0,47.9249579
129,99.08311509,99.03322307,99.13300712,226,sell,0.0001248356117,0.9801255952,0.0001248356117,0.9801255952,0,10.07074257
130,99.04882032,99.00953741,99.08810322,10,sell,0.0001243635633,0.9801255952,0.0001243635633,0.9801255952,0,7.932028643
131,99.12486893,99.04376193,99.20597592,1590,buy,0.0001122006224,0.9801584745,0.0001122006224,0.9801584745,0,16.36461128
132,99.10645411,99.08304271,99.12986551,902,sell,0.0001100062946,0.9808374292,0.0001100062946,0.9808374292,0,4.724495195
133,99.02445321,98.93752015,99.11138626,630,sell,0.0001075992948,0.9813333333,0.0001075992948,0.9813333333,0,17.55789611
134,99.12756174,99.01934585,99.23577764,531,buy,0.0001110841794,0.9987764591,0.0001110841794,0.9987764591,0,21.833665
135,98.99498882,98.85759319,99.13238444,1106,sell,0.0001105668321,0.9988173378,0.0001105668321,0.9988173378,0,27.75809697
136,98.99284153,98.98569429,98.99998877,677,sell,0.0001120729969,0.9988030403,0.0001120729969,0.9988030403,0,1.443991244
137,98.91915516,98.84052364,98.99778668,570,sell,0.0001113847846,0.9987745098,0.0001113847846,0.9987745098,0,15.89813857
138,99.05985564,98.91395503,99.20575625,344,buy,0.0001129470089,0.9987710458,0.0001129470089,0.9987710458,0,29.45706077
139,99.02275099,98.98066023,99.06484174,567,sell,0.0001143625947,0.9987897858,0.0001143625947,0.9987897858,0,8.501229326
140,98.97031542,98.91290763,99.02772322,60,sell,0.0001135371694,0.9987897858,0.0001135371694,0.9987897858,0,11.60101316
141,98.98176251,98.9653141,98.99821092,178,buy,0.0001130961744,0.9914373089,0.0001130961744,0.9914373089,0,3.323523664
142,98.88251505,98.77836711,98.986663,164,sell,0.0001127408683,0.9914373089,0.0001127408683,0.9914373089,0,21.06498712
143,98.95492689,98.87746202,99.03239175,707,buy,0.000112077157,0.9720913591,0.000112077157,0.9720913591,0,15.6565954
144,98.81299767,98.66627202,98.95972332,852,sell,0.0001105746379,0.9730103806,0.0001105746379,0.9730103806,0,29.69764181
145,98.88753912,98.80794144,98.96713681,986,buy,0.0001075722166,0.9705438066,0.0001075722166,0.9705438066,0,16.09862785
146,98.94315324,98.88250785,99.00379864,173,buy,0.0001084869502,0.9705438066,0.0001084869502,0.9705438066,0,12.2586349
147,98.97296404,98.93814426,99.00778382,295,buy,0.0001069964301,0.9694377326,0.0001069964301,0.9694377326,0,7.036220465
148,99.05539808,98.96789538,99.14290077,494,buy,0.000107818797,0.9674728941,0.000107818797,0.9674728941,0,17.66742508
149,99.11850362,99.05035787,99.18664936,103,buy,0.0001080900782,0.9674728941,0.0001080900782,0.9674728941,0,13.75035807
150,98.74460135,98.36710954,99.12209316,387,sell,0.0001095778495,0.953378986,0.0001095778495,0.953378986,0,76.45821672
151,98.74208876,98.73457624,98.74960129,284,sell,0.0001090493808,0.9508567262,0.0001090493808,0.9508567262,0,1.521645696
152,98.67982417,98.61259885,98.7470495,224,sell,0.0001041350323,0.9457676215,0.0001041350323,0.9457676215,0,13.62493818
153,98.72049185,98.67480741,98.76617628,313,buy,0.0001043727032,0.9455265497,0.0001043727032,0.9455265497,0,9.25530902
154,98.67475226,98.62403387,98.72547065,787,sell,0.0001033964323,0.9478892841,0.0001033964323,0.9478892841,0,10.27991326
155,98.56568043,98.45172917,98.6796317,253,sell,0.0001050220481,0.9435574351,0.0001050220481,0.9435574351,0,23.12189406
156,98.58310808,98.56067735,98.6055388,60,buy,0.0001047714816,0.9435574351,0.0001047714816,0.9435574351,0,4.550621838
157,98.55452076,98.52094173,98.58809979,383,sell,0.0001069948519,0.9304457225,0.0001069948519,0.9304457225,0,6.814304719
158,98.62105142,98.54947585,98.69262699,334,buy,0.0001076280834,0.9285450517,0.0001076280834,0.9285450517,0,14.51527266
159,98.56613959,98.50625835,98.62602084,249,sell,0.0001081823253,0.9266350711,0.0001081823253,0.9266350711,0,12.15047069
160,98.59587859,98.56113062,98.63062655,39,buy,0.0001087952555,0.9266350711,0.0001087952555,0.9266350711,0,7.048563048
161,98.58465479,98.56843227,98.60087731,10,sell,0.0001086919843,0.9266350711,0.0001086919843,0.9266350711,0,3.291083636
162,98.54758428,98.50552772,98.58964085,93,sell,0.0001085855646,0.9266350711,0.0001085855646,0.9266350711,0,8.535281228
163,98.51887906,98.48518219,98.55257592,472,sell,0.0001068878169,0.9152913104,0.0001068878169,0.9152913104,0,6.840692107
164,98.37013796,98.21662143,98.52365449,95,sell,0.0001065773069,0.9152913104,0.0001065773069,0.9152913104,0,31.21201893
165,98.34751947,98.31990618,98.37513276,599,sell,0.0001054517734,0.9154342432,0.0001054517734,0.9154342432,0,5.615452095
166,98.31405081,98.27559355,98.35250808,634,sell,0.0001028999304,0.9159680442,0.0001028999304,0.9159680442,0,7.823351158
167,98.20860282,98.09826793,98.31893771,17,sell,0.0001026405502,0.9159680442,0.0001026405502,0.9159680442,0,22.46949682
168,98.04130009,97.86928236,98.21331781,1359,sell,0.0001124541145,0.9237310894,0.0001124541145,0.9237310894,0,35.09087007
169,98.06440509,98.03629464,98.09251555,932,buy,9.887196773e-05,0.9261442441,9.887196773e-05,0.9261442441,0,5.733059388
170,98.09167938,98.05939751,98.12396126,105,buy,0.000100065048,0.9261442441,0.000100065048,0.9261442441,0,6.581980496
171,97.9518899,97.80729963,98.09648017,207,sell,9.987184192e-05,0.9188630491,9.987184192e-05,0.9188630491,0,29.52271221
172,97.94994291,97.94299596,97.95688986,444,sell,9.437869741e-05,0.9450952338,9.437869741e-05,0.9450952338,0,1.418469861
173,98.01088004,97.944905,98.07685508,909,buy,9.706572188e-05,0.9453736655,9.706572188e-05,0.9453736655,0,13.46279932
174,98.20952644,98.00547743,98.41357546,541,buy,0.0001025925644,0.9431218157,0.0001025925644,0.9431218157,0,41.55381306
175,98.12315512,98.03185976,98.21445048,461,sell,0.0001079920615,0.9430849092,0.0001079920615,0.9430849092,0,18.60832174
176,98.11827293,98.10839098,98.12815488,22,sell,0.0001070608715,0.9430849092,0.0001070608715,0.9430849092,0,2.014293357
177,98.13973983,98.11326823,98.16621143,861,buy,0.0001033559514,0.9411291044,0.0001033559514,0.9411291044,0,5.394674997
178,98.23722559,98.13464299,98.33980818,737,buy,0.0001017401832,0.9604341737,0.0001017401832,0.9604341737,0,20.88466815
179,98.43355086,98.23183323,98.63526849,87,buy,0.0001031854182,0.9604341737,0.0001031854182,0.9604341737,0,40.98554318
180,98.39622475,98.3539128,98.43853671,444,sell,0.0001028602958,0.9463627795,0.0001028602958,0.9463627795,0.01369439541,8.600320395
181,98.30087759,98.20062282,98.40113236,319,sell,0.0001130266806,0.9467958525,0.0001130266806,0.9467958525,0.01258983042,20.39753353
182,98.23717702,98.16851773,98.30583631,166,sell,0.0001186609702,0.9467958525,0.0001186609702,0.9467958525,0.004940467057,13.97827044
183,98.31687236,98.23211237,98.40163236,138,buy,0.000119762928,0.9232797482,0.000119762928,0.9232797482,0.01403855629,17.24220752
184,98.27807935,98.23430164,98.32185705,10,sell,0.0001174928091,0.9232797482,0.0001174928091,0.9232797482,0.02109137138,8.908946071
185,98.41246269,98.2728956,98.55202979,1184,buy,0.0001183113923,0.9242025649,0.0001183113923,0.9242025649,0.02450927311,28.36370399
186,98.35309125,98.28875563,98.41742688,1233,sell,0.0001143076534,0.9298539257,0.0001143076534,0.9298539257,0.03026553225,13.08258254
187,98.42380128,98.34804042,98.49956215,225,buy,0.0001152278924,0.9379545103,0.0001152278924,0.9379545103,0.02904013878,15.39482572
188,98.53821119,98.41866829,98.6577541,632,buy,0.0001147337857,0.9393526921,0.0001147337857,0.9393526921,0.04046201303,24.26325849
189,98.3924596,98.24192359,98.54299561,951,sell,0.0001177505683,0.9424098808,0.0001177505683,0.9424098808,0.03566551521,30.59909472
190,98.40451701,98.38745812,98.4215759,264,buy,0.0001174821589,0.9466705952,0.0001174821589,0.9466705952,0.0417502461,3.467095424
191,98.35657255,98.30365144,98.40949365,992,sell,0.0001128920042,0.9478160588,0.0001128920042,0.9478160588,0.03886759032,10.761072
192,98.29554926,98.22956384,98.36153468,509,sell,0.0001122457262,0.9473416248,0.0001122457262,0.9473416248,0.03705376365,13.42592295
193,98.33166955,98.29053599,98.37280312,699,buy,0.0001106325289,0.9446144431,0.0001106325289,0.9446144431,0.03928389655,8.366290474
194,98.2844265,98.23220615,98.33664686,60,sell,0.0001085820987,0.9446144431,0.0001085820987,0.9446144431,0.04709417025,10.62637398
195,98.22732005,98.16524678,98.28939332,46,sell,0.0001103586177,0.9446144431,0.0001103586177,0.9446144431,0.05099732857,12.63869816
196,98.23606778,98.22231927,98.2498163,570,buy,0.0001078099112,0.9269662921,0.0001078099112,0.9269662921,0.06273318551,2.79907683
197,98.12845292,98.01595594,98.2409499,77,sell,0.0001077928624,0.9269662921,0.0001077928624,0.9269662921,0.04782535912,22.92851315
198,98.17202111,98.12343358,98.22060864,331,buy,0.000106785545,0.9318463445,0.000106785545,0.9318463445,0.03442538517,9.898448154
199,98.22930783,98.16698768,98.29162799,419,buy,0.0001069015459,0.9317141305,0.0001069015459,0.9317141305,0.03070138132,12.68870866
200,99.26995061,98.21328325,100.326618,386,buy,0.0001276332831,0.9288256228,0.0001276332831,0.9288256228,0.05940640711,212.8876573
201,99.72649672,99.26285094,100.1901425,2036,buy,0.0001472222551,0.9365033552,0.0001472222551,0.9365033552,0.02308094284,92.98346859
202,100.3003644,99.71819444,100.8825343,945,buy,0.0001656690245,0.9386460294,0.0001656690245,0.9386460294,0,116.0853085
203,100.3798138,100.2953014,100.4643261,891,buy,0.000162273485,0.9417462198,0.000162273485,0.9417462198,0.0243226808,16.83850695
204,100.9322712,100.3717732,101.4927691,381,buy,0.0001719483322,0.9402643801,0.0001719483322,0.9402643801,0,111.0641729
205,99.43484822,97.95464091,100.9150555,2992,sell,0.0002763351753,0.9597715119,0.0002763351753,0.9597715119,0,297.7240546
206,99.52618525,99.42976432,99.62260619,618,buy,0.0002745003731,0.9604894061,0.0002745003731,0.9604894061,0,19.37599301
207,99.90927192,99.51971071,100.2988331,427,buy,0.0002787734236,0.9771299917,0.0002787734236,0.9771299917,0,77.98299324
208,99.83545305,99.75668872,99.91421738,132,sell,0.0002794889837,0.9771299917,0.0002794889837,0.9771299917,0,15.77882917
209,100.5263968,99.82567115,101.2271225,415,buy,0.0002864890378,0.961185386,0.0002864890378,0.961185386,0.01538942215,139.4112746
210,100.3760138,100.2208557,100.5311718,200,sell,0.0002874690543,0.9585471773,0.0002874690543,0.9585471773,0.04046550526,30.91536737
211,100.2009201,100.0211319,100.3807083,344,sell,0.0002886983166,0.9588692303,0.0002886983166,0.9588692303,0.04988524606,35.88554084
212,100.1228268,100.0397944,100.2058593,122,sell,0.0002889045904,0.9588692303,0.0002889045904,0.9588692303,0.05280536944,16.58611661
213,99.65352438,99.18142168,100.1256271,202,sell,0.0002940096589,0.9580251849,0.0002940096589,0.9580251849,0.04308742522,94.74882106
214,99.20681439,98.75710684,99.65652194,874,sell,0.0002994534737,0.9578087329,0.0002994534737,0.9578087329,0.003771915022,90.66061673
215,99.47688628,99.20107917,99.75269339,565,buy,0.0003042253765,0.9586424211,0.0003042253765,0.9586424211,0.009396480941,55.45149607
216,100.0143266,99.46898267,100.5596705,365,buy,0.0003120022237,0.9568670409,0.0003120022237,0.9568670409,0.01664827548,109.0531546
217,100.6932097,100.0047184,101.381701,84,buy,0.0003119335556,0.9568670409,0.0003119335556,0.9568670409,0.02771078492,136.7502943
218,100.420112,100.1427549,100.697469,83,sell,0.0003258243269,0.9568670409,0.0003258243269,0.9568670409,0.007909022279,55.23934144
219,100.9522879,100.4122917,101.492284,398,buy,0.0003395791083,0.9457099986,0.0003395791083,0.9457099986,0.003894128666,106.9804683
220,101.9615603,100.9371976,102.9859229,335,buy,0.0003474201408,0.944327878,0.0003474201408,0.944327878,0,200.9311439
221,102.615902,101.952361,103.2794429,322,buy,0.0003501749745,0.958118187,0.0003501749745,0.958118187,0,129.3251711
222,102.6705571,102.6108729,102.7302414,36,buy,0.0003522119177,0.958118187,0.0003522119177,0.958118187,0,11.62636677
223,102.6614491,102.6473419,102.6755563,878,sell,0.0003532713606,0.9652595156,0.0003532713606,0.9652595156,0,2.748299147
224,102.8801718,102.6559831,103.1043604,108,buy,0.0003544890824,0.9652595156,0.0003544890824,0.9652595156,0,43.58248121
225,102.8279041,102.7706629,102.8851452,883,sell,0.0003480604916,0.952203435,0.0003480604916,0.952203435,0,11.13338775
226,102.4020343,101.9729282,102.8311403,143,sell,0.000351123646,0.952203435,0.000351123646,0.952203435,0,83.80810812
227,103.0023412,102.3935151,103.6111673,619,buy,0.0003681412889,0.9347967268,0.0003681412889,0.9347967268,0,118.2159745
228,103.4076268,102.9957465,103.819507,165,buy,0.0003760019235,0.9347967268,0.0003760019235,0.9347967268,0,79.66148477
229,102.40552,101.4081244,103.4029155,723,sell,0.0003983083837,0.9063859649,0.0003983083837,0.9063859649,0,194.7933206
230,102.9926246,102.397154,103.5880952,66,buy,0.0004001265294,0.9063859649,0.0004001265294,0.9063859649,0,115.6336401
231,103.1636123,102.9873408,103.3398838,1752,buy,0.0003651663176,0.9117899888,0.0003651663176,0.9117899888,0,34.17319481
232,103.0961419,103.0237157,103.1685681,94,sell,0.0003651622092,0.9117899888,0.0003651622092,0.9117899888,0,14.05023256
233,102.9183148,102.7357944,103.1008352,1252,sell,0.0003565705507,0.9143664142,0.0003565705507,0.9143664142,0,35.46897897
234,102.4768331,102.0322452,102.921421,573,sell,0.0003623969924,0.9154090044,0.0003623969924,0.9154090044,0,86.76846891
235,103.2538267,102.4659418,104.0417116,603,buy,0.0003852889372,0.9003064046,0.0003852889372,0.9003064046,0,152.6112661
236,103.9770621,103.2437608,104.7103633,374,buy,0.0004051145087,0.8984547461,0.0004051145087,0.8984547461,0,141.0505792
237,103.845693,103.7094899,103.9818961,296,sell,0.0004069514966,0.8974319545,0.0004069514966,0.8974319545,0,26.23182536
238,103.2801733,102.7127333,103.8476133,749,sell,0.0004208293572,0.9189884918,0.0004208293572,0.9189884918,0,109.8836283
239,103.5194375,103.274619,103.764256,509,buy,0.0004256747484,0.9208404232,0.0004256747484,0.9208404232,0,47.29903608
240,104.4323542,103.5063867,105.3583218,399,buy,0.0004349435053,0.9211612143,0.0004349435053,0.9211612143,0,177.3334646
241,104.4815179,104.4273311,104.5357048,207,buy,0.0004452408748,0.9204756596,0.0004452408748,0.9204756596,0,10.37252269
242,103.8670323,103.2511606,104.482904,993,sell,0.0004564415814,0.9211728304,0.0004564415814,0.9211728304,0,118.5884759
243,103.6878624,103.5040016,103.8717232,49,sell,0.0004656398397,0.9211728304,0.0004656398397,0.9211728304,0,35.46428544
244,103.689009,103.6828624,103.6951556,360,buy,0.0004625572758,0.91295275,0.0004625572758,0.91295275,0,1.185582629
245,103.7625649,103.6839568,103.8411729,20,buy,0.0004621412139,0.91295275,0.0004621412139,0.91295275,0,15.15152153
246,103.411727,103.0570754,103.7663786,114,sell,0.0004706079561,0.91295275,0.0004706079561,0.91295275,0,68.59021391
247,102.4353399,101.4631716,103.4075082,313,sell,0.0004814447041,0.9105185185,0.0004814447041,0.9105185185,0,189.8111147
248,102.7759713,102.4292072,103.1227353,449,buy,0.0004841220022,0.9221458458,0.0004841220022,0.9221458458,0,67.47959664
249,102.9616123,102.7706359,103.1525886,201,buy,0.0004871273329,0.9213584906,0.0004871273329,0.9213584906,0,37.09661063
250,103.1951659,102.9560825,103.4342493,588,buy,0.0004753031433,0.9229061853,0.0004753031433,0.9229061853,0,46.33616407
251,102.8194349,102.4400719,103.1987979,272,sell,0.0005262332558,0.9246543421,0.0005262332558,0.9246543421,0,73.79208152
252,102.9728082,102.8142061,103.1314103,355,buy,0.0005241671032,0.9383886256,0.0005241671032,0.9383886256,0,30.80465467
253,103.1999665,102.9673071,103.4326259,486,buy,0.0005399935774,0.9608761077,0.0005399935774,0.9608761077,0,45.08905203
254,102.8343986,102.4651256,103.2036715,111,sell,0.0005362671122,0.9608761077,0.0005362671122,0.9608761077,0,71.81896091
255,102.9078808,102.829346,102.9864155,151,buy,0.0005470811831,0.9682427664,0.0005470811831,0.9682427664,0,15.26310784
256,102.8392147,102.7655944,102.9128349,334,sell,0.0005587372458,0.9634591961,0.0005587372458,0.9634591961,0,14.31754757
257,102.3415655,101.8413245,102.8418065,1252,sell,0.0005445472913,0.9631071941,0.0005445472913,0.9631071941,0,97.75910656
258,103.3032407,102.3275289,104.2789525,381,buy,0.0005619366886,0.9623667155,0.0005619366886,0.9623667155,0,188.9024616
259,103.2304002,103.1526111,103.3081894,143,sell,0.0005513730621,0.9623667155,0.0005513730621,0.9623667155,0,15.0709734
260,102.8376751,102.441444,103.2339062,321,sell,0.0005556763831,0.9618118171,0.0005556763831,0.9618118171,0,77.05951502
261,102.7155987,102.5886672,102.8425302,104,sell,0.0005553806746,0.9618118171,0.0005553806746,0.9618118171,0,24.71513164
262,102.4529889,102.1860505,102.7199273,204,sell,0.0005574620833,0.9615425702,0.0005574620833,0.9615425702,0,52.10944131
263,102.6015324,102.4477735,102.7552913,200,buy,0.000551945079,0.9611440907,0.000551945079,0.9611440907,0,29.97204455
264,103.3450137,102.5911449,104.0988825,354,buy,0.0005615336419,0.9594137542,0.0005615336419,0.9594137542,0,145.8936011
265,103.5358335,103.3396614,103.7320055,323,buy,0.0005649052551,0.9585444496,0.0005649052551,0.9585444496,0,37.89452675
266,104.474896,103.5223162,105.4274758,530,buy,0.0005790210183,0.9591605218,0.0005790210183,0.9591605218,0,182.3557291
267,104.3686391,104.2574903,104.479788,207,sell,0.0005770042583,0.9591605218,0.0005770042583,0.9591605218,0,21.29927582
268,104.5632614,104.3632762,104.7632465,140,buy,0.0005755092268,0.9591605218,0.0005755092268,0.9591605218,0,38.25151302
269,103.6661368,102.7717094,104.5605643,1367,sell,0.0005852756185,0.9313967199,0.0005852756185,0.9313967199,0,172.5592303
270,103.8120319,103.6609315,103.9631324,153,buy,0.0005680990989,0.9313967199,0.0005680990989,0.9313967199,0,29.11038974
271,103.9586414,103.8068249,104.110458,1117,buy,0.0005241063769,0.9468105986,0.0005241063769,0.9468105986,0,29.20710353
272,103.3214359,102.6831361,103.9597357,678,sell,0.0005357917241,0.9518280395,0.0005357917241,0.9518280395,0,123.5561239
273,103.3856044,103.3163961,103.4548127,106,buy,0.0005579722279,0.9518280395,0.0005579722279,0.9518280395,0,13.38838458
274,103.4455994,103.3805696,103.5106292,104,buy,0.0005568869589,0.950697309,0.0005568869589,0.950697309,0,12.57275902
275,103.1848134,102.9196849,103.449942,82,sell,0.0005815820756,0.950697309,0.0005815820756,0.950697309,0,51.38905964
276,103.398853,103.1793695,103.6183366,664,buy,0.0005712723366,0.9379136758,0.0005712723366,0.9379136758,0,42.45376884
277,103.4896055,103.3937733,103.5854376,111,buy,0.0005623753855,0.9379136758,0.0005623753855,0.9379136758,0,18.52014348
278,102.6918057,101.8951562,103.4884552,140,sell,0.0005658966205,0.914533205,0.0005658966205,0.914533205,0,155.1534778
279,101.7141346,100.7407713,102.6874978,200,sell,0.0005504215184,0.9139368095,0.0005504215184,0.9139368095,0,191.3919424
280,101.5301038,101.3414061,101.7188016,2466,sell,0.0004133772425,0.9285541878,0.0004133772425,0.9285541878,0,37.17079759
281,101.3385588,101.1423751,101.5347425,365,sell,0.000466952919,0.9278518037,0.000466952919,0.9278518037,0,38.71846559
282,102.1026057,101.3277982,102.8774131,1211,buy,0.0004794201864,0.9497623897,0.0004794201864,0.9497623897,0,151.7703554
283,102.3437759,102.097036,102.5905157,51,buy,0.0005078446946,0.9497623897,0.0005078446946,0.9497623897,0,48.21784869
284,102.6168037,102.3380475,102.89556,657,buy,0.0005010884185,0.951140782,0.0005010884185,0.951140782,0,54.32955239
285,102.3723141,102.1234071,102.6212212,68,sell,0.0004859272725,0.951140782,0.0004859272725,0.951140782,0,48.6278125
286,102.3426385,102.3079714,102.3773055,16,sell,0.0004739761705,0.951140782,0.0004739761705,0.951140782,0,6.774709856
287,101.8291038,101.3131459,102.3450616,1144,sell,0.0004714540044,0.9510546042,0.0004714540044,0.9510546042,0,101.3379947
288,102.4750728,101.820006,103.1301396,313,buy,0.0004731621371,0.9508087747,0.0004731621371,0.9508087747,0,127.8490043
289,102.2911502,102.1025577,102.4797427,741,sell,0.0004665893609,0.9517950203,0.0004665893609,0.9517950203,0,36.87366635
290,101.9385027,101.582071,102.2949344,424,sell,0.0004520141896,0.9521963824,0.0004520141896,0.9521963824,0,69.93072934
291,101.3018139,100.6641017,101.9395261,321,sell,0.0004584796844,0.9526079841,0.0004584796844,0.9526079841,0,125.9034143
292,101.4775486,101.296509,101.6585882,10,buy,0.0004525754902,0.9526079841,0.0004525754902,0.9526079841,0,35.68071822
293,101.0704778,100.6600398,101.4809157,535,sell,0.0004562139144,0.951839371,0.0004562139144,0.951839371,0,81.21816314
294,101.2854518,101.0650205,101.5058832,1829,buy,0.0004082595042,0.9564444444,0.0004082595042,0.9564444444,0,43.52675121
295,101.6127268,101.2793943,101.9460592,139,buy,0.0004103584762,0.9564444444,0.0004103584762,0.9564444444,0,65.60839926
296,101.33076,101.0445757,101.6169443,10,sell,0.0004090842875,0.9564444444,0.0004090842875,0.9564444444,0,56.48517684
297,100.6963525,100.0609168,101.3317882,245,sell,0.0004033466489,0.9382605354,0.0004033466489,0.9382605354,0,126.208279
298,100.6870185,100.6726855,100.7013516,81,sell,0.0003991102035,0.9382605354,0.0003991102035,0.9382605354,0,2.847058023
299,99.92235691,99.15850245,100.6862114,242,sell,0.0004035208926,0.9387158296,0.0004035208926,0.9387158296,0,152.8896
300,99.94785407,99.9173504,99.97835773,1677,buy,0.0003598294906,0.9569811321,0.0003598294906,0.9569811321,0,6.103916244
301,99.26577013,98.58334101,99.94819925,170,sell,0.0003610581247,0.9569811321,0.0003610581247,0.9569811321,0,137.4953567
302,100.3961593,99.24789782,101.5444209,921,buy,0.0003919543718,0.9348641944,0.0003919543718,0.9348641944,0,228.7461065
303,100.77913,100.3896985,101.1685614,84,buy,0.0003918169042,0.9348641944,0.0003918169042,0.9348641944,0,77.28415229
304,101.1736713,100.7725854,101.5747572,645,buy,0.0003953259086,0.9350748161,0.0003953259086,0.9350748161,0,79.28661605
305,100.9634189,100.7486035,101.1782343,904,sell,0.0003888356192,0.9378112474,0.0003888356192,0.9378112474,0,42.55311512
306,100.7460891,100.5242271,100.9679511,449,sell,0.0003901371381,0.9468118004,0.0003901371381,0.9468118004,0,44.04379138
307,100.7370639,100.7230394,100.7510883,91,sell,0.0003911300478,0.9468118004,0.0003911300478,0.9468118004,0,2.784364896
308,100.4016719,100.0623965,100.7409472,52,sell,0.0003780384409,0.9468118004,0.0003780384409,0.9468118004,0,67.58360733
309,100.0130181,99.62086879,100.4051674,783,sell,0.0003793793011,0.9621230112,0.0003793793011,0.9621230112,0,78.41965223
310,99.41568612,98.81692174,100.0144505,890,sell,0.0003838033349,0.9636135508,0.0003838033349,0.9636135508,0,120.4567217
311,100.189676,99.40466031,100.9746917,59,buy,0.0003865358842,0.9636135508,0.0003865358842,0.9636135508,0,156.7059024
312,100.2381436,100.1846525,100.2916347,101,buy,0.0003857460213,0.9636135508,0.0003857460213,0.9636135508,0,10.67279859
313,100.6932137,100.2310777,101.1553498,595,buy,0.0003910366946,0.9596789484,0.0003910366946,0.9596789484,0,91.79090666
314,99.83835863,98.985761,100.6909563,534,sell,0.0003933808534,0.9601050525,0.0003933808534,0.9601050525,0,170.7956021
315,98.95868235,98.08175691,99.8356078,1529,sell,0.0004032371694,0.9608828939,0.0004032371694,0.9608828939,0,177.2306225
316,99.25957468,98.95276747,99.5663819,1024,buy,0.0003851954322,0.9616263683,0.0003851954322,0.9616263683,0,61.81916816
317,99.27560281,99.25457209,99.29663353,76,buy,0.000385792509,0.9616263683,0.000385792509,0.9616263683,0,4.236835223
318,99.45504966,99.27027845,99.63982086,412,buy,0.0003859580737,0.9598388518,0.0003859580737,0.9598388518,0,37.15672677
319,99.90594922,99.44800541,100.363893,1427,buy,0.0003716729952,0.9624705882,0.0003716729952,0.9624705882,0,91.67498277
320,99.98158955,99.90089195,100.0622872,75,buy,0.0003711285939,0.9624705882,0.0003711285939,0.9624705882,0,16.14249231
321,99.94951085,99.91244244,99.98657926,350,sell,0.0003767963918,0.9527691201,0.0003767963918,0.9527691201,0,7.41742678
322,100.1068419,99.9442632,100.2694205,644,buy,0.0003689255989,0.9533838145,0.0003689255989,0.9533838145,0,32.48102968
323,99.81997108,99.52892238,100.1110198,2400,sell,0.0003221326883,0.9584891745,0.0003221326883,0.9584891745,0,58.31472511
324,98.6743252,97.53682803,99.81182237,82,sell,0.0003227069477,0.9584891745,0.0003227069477,0.9584891745,0,230.5558544
325,98.05078469,97.42618445,98.67538494,304,sell,0.0003258733605,0.95920102,0.0003258733605,0.95920102,0,127.4034155
326,98.76163758,98.04063112,99.48264403,214,buy,0.0003301680353,0.955372189,0.0003301680353,0.955372189,0,146.0094169
327,98.49398902,98.2220658,98.76591224,951,sell,0.000326448061,0.9724192277,0.000326448061,0.9724192277,0,55.21620623
328,98.76302819,98.48825413,99.03780225,1475,buy,0.0003189197775,0.9740987419,0.0003189197775,0.9740987419,0,55.64310119
329,98.58758,98.40744348,98.76771651,11,sell,0.0003152890509,0.9740987419,0.0003152890509,0.9740987419,0,36.54344995
330,98.24934149,97.90726343,98.59141955,523,sell,0.0003686696312,0.9724331927,0.0003686696312,0.9724331927,0,69.63467744
331,98.54224453,98.24346828,98.84102078,1116,buy,0.0003667458409,0.9915730337,0.0003667458409,0.9915730337,0,60.63922102
332,98.92021245,98.5357948,99.30463009,96,buy,0.0003527501505,0.9915730337,0.0003527501505,0.9915730337,0,77.72277007
333,98.08623961,97.2542978,98.91818142,794,sell,0.000364378414,0.9809587439,0.000364378414,0.9809587439,0,169.6347647
334,98.63559425,98.07816282,99.19302567,278,buy,0.000367161285,0.9802711278,0.000367161285,0.9802711278,0,113.028451
335,99.20821818,98.62726991,99.78916646,253,buy,0.0003718707726,0.9800455102,0.0003718707726,0.9800455102,0,117.116966
336,99.37257851,99.20294588,99.54221114,626,buy,0.0003716024476,0.9796900053,0.0003716024476,0.9796900053,0,34.14073161
337,99.44232351,99.36752956,99.51711747,27,buy,0.0003703856999,0.9796900053,0.0003703856999,0.9796900053,0,15.04268033
338,98.83572218,98.22782113,99.44362322,1073,sell,0.0003695749809,0.9767728313,0.0003695749809,0.9767728313,0,123.0124162
339,99.52719864,98.82588445,100.2285128,357,buy,0.0003806734816,0.9762176446,0.0003806734816,0.9762176446,0,140.9291512
340,99.5801204,99.52217049,99.6380703,247,buy,0.0003788434302,0.9758005378,0.0003788434302,0.9758005378,0,11.6388498
341,99.75764312,99.57480393,99.94048232,1133,buy,0.000366591119,0.9752004008,0.000366591119,0.9752004008,0,36.65667933
342,99.25934006,98.75852609,99.76015403,491,sell,0.0003713333433,0.9743440233,0.0003713333433,0.9743440233,0,100.9101951
343,99.33441746,99.25428328,99.41455164,371,buy,0.0003684794359,0.9741480611,0.0003684794359,0.9741480611,0,16.13422261
344,99.03360105,98.72869561,99.33850649,458,sell,0.000395506159,0.972402258,0.000395506159,0.972402258,0,61.57615899
345,99.20457187,99.02830589,99.38083785,1334,buy,0.0003811943891,0.9838773103,0.0003811943891,0.9838773103,0,35.53585859
346,99.47675416,99.1988251,99.75468323,672,buy,0.0003823616222,0.9839068429,0.0003823616222,0.9839068429,0,55.87819375
347,98.54877489,97.62445236,99.47309741,305,sell,0.000386459547,0.9813509211,0.000386459547,0.9813509211,0,187.5868123
348,99.35220504,98.53722483,100.1671852,501,buy,0.0003964831962,0.9815120998,0.0003964831962,0.9815120998,0,164.0588059
349,99.17986802,99.00282994,99.3569061,619,sell,0.0003879159707,0.9820582014,0.0003879159707,0.9820582014,0,35.70040594
350,99.69392019,99.17220367,100.2156367,595,buy,0.00042798549,0.9815799326,0.00042798549,0.9815799326,0,104.6636579
351,99.04627864,98.39784437,99.69471292,840,sell,0.0004320668711,0.9806603774,0.0004320668711,0.9806603774,0,130.9356161
352,99.28259245,99.04071482,99.52447009,506,buy,0.0004090373673,0.9806177119,0.0004090373673,0.9806177119,0,48.72508371
353,99.12712083,98.96689266,99.28734899,615,sell,0.0004053433111,0.9798211796,0.0004053433111,0.9798211796,0,32.32781621
354,99.36564389,99.12154688,99.60974089,427,buy,0.0004030869174,0.9953956344,0.0004030869174,0.9953956344,0,49.13106676
355,99.04978942,98.72993897,99.36963988,327,sell,0.0004108640967,0.9954147915,0.0004108640967,0.9954147915,0,64.58377299
356,99.19578897,99.04457422,99.34700372,157,buy,0.0004115880323,0.9954147915,0.0004115880323,0.9954147915,0,30.4881391
357,99.01133404,98.82222211,99.20044598,99,sell,0.0004122709266,0.9786078098,0.0004122709266,0.9786078098,0,38.20005735
358,98.5427096,98.07130316,99.01411603,175,sell,0.0004140190044,0.9786078098,0.0004140190044,0.9786078098,0,95.67555694
359,97.54187583,96.54620688,98.53754478,77,sell,0.000416881574,0.9779063651,0.000416881574,0.9779063651,0,204.152102
360,97.94582818,97.53520294,98.35645342,237,buy,0.0004136130991,0.9812197667,0.0004136130991,0.9812197667,0,83.84741851
361,98.39523914,97.93876612,98.85171216,751,buy,0.0004185281769,0.9818963153,0.0004185281769,0.9818963153,0,92.78355808
362,98.56374856,98.38995055,98.73754656,53,buy,0.0004183578887,0.9818963153,0.0004183578887,0.9818963153,0,35.2661109
363,98.43201395,98.29545541,98.56857249,119,sell,0.000413084332,0.9818963153,0.000413084332,0.9818963153,0,27.74677283
364,98.2604607,98.08420644,98.43671496,120,sell,0.0004007982904,0.9723183391,0.0004007982904,0.9723183391,0,35.87490985
365,97.78873624,97.31427642,98.26319607,190,sell,0.0003904182401,0.9723183391,0.0003904182401,0.9723183391,0,97.03772459
366,97.4535937,97.11459977,97.79258764,2118,sell,0.0003498592502,0.9749938307,0.0003498592502,0.9749938307,0,69.5703305
367,97.47605333,97.44858853,97.50351814,333,buy,0.0003492403828,0.9746645554,0.0003492403828,0.9746645554,0,5.63519017
368,97.34073041,97.20059535,97.48086547,286,sell,0.0003479819171,0.9744838006,0.0003479819171,0.9744838006,0,28.79268631
369,97.06417194,96.78339922,97.34494467,139,sell,0.0003487863704,0.9744838006,0.0003487863704,0.9744838006,0,57.85301005
370,96.5501877,96.03392515,97.06645024,2394,sell,0.0003207905654,0.9782686396,0.0003207905654,0.9782686396,0,106.9418007
371,97.13883227,96.54159886,97.73606567,94,buy,0.000324949517,0.9782686396,0.000324949517,0.9782686396,0,122.9649133
372,96.20753118,95.28015877,97.13490359,1108,sell,0.0003423302505,0.9644944793,0.0003423302505,0.9644944793,0,192.785824
373,95.88502496,95.55859985,96.21145007,582,sell,0.0003947961714,0.9642623665,0.0003947961714,0.9642623665,0,68.08677571
374,95.19135266,94.49769866,95.88500665,935,sell,0.0004029973419,0.9658262138,0.0004029973419,0.9658262138,0,145.7388668
375,95.00293861,94.80989749,95.19597972,168,sell,0.0003993853774,0.9658262138,0.0003993853774,0.9658262138,0,40.63897757
376,95.25315534,94.99727959,95.50903108,132,buy,0.0003941740027,0.9467455621,0.0003941740027,0.9467455621,0,53.72541051
377,94.38879378,93.52727576,95.25031181,177,sell,0.0004024743438,0.9467455621,0.0004024743438,0.9467455621,0,182.5466756
378,94.9876035,94.37999489,95.59521211,17,buy,0.0004225522469,0.9467455621,0.0004225522469,0.9467455621,0,127.9342963
379,96.11966207,94.96911167,97.27021246,10,buy,0.0004277116657,0.9412234236,0.0004277116657,0.9412234236,0,239.3995928
380,96.51446345,96.11304046,96.91588643,522,buy,0.0004302205304,0.9409104173,0.0004302205304,0.9409104173,0,83.18400574
381,97.06187293,96.50635866,97.6173872,11,buy,0.0004421688287,0.9409104173,0.0004421688287,0.9409104173,0.01561812535,114.4660115
382,96.84290127,96.61942362,97.06637893,148,sell,0.0004398453955,0.9409104173,0.0004398453955,0.9409104173,0,46.15261469
383,96.69531285,96.54294936,96.84767635,80,sell,0.000424385154,0.9365224689,0.000424385154,0.9365224689,0,31.51414275
384,96.59993262,96.49964646,96.70021877,237,sell,0.0004173601717,0.9351923976,0.0004173601717,0.9351923976,0,20.76319314
385,96.85653701,96.59425098,97.11882303,177,buy,0.0004123148973,0.9351923976,0.0004123148973,0.9351923976,0,54.15969489
386,97.02815349,96.85123293,97.20507405,297,buy,0.0004161721388,0.9344727101,0.0004161721388,0.9344727101,0,36.46788148
387,97.51717393,97.02068883,98.01365902,470,buy,0.0004233903388,0.9346938776,0.0004233903388,0.9346938776,0,101.8251607
388,96.92411182,96.32965649,97.51856715,178,sell,0.0004188171719,0.9346938776,0.0004188171719,0.9346938776,0,122.6640762
389,96.54712782,96.16661009,96.92764555,101,sell,0.000407663037,0.9344468957,0.000407663037,0.9344468957,0,78.82528227
390,96.04359897,95.53769621,96.54950173,1500,sell,0.0003998409283,0.9545063146,0.0003998409283,0.9545063146,0,105.348564
391,95.48934508,94.93328971,96.04540045,715,sell,0.0004211529479,0.9559691645,0.0004211529479,0.9559691645,0,116.4643799
392,95.40538286,95.31649447,95.49427125,22,sell,0.0004164717564,0.9559691645,0.0004164717564,0.9559691645,0.007815854266,18.63383146
393,95.37573196,95.34109027,95.41037365,633,sell,0.0004125105639,0.9572113113,0.0004125105639,0.9572113113,0.05967343412,7.264256858
394,95.04656007,94.71352425,95.37959588,303,sell,0.0004124008257,0.9558772357,0.0004124008257,0.9558772357,0.1173679229,70.07845726
395,95.38300375,95.04036913,95.72563837,428,buy,0.0004462147065,0.963598759,0.0004462147065,0.963598759,0.07270551034,71.84395716
396,94.87981426,94.37427933,95.38534919,10,sell,0.0004427648138,0.963598759,0.0004427648138,0.963598759,0.009501157575,106.5632212
397,95.25373905,94.87334061,95.63413748,131,buy,0.0004430741263,0.963598759,0.0004430741263,0.963598759,0,79.87055168
398,95.01438231,94.77062704,95.25813758,1704,sell,0.0003871736133,0.9437402079,0.0003871736133,0.9437402079,0.01553310909,51.30913144
399,94.40105091,93.78667866,95.01542317,829,sell,0.0003968371482,0.9456596506,0.0003968371482,0.9456596506,0.01107878171,130.1621645
400,94.29681341,94.187691,94.40593581,85,sell,0.0003845509537,0.9456596506,0.0003845509537,0.9456596506,0.006201519413,23.14445236
401,94.29265182,94.28349041,94.30181322,698,sell,0.0003689123142,0.9474559361,0.0003689123142,0.9474559361,0,1.943185706
402,94.25131162,94.20498955,94.29763369,143,sell,0.0003668432085,0.9474559361,0.0003668432085,0.9474559361,0.03412371977,9.829480571
403,94.23849253,94.22067518,94.25630988,91,sell,0.0003685396494,0.9379711055,0.0003685396494,0.9379711055,0.05104155228,3.781331571
404,94.13871439,94.0340419,94.24338689,92,sell,0.0003648304987,0.9379711055,0.0003648304987,0.9379711055,0.07143407743,22.23792706
405,94.24413961,94.13359633,94.3546829,781,buy,0.0003554023056,0.9366486661,0.0003554023056,0.9366486661,0.06164295142,23.45891961
406,94.48636932,94.23851702,94.73422162,42,buy,0.000356718984,0.9366486661,0.000356718984,0.9366486661,0.05781843195,52.46308037
407,94.56015322,94.48131171,94.63899474,616,buy,0.0003520136813,0.9370343667,0.0003520136813,0.9370343667,0.04476094314,16.67542044
408,94.59343312,94.55514151,94.63172474,1286,buy,0.0003258121512,0.9387564282,0.0003258121512,0.9387564282,0.04747299349,8.096040948
409,94.75165815,94.58816846,94.91514783,413,buy,0.0003312054885,0.9596817796,0.0003312054885,0.9596817796,0.04227407257,34.50909182
410,94.92110886,94.74635511,95.09586262,455,buy,0.0003258905432,0.9645400818,0.0003258905432,0.9645400818,0.04043152235,36.82084143
411,94.85084135,94.77562585,94.92605685,526,sell,0.0003156465795,0.9645508256,0.0003156465795,0.9645508256,0.04774584897,15.85974318
412,94.77515865,94.69453633,94.85578096,1754,sell,0.0002842362988,0.9696949106,0.0002842362988,0.9696949106,0.04042922307,17.01338476
413,94.75802222,94.73588889,94.78015555,1405,sell,0.0002677479495,0.971923198,0.0002677479495,0.971923198,0.03175695397,4.671547649
414,94.75219675,94.74137164,94.76302186,266,sell,0.0002685288177,0.9715506793,0.0002685288177,0.9715506793,0.04619355944,2.284930443
415,94.77883517,94.74718926,94.81048108,179,buy,0.0002692746981,0.9715506793,0.0002692746981,0.9715506793,0.01679273911,6.677843214
416,94.65056023,94.5174589,94.78366156,10,sell,0.0002867558294,0.9715506793,0.0002867558294,0.9715506793,0,28.12478476
417,94.64004395,94.62452884,94.65555906,155,sell,0.0002888267321,0.950099672,0.0002888267321,0.950099672,0,3.278761857
418,94.63097858,94.61691408,94.64504308,294,sell,0.0002884747719,0.9501477579,0.0002884747719,0.9501477579,0,2.972493947
419,94.49029604,94.34482264,94.63576944,388,sell,0.0002897901207,0.9463124395,0.0002897901207,0.9463124395,0,30.7911832
420,94.35963233,94.22414931,94.49511535,164,sell,0.000309919622,0.9463124395,0.000309919622,0.9463124395,0,28.7163099
421,94.34502278,94.32541549,94.36463007,102,sell,0.0003011202448,0.9445912174,0.0003011202448,0.9445912174,0,4.156507356
422,94.44299734,94.33992104,94.54607364,198,buy,0.000268698564,0.9445912174,0.000268698564,0.9445912174,0,21.82825702
423,94.75853886,94.43694309,95.08013464,806,buy,0.0002690784815,0.9459384144,0.0002690784815,0.9459384144,0,67.87689629
424,94.92958791,94.7532301,95.10594571,10,buy,0.0002484841912,0.9459384144,0.0002484841912,0.9459384144,0,37.15549742
425,94.98570372,94.92455473,95.04685271,600,buy,0.0002431672445,0.947070459,0.0002431672445,0.947070459,0,12.87540889
426,95.02340237,94.98068876,95.06611599,59,buy,0.0002405386371,0.947070459,0.0002405386371,0.947070459,0,8.990125237
427,95.02923666,95.01840202,95.04007131,608,buy,0.000230269391,0.9479194631,0.000230269391,0.9479194631,0,2.280276174
428,95.27838249,95.02358346,95.53318153,841,buy,0.000228632175,0.9630109384,0.000228632175,0.9630109384,0,53.48517302
429,95.0202544,94.75782563,95.28268317,383,sell,0.0002263536622,0.9617843866,0.0002263536622,0.9617843866,0,55.23638581
430,95.03307194,95.01525267,95.0508912,275,buy,0.0002163851302,0.9602843455,0.0002163851302,0.9602843455,0,3.750118248
431,95.04621755,95.02807012,95.06436497,195,buy,0.0002133440033,0.9602843455,0.0002133440033,0.9602843455,0,3.818653296
432,95.18537231,95.04101381,95.3297308,355,buy,0.0002146288073,0.9612309549,0.0002146288073,0.9612309549,0,30.33207538
433,95.11833128,95.04633747,95.19032509,477,sell,0.0002135427576,0.974343026,0.0002135427576,0.974343026,0,15.13773574
434,95.0674947,95.01168528,95.12330411,582,sell,0.0002110743507,0.9741905209,0.0002110743507,0.9741905209,0,11.74100884
435,94.84323277,94.61449988,95.07196567,199,sell,0.0002087302426,0.9741905209,0.0002087302426,0.9741905209,0,48.23388833
436,94.78278728,94.71738031,94.84819425,615,sell,0.0002037087421,0.9732012344,0.0002037087421,0.9732012344,0,13.80144452
437,94.74663238,94.70549128,94.78777349,502,sell,0.0001890138449,0.9733935338,0.0001890138449,0.9733935338,0,8.684446856
438,94.67103262,94.59049318,94.75157206,322,sell,0.0001877061,0.9731051345,0.0001877061,0.9731051345,0,17.01458999
439,94.74799147,94.66597006,94.83001289,330,buy,0.0001889730782,0.972668544,0.0001889730782,0.972668544,0,17.31359398
440,94.77875445,94.74298149,94.81452741,521,buy,0.0001706864871,0.9695600037,0.0001706864871,0.9695600037,0.005899003073,7.548730581
441,94.83874506,94.77371648,94.90377365,110,buy,0.0001557403565,0.9695600037,0.0001557403565,0.9695600037,0,13.71350622
442,94.81079966,94.77786249,94.84373683,838,sell,0.0001516863878,0.9470338983,0.0001516863878,0.9470338983,0,6.947978895
443,94.8357657,94.80579308,94.86573832,698,buy,0.0001503314139,0.9491494083,0.0001503314139,0.9491494083,0,6.320952739
444,94.81431255,94.78786424,94.84076085,352,sell,0.0001461097975,0.9796747967,0.0001461097975,0.9796747967,0,5.578968697
445,94.67755864,94.53600199,94.8191153,454,sell,0.0001401927839,0.9799708667,0.0001401927839,0.9799708667,0,29.90289573
446,94.58099728,94.4795344,94.68246016,571,sell,0.0001426833235,0.9802990955,0.0001426833235,0.9802990955,0,21.45523628
447,94.50204737,94.41816337,94.58593138,487,sell,0.0001386703135,0.980681419,0.0001386703135,0.980681419,0.01898732015,17.75284333
448,94.50155835,94.49606932,94.50704737,901,sell,0.0001323580983,0.9805050953,0.0001323580983,0.9805050953,0.03270646284,1.161679235
449,94.6912626,94.49617753,94.88634766,128,buy,0.0001107045306,0.9805050953,0.0001107045306,0.9805050953,0.03851849757,41.2044491
450,94.44244229,94.1892758,94.69560877,219,sell,0.0001127891296,0.9568136454,0.0001127891296,0.9568136454,0.02951625842,53.61286293
451,94.29018339,94.13316995,94.44719682,918,sell,0.0001182232601,0.9577752151,0.0001182232601,0.9577752151,0.03277231443,33.30430065
452,94.38467819,94.28508869,94.4842677,591,buy,0.0001186694723,0.9568175633,0.0001186694723,0.9568175633,0.04175979163,21.10289665
453,94.54309495,94.3794123,94.7067776,905,buy,0.0001208151803,0.9587700303,0.0001208151803,0.9587700303,0.04005230919,34.62604037
454,94.3194709,94.09137579,94.54756601,1621,sell,0.0001236529611,0.9630750136,0.0001236529611,0.9630750136,0.05658999887,48.36649479
455,94.35937847,94.31445402,94.40430292,201,buy,0.0001238428655,0.9620475203,0.0001238428655,0.9620475203,0.06604925126,9.521990067
456,94.32876689,94.29316525,94.36436854,396,sell,0.0001222457382,0.9618008186,0.0001222457382,0.9618008186,0.07671316282,7.548417175
457,94.37358928,94.3237456,94.42343296,535,buy,0.0001216768097,0.9616561946,0.0001216768097,0.9616561946,0.08853350788,10.56305769
458,94.39830662,94.36858281,94.42803044,53,buy,0.0001321018984,0.9616561946,0.0001321018984,0.9616561946,0.1067884512,6.297532117
459,94.22623847,94.04948397,94.40299298,313,sell,0.0001307138684,0.9513621929,0.0001307138684,0.9513621929,0.06472812491,37.51704629
460,94.26679658,94.22122102,94.31237215,975,buy,0.0001218996669,0.953211673,0.0001218996669,0.953211673,0.1032028792,9.669485019
461,94.26756464,94.26179658,94.27333271,59,buy,0.0001216472849,0.953211673,0.0001216472849,0.953211673,0.09063446394,1.223764519
462,94.24155676,94.21055605,94.27255747,137,sell,0.0001364307432,0.953211673,0.0001364307432,0.953211673,0.1021489132,6.578989514
463,94.11059956,93.97482434,94.24637478,267,sell,0.0001550895614,0.9443561208,0.0001550895614,0.9443561208,0.07959686789,28.85439457
464,93.915312,93.71542969,94.11519432,148,sell,0.0001568960472,0.9443561208,0.0001568960472,0.9443561208,0.1097837096,42.56650263
465,94.26564657,93.90900514,94.622288,24,buy,0.0001588232151,0.9443561208,0.0001588232151,0.9443561208,0.08268800807,75.66731739
466,94.11818166,93.96594744,94.27041589,200,sell,0.0001604494078,0.9407383933,0.0001604494078,0.9407383933,0.121743618,32.34958813
467,93.89858918,93.67450904,94.12266932,389,sell,0.0001642443961,0.9401120897,0.0001642443961,0.9401120897,0.08153800175,47.72811703
468,93.97004327,93.8935348,94.04655174,292,buy,0.0001657040966,0.9553827953,0.0001657040966,0.9553827953,0.04893315102,16.28358699
469,93.82461391,93.67440961,93.9748182,648,sell,0.0001654181217,0.9551934827,0.0001654181217,0.9551934827,0.0474115646,32.01810102
470,93.98736321,93.8193316,94.15539482,863,buy,0.000166008152,0.9570557137,0.000166008152,0.9570557137,0.06973570678,35.75621357
471,93.88856442,93.78486948,93.99225935,1133,sell,0.0001599389463,0.9593032218,0.0001599389463,0.9593032218,0.08728383963,22.08893892
472,93.89622796,93.88356379,93.90889212,300,buy,0.0001580124996,0.9584350154,0.0001580124996,0.9584350154,0.1413147632,2.697481582
473,93.82143482,93.74170126,93.90116838,917,sell,0.0001436691783,0.9597959339,0.0001436691783,0.9597959339,0.09615827825,16.99687455
474,93.75679064,93.68719099,93.82639028,435,sell,0.0001424168792,0.9583168864,0.0001424168792,0.9583168864,0.03794654474,14.84684904
475,93.72225751,93.6827371,93.76177792,696,sell,0.0001406682158,0.9791026429,0.0001406682158,0.9791026429,0,8.43351564
476,93.82874704,93.71713651,93.94035757,250,buy,0.00014207264,0.9779721412,0.00014207264,0.9779721412,0,23.79026321
477,93.78900891,93.7442876,93.83373021,536,sell,0.0001445137182,0.9778735866,0.0001445137182,0.9778735866,0,9.536576909
478,93.86885685,93.78394093,93.95377277,50,buy,0.0001366893898,0.9778735866,0.0001366893898,0.9778735866,0,18.09245869
479,93.82089574,93.76795914,93.87383235,804,sell,0.0001309769633,0.9696128084,0.0001309769633,0.9696128084,0,11.28460871
480,93.76999487,93.71412161,93.82586813,96,sell,0.0001314215326,0.9696128084,0.0001314215326,0.9696128084,0,11.91708633
481,93.81593253,93.76497236,93.8668927,396,buy,0.0001315249504,0.9492486277,0.0001315249504,0.9492486277,0,10.86386221
482,93.77786821,93.73481933,93.82091709,252,sell,0.0001281145819,0.9494804729,0.0001281145819,0.9494804729,0,9.181031441
483,93.67367981,93.56460716,93.78275246,53,sell,0.000127329254,0.9494804729,0.000127329254,0.9494804729,0,23.28779009
484,93.55065823,93.42279822,93.67851824,379,sell,0.0001291384376,0.9496428571,0.0001291384376,0.9496428571,0,27.33492524
485,93.4427073,93.32988094,93.55553366,125,sell,0.0001284980102,0.9496428571,0.0001284980102,0.9496428571,0.03156568867,24.14877844
486,93.3716357,93.29561816,93.44765324,294,sell,0.0001295209223,0.9491158427,0.0001295209223,0.9491158427,0,16.28279107
487,93.38335263,93.36663423,93.40007102,766,buy,0.0001256142167,0.9601184256,0.0001256142167,0.9601184256,0.0576042274,3.580594047
488,93.69205335,93.37733214,94.00677456,242,buy,0.000132223482,0.9573993117,0.000132223482,0.9573993117,0.01533799105,67.18205008
489,93.49469172,93.29274582,93.69663761,704,sell,0.0001347686402,0.9690684134,0.0001347686402,0.9690684134,0.01331275651,43.19943584
490,93.48144415,93.46319846,93.49968984,10,sell,0.0001362494996,0.9690684134,0.0001362494996,0.9690684134,0.02850106047,3.903596074
491,93.51958908,93.47642858,93.56274959,24,buy,0.0001358402282,0.9690684134,0.0001358402282,0.9690684134,0.05402474847,9.230258806
492,93.57607535,93.51455497,93.63759573,367,buy,0.0001405631166,0.9716904092,0.0001405631166,0.9716904092,0.02931023755,13.1487412
493,93.63186483,93.57104209,93.69268758,257,buy,0.0001452814628,0.9713472312,0.0001452814628,0.9713472312,0.003754919123,12.9918902
494,93.57028312,93.50374192,93.63682433,46,sell,0.0001454467777,0.9713472312,0.0001454467777,0.9713472312,0,14.22272163
495,93.37029423,93.16573277,93.57485569,1677,sell,0.0001397577524,0.9746753247,0.0001397577524,0.9746753247,0.00321389682,43.8172462
496,93.29455597,93.21387914,93.37523279,418,sell,0.000139642246,0.9741935484,0.000139642246,0.9741935484,0.04772227603,17.29507627
497,93.20158672,93.10371011,93.29946332,45,sell,0.0001389488827,0.9741935484,0.0001389488827,0.9741935484,0.0893556555,21.00320584
498,93.36709902,93.19629279,93.53790525,359,buy,0.0001490000296,0.9654371937,0.0001490000296,0.9654371937,0.04466197869,36.58809845
499,93.39399636,93.36209127,93.42590144,141,buy,0.0001463836705,0.9654371937,0.0001463836705,0.9654371937,0.003754347718,6.832363146
500,93.20260994,93.00661572,93.39860416,669,sell,0.0001481217055,0.93951185,0.0001481217055,0.93951185,0,42.05766761
501,93.0688951,92.93037209,93.20741811,279,sell,0.0001484337715,0.9393993089,0.0001484337715,0.9393993089,0,29.76784246
502,92.99295114,92.91206915,93.07383313,379,sell,0.0001479988041,0.9363661736,0.0001479988041,0.9363661736,0,17.39529423
503,92.98216964,92.9663894,92.99794989,753,sell,0.0001412505517,0.9381946327,0.0001412505517,0.9381946327,0,3.39425191
504,92.97732335,92.96747731,92.98716939,223,sell,0.0001425026652,0.935435152,0.0001425026652,0.935435152,0,2.117944727
505,92.83032581,92.67856068,92.98209095,1964,sell,0.0001258891138,0.9444263893,0.0001258891138,0.9444263893,0,32.69731805
506,92.97953269,92.82508599,93.13397939,58,buy,0.0001285715127,0.9444263893,0.0001285715127,0.9444263893,0,33.22165573
507,93.06139494,92.97446062,93.14832927,89,buy,0.0001309402669,0.9444263893,0.0001309402669,0.9444263893,0,18.68322025
508,92.89675571,92.72740775,93.06610367,80,sell,0.0001294739955,0.9296608051,0.0001294739955,0.9296608051,0,36.45939185
509,92.74694937,92.5923846,92.90151413,741,sell,0.0001302697378,0.9374053508,0.0001302697378,0.9374053508,0,33.33042574
510,92.81431702,92.74190043,92.8867336,176,buy,0.0001387717371,0.9374053508,0.0001387717371,0.9374053508,0,15.60461527
511,92.70542286,92.59165646,92.81918926,567,sell,0.0001397037633,0.9255170141,0.0001397037633,0.9255170141,0,24.54363382
512,92.86620699,92.70014401,93.03226998,179,buy,0.0001436146724,0.9255170141,0.0001436146724,0.9255170141,0,35.76392208
513,92.91664907,92.8611796,92.97211855,464,buy,0.0001422611258,0.9278416347,0.0001422611258,0.9278416347,0,11.93962083
514,92.79376286,92.66603917,92.92148655,36,sell,0.0001415301676,0.9278416347,0.0001415301676,0.9278416347,0,27.52850778
515,92.87657097,92.78868896,92.96445299,37,buy,0.0001373454423,0.9278416347,0.0001373454423,0.9278416347,0,18.92447366
516,92.9295092,92.8715408,92.98747759,10,buy,0.0001380913661,0.9278416347,0.0001380913661,0.9278416347,0,12.47577791
517,92.75640754,92.57862833,92.93418676,1352,sell,0.0001355833265,0.926243441,0.0001355833265,0.926243441,0,38.33249182
518,92.90805073,92.75115963,93.06494183,387,buy,0.0001382882059,0.9260685977,0.0001382882059,0.9260685977,0,33.77341308
519,92.82629663,92.73961447,92.91297879,1302,sell,0.0001310297891,0.9288920556,0.0001310297891,0.9288920556,0,18.67620742
520,92.75731058,92.6833758,92.83124536,2352,sell,0.000105217007,0.9381851967,0.000105217007,0.9381851967,0,15.94155356
521,92.90324781,92.75208097,93.05441464,11,buy,0.0001078601592,0.9381851967,0.0001078601592,0.9381851967,0,32.54285201
522,93.1690012,92.89748761,93.44051479,42,buy,0.0001130973958,0.9381851967,0.0001130973958,0.9381851967,0,58.28410409
523,93.57072271,93.16226907,93.97917634,581,buy,0.0001271289595,0.9379160187,0.0001271289595,0.9379160187,0,87.30372479
524,93.43712957,93.29872717,93.57553197,51,sell,0.0001252755321,0.9379160187,0.0001252755321,0.9379160187,0,29.6247113
525,93.59631209,93.43185838,93.76076579,1868,buy,0.0001172907569,0.9386119479,0.0001172907569,0.9386119479,0,35.14106526
526,93.46879669,93.33645502,93.60113836,151,sell,0.0001159355822,0.9386119479,0.0001159355822,0.9386119479,0,28.31782904
527,93.02051865,92.56939056,93.47164674,604,sell,0.0001228712716,0.9403018075,0.0001228712716,0.9403018075,0,96.99539338
528,93.13151317,93.01538621,93.24764012,636,buy,0.0001230520737,0.9364855328,0.0001230520737,0.9364855328,0,24.93827288
529,92.90429791,92.672637,93.13595882,864,sell,0.0001277719746,0.9381088825,0.0001277719746,0.9381088825,0.004657520311,49.87087045
530,92.70773074,92.50657947,92.90888202,1031,sell,0.0001303146294,0.9452342756,0.0001303146294,0.9452342756,0.01911790915,43.39471341
531,92.65589811,92.59909445,92.71270177,151,sell,0.0001304959518,0.9452342756,0.0001304959518,0.9452342756,0.02819481047,12.26120709
532,92.60454285,92.54821606,92.66086964,501,sell,0.0001303821856,0.9604888666,0.0001303821856,0.9604888666,0.00205814419,12.16501669
533,92.61252924,92.59954216,92.62551632,166,buy,0.0001307715923,0.9604888666,0.0001307715923,0.9604888666,0,2.804604881
534,92.62548673,92.60752743,92.64344603,705,buy,0.000127123562,0.9617524715,0.000127123562,0.9617524715,0,3.87783168
535,92.68676748,92.62044619,92.75308877,359,buy,0.0001275543727,0.9617111027,0.0001275543727,0.9617111027,0,14.31084359
536,92.38553843,92.08028836,92.69078849,585,sell,0.0001309622863,0.9613600393,0.0001309622863,0.9613600393,0.0003091416015,66.08178583
537,92.20739389,92.02459287,92.39019492,22,sell,0.0001332864669,0.9613600393,0.0001332864669,0.9613600393,0.0222237223,39.6499701
538,92.10054007,91.98881008,92.21227007,450,sell,0.0001286647023,0.9618780961,0.0001286647023,0.9618780961,0.0137512579,24.26261458
539,92.16735737,92.0954916,92.23922314,427,buy,0.0001269523294,0.958438509,0.0001269523294,0.958438509,0.02304481017,15.59462588
540,92.21887998,92.16232857,92.27543138,45,buy,0.0001274909718,0.958438509,0.0001274909718,0.958438509,0.03790817527,12.26460491
541,92.3799561,92.21359863,92.54631357,493,buy,0.0001298323741,0.9684077021,0.0001298323741,0.9684077021,0.04757646506,36.01592332
542,92.52498093,92.37472843,92.67523344,719,buy,0.0001314175555,0.9683675825,0.0001314175555,0.9683675825,0.05665915642,32.4782568
543,92.74519255,92.51945682,92.97092828,117,buy,0.0001334483876,0.9683675825,0.0001334483876,0.9683675825,0.05366111115,48.67869139
544,92.80767955,92.74015045,92.87520864,518,buy,0.0001333943719,0.9886152416,0.0001333943719,0.9886152416,0.05224132445,14.5524792
545,93.11842415,92.80163909,93.43520921,938,buy,0.0001418693417,0.9888070356,0.0001418693417,0.9888070356,0.05756097533,68.0391801
546,93.24743168,93.11324542,93.38161793,302,buy,0.0001427166336,0.9937721333,0.0001427166336,0.9937721333,0.03628731026,28.78068668
547,93.25753981,93.24243058,93.27264904,358,buy,0.0001419364138,0.9937610863,0.0001419364138,0.9937610863,0.01039269174,3.240323202
548,93.32577427,93.25248989,93.39905866,406,buy,0.0001400641568,0.9933993399,0.0001400641568,0.9933993399,0,15.70506873
549,93.35639957,93.32076422,93.39203492,232,buy,0.0001399280495,0.9923498087,0.0001399280495,0.9923498087,0.00741394383,7.634259695
550,93.55134738,93.35099248,93.75170229,688,buy,0.0001398813088,0.9923806678,0.0001398813088,0.9923806678,0.04078953525,42.83314112
551,93.62782876,93.54628486,93.70937267,674,buy,0.0001379613187,1,0.0001379613187,1,0.07671822212,17.41873297
552,93.85720698,93.62226681,94.09214716,694,buy,0.0001405435751,1,0.0001405435751,1,0.09484031379,50.06332076
553,93.9103135,93.85217694,93.96845006,10,buy,0.0001426613388,1,0.0001426613388,1,0.1239961477,12.38129435
554,93.73795,93.56090287,93.91499714,130,sell,0.0001435097106,1,0.0001435097106,1,0.1327047239,37.77491112
555,93.59211675,93.44151038,93.74272312,703,sell,0.0001557324339,0.9983723958,0.0001557324339,0.9983723958,0.1358149725,32.18355886
556,93.68344051,93.58702764,93.77985339,97,buy,0.0001557201873,0.9983723958,0.0001557201873,0.9983723958,0.1394905415,20.58269233
557,93.74979783,93.67839351,93.82120215,786,buy,0.0001533756507,0.9983749086,0.0001533756507,0.9983749086,0.14676654,15.23295385
558,93.91871678,93.74449347,94.09294009,216,buy,0.0001535603201,0.9982596589,0.0001535603201,0.9982596589,0.1565603557,37.10087072
559,94.08604166,93.91341867,94.25866464,328,buy,0.0001529876621,0.9982091691,0.0001529876621,0.9982091691,0.1804536799,36.69470673
560,94.1093631,94.08103588,94.13769032,959,buy,0.0001475664909,0.9982231699,0.0001475664909,0.9982231699,0.1881010803,6.020064684
561,94.11381084,94.10436289,94.12325879,11,buy,0.0001464686792,0.9982231699,0.0001464686792,0.9982231699,0.1973683469,2.007770639
562,94.21229968,94.10870777,94.31589159,420,buy,0.0001463066276,0.9982344633,0.0001463066276,0.9982344633,0.2073326295,21.99116456
563,94.35724748,94.20707668,94.50741828,38,buy,0.0001466016623,0.9982344633,0.0001466016623,0.9982344633,0.2249212169,31.83026359
564,94.47263654,94.35210637,94.59316671,430,buy,0.0001463929602,0.9982160378,0.0001463929602,0.9982160378,0.2021443083,25.51641919
565,94.56302635,94.46755006,94.65850263,29,buy,0.0001463507853,0.9982160378,0.0001463507853,0.9982160378,0.1846007544,20.1931544
566,94.58137491,94.55802278,94.60472703,544,buy,0.0001449148042,0.9982319661,0.0001449148042,0.9982319661,0.1983477376,4.937995564
567,94.54086014,94.49536272,94.58635755,2006,sell,0.0001263352351,0.99844853,0.0001263352351,0.99844853,0.2236689858,9.624920714
568,94.51908089,94.49230665,94.54585512,2439,sell,0.0001052042665,0.9986479178,0.0001052042665,0.9986479178,0.244241535,5.665360323
569,94.64336398,94.51391747,94.7728105,148,buy,0.0001066236369,0.9986479178,0.0001066236369,0.9986479178,0.2473554901,27.35458892
570,94.44748705,94.24701552,94.64795859,887,sell,0.0001264649833,0.979083929,0.0001264649833,0.979083929,0.2597066366,42.4514282
571,94.58173674,94.44229623,94.72117726,1456,buy,0.000123343531,0.9801619687,0.000123343531,0.9801619687,0.2766451592,29.48571646
572,94.5391248,94.49153206,94.58671754,485,sell,0.0001239574435,0.9795812872,0.0001239574435,0.9795812872,0.2762750856,10.06836995
573,94.39143378,94.23897349,94.54389407,394,sell,0.0001202435487,0.9797019527,0.0001202435487,0.9797019527,0.2711755169,32.30384086
574,94.45863207,94.38638594,94.5308782,524,buy,0.0001194895171,0.9799161052,0.0001194895171,0.9799161052,0.2677250001,15.2968819
575,94.37514589,94.2867335,94.46355828,2423,sell,0.0001080778946,0.982198186,0.0001080778946,0.982198186,0.2748351722,18.73637199
576,94.4701651,94.37005022,94.57027997,269,buy,0.0001077885345,0.9822352148,0.0001077885345,0.9822352148,0.2668222837,21.19502529
577,94.22318386,93.97184832,94.47451939,723,sell,0.0001041469613,0.9822701004,0.0001041469613,0.9822701004,0.2709842039,53.34897978
578,94.22115376,94.2141237,94.22818381,906,sell,0.0001016431071,0.982497923,0.0001016431071,0.982497923,0.2789664749,1.492245553
579,94.35473955,94.21596436,94.49351474,665,buy,9.787141163e-05,0.9824697659,9.787141163e-05,0.9824697659,0.2731196229,29.41562637
580,94.4557318,94.34963145,94.56183214,92,buy,9.352107852e-05,0.9824697659,9.352107852e-05,0.9824697659,0.2773020948,22.46562343
581,94.56362609,94.45060855,94.67664362,372,buy,9.350449257e-05,0.9832266108,9.350449257e-05,0.9832266108,0.2754872441,23.90296124
582,94.65706462,94.55853376,94.75559548,561,buy,9.289543506e-05,0.9829148629,9.289543506e-05,0.9829148629,0.2754956426,20.81849047
583,94.91240931,94.65137581,95.1734428,1755,buy,9.594106959e-05,0.9843087362,9.594106959e-05,0.9843087362,0.2621210318,55.00513561
584,94.84653199,94.7757004,94.91736358,537,sell,9.865575058e-05,0.9844806795,9.865575058e-05,0.9844806795,0.2657563821,14.93604264
585,94.83191223,94.81229473,94.85152974,313,sell,9.899007916e-05,0.9839366148,9.899007916e-05,0.9839366148,0.251030051,4.137321335
586,95.01651952,94.82655286,95.20648617,316,buy,9.398638656e-05,0.9838357361,9.398638656e-05,0.9838357361,0.2710993662,39.98602727
587,94.92966619,94.83789226,95.02144013,608,sell,9.490275412e-05,0.9839583785,9.490275412e-05,0.9839583785,0.2488565939,19.33514339
588,94.84377438,94.75296028,94.93458848,34,sell,9.352547393e-05,0.9839583785,9.352547393e-05,0.9839583785,0.2399402514,19.15024956
589,94.71480496,94.58101092,94.84859901,555,sell,9.61167986e-05,0.9839722764,9.61167986e-05,0.9839722764,0.2406174792,28.25198092
590,94.71017425,94.70054377,94.71980474,319,sell,9.633508823e-05,0.9823610035,9.633508823e-05,0.9823610035,0.2399353138,2.033674921
591,94.92493692,94.70468726,95.14518658,39,buy,9.53508173e-05,0.9823610035,9.53508173e-05,0.9823610035,0.2530883993,46.40501548
592,95.16154614,94.91934715,95.40374513,907,buy,9.745636538e-05,0.9806384092,9.745636538e-05,0.9806384092,0.2591421725,50.90270252
593,95.04381746,94.92123442,95.16640049,1239,sell,9.866134856e-05,1,9.866134856e-05,1,0.260934036,25.79505711
594,94.93735196,94.82600572,95.0486982,76,sell,9.950512662e-05,1,9.950512662e-05,1,0.2595101345,23.45678272
595,95.04240902,94.9322357,95.15258234,1077,buy,9.341201461e-05,0.9899927579,9.341201461e-05,0.9899927579,0.2538519372,23.18403383
596,95.08048662,95.03739377,95.12357947,1705,buy,8.585011606e-05,0.9907367908,8.585011606e-05,0.9907367908,0.2535896845,9.064499365
597,94.89125289,94.69739579,95.08511,593,sell,8.915541552e-05,0.9908477842,8.915541552e-05,0.9908477842,0.2579932686,40.8587929
598,95.08309553,94.88586504,95.28032602,344,buy,9.027327895e-05,0.9907475043,9.027327895e-05,0.9907475043,0.2597059322,41.48592098
599,94.90216767,94.71658408,95.08775126,270,sell,9.183814003e-05,0.989352014,9.183814003e-05,0.989352014,0.2539447709,39.11050521
