job_id,created,n,role,shots,counted_shots,success_probability,mean_energy,approx_ratio_mean,best_energy,approx_ratio_best,optimal_found,min_energy,max_energy,num_optimal,uniform_success_probability,uniform_mean_energy,uniform_approx_ratio_mean,uniform_prob_optimum_in_shots,uniform_best_energy_sample,p,run,iteration,run_complete
dasno65vr3kc73ekboc0,2026-09-28 01:57:04.308147+05:30,4,optimization,2000,2000,0.024,-0.880225,0.7593434202,-39.65,1,True,-39.65,121.45,1,0.0625,-4.275,0.7804158908,1,-39.65,,1,1,True
dasno8bojkfs738pijkg,2026-09-28 01:57:13.771076+05:30,4,optimization,2000,2000,0.0665,4.766,0.7242954687,-39.65,1,True,-39.65,121.45,1,0.0625,-4.275,0.7804158908,1,-39.65,,1,2,True
dasnoa2hcrkc73dt2k1g,2026-09-28 01:57:20.530289+05:30,4,optimization,2000,2000,0.1645,-15.853175,0.8522853818,-39.65,1,True,-39.65,121.45,1,0.0625,-4.275,0.7804158908,1,-39.65,,1,3,True
dasnobrg95ks73efpcl0,2026-09-28 01:57:27.933360+05:30,4,optimization,2000,2000,0.0595,-4.00285,0.7787265673,-39.65,1,True,-39.65,121.45,1,0.0625,-4.275,0.7804158908,1,-39.65,,1,4,True
dasnodlvr3kc73ekbong,2026-09-28 01:57:34.048676+05:30,4,optimization,2000,2000,0.131,31.734825,0.5568912166,-39.65,1,True,-39.65,121.45,1,0.0625,-4.275,0.7804158908,1,-39.65,,1,5,True
dasnof5vr3kc73ekboqg,2026-09-28 01:57:41.006179+05:30,4,optimization,2000,2000,0.076,0.279025,0.7521475791,-39.65,1,True,-39.65,121.45,1,0.0625,-4.275,0.7804158908,1,-39.65,,1,6,True
dasnogrojkfs738pik30,2026-09-28 01:57:47.818402+05:30,4,optimization,2000,2000,0.1055,5.206125,0.7215634699,-39.65,1,True,-39.65,121.45,1,0.0625,-4.275,0.7804158908,1,-39.65,,1,7,True
dasnoiihcrkc73dt2kgg,2026-09-28 01:57:54.609384+05:30,4,optimization,2000,2000,0.089,7.350825,0.7082506207,-39.65,1,True,-39.65,121.45,1,0.0625,-4.275,0.7804158908,1,-39.65,,1,8,True
dasnokihcrkc73dt2kk0,2026-09-28 01:58:02.145270+05:30,4,optimization,2000,2000,0.316,-9.664175,0.8138682495,-39.65,1,True,-39.65,121.45,1,0.0625,-4.275,0.7804158908,1,-39.65,,1,9,True
dasnomdvr3kc73ekbp9g,2026-09-28 01:58:10.021636+05:30,4,optimization,2000,2000,0.203,-8.113025,0.8042397579,-39.65,1,True,-39.65,121.45,1,0.0625,-4.275,0.7804158908,1,-39.65,,1,10,True
dasnoo3ojkfs738pikhg,2026-09-28 01:58:16.312226+05:30,4,optimization,2000,2000,0.3115,-11.48615,0.8251778399,-39.65,1,True,-39.65,121.45,1,0.0625,-4.275,0.7804158908,1,-39.65,,1,11,True
dasnoq3ojkfs738piklg,2026-09-28 01:58:24.385214+05:30,4,optimization,2000,2000,0.12,-10.241175,0.8174498759,-39.65,1,True,-39.65,121.45,1,0.0625,-4.275,0.7804158908,1,-39.65,,1,12,True
dasnorrg95ks73efpdig,2026-09-28 01:58:31.787574+05:30,4,optimization,2000,2000,0.146,-13.96815,0.8405844196,-39.65,1,True,-39.65,121.45,1,0.0625,-4.275,0.7804158908,1,-39.65,,1,13,True
dasnotjojkfs738pikug,2026-09-28 01:58:38.585632+05:30,4,optimization,2000,2000,0.1615,-14.60525,0.8445391061,-39.65,1,True,-39.65,121.45,1,0.0625,-4.275,0.7804158908,1,-39.65,,1,14,True
dasnov5vr3kc73ekbpog,2026-09-28 01:58:44.896418+05:30,4,optimization,2000,2000,0.169,-17.828275,0.8645454687,-39.65,1,True,-39.65,121.45,1,0.0625,-4.275,0.7804158908,1,-39.65,,1,15,True
dasnp0rg95ks73efpdu0,2026-09-28 01:58:51.625288+05:30,4,optimization,2000,2000,0.169,-15.7849,0.8518615767,-39.65,1,True,-39.65,121.45,1,0.0625,-4.275,0.7804158908,1,-39.65,,1,16,True
dasnp2dvr3kc73ekbq20,2026-09-28 01:58:57.893534+05:30,4,optimization,2000,2000,0.1775,-16.646725,0.8572112042,-39.65,1,True,-39.65,121.45,1,0.0625,-4.275,0.7804158908,1,-39.65,,1,17,True
dasnp42hcrkc73dt2lkg,2026-09-28 01:59:04.753144+05:30,4,optimization,2000,2000,0.175,-17.48215,0.8623969584,-39.65,1,True,-39.65,121.45,1,0.0625,-4.275,0.7804158908,1,-39.65,,1,18,True
dasnp5tvr3kc73ekbq8g,2026-09-28 01:59:11.847417+05:30,4,optimization,2000,2000,0.165,-16.576375,0.8567745189,-39.65,1,True,-39.65,121.45,1,0.0625,-4.275,0.7804158908,1,-39.65,,1,19,True
dasnp7jojkfs738pilhg,2026-09-28 01:59:18.169741+05:30,4,optimization,2000,2000,0.177,-15.411825,0.849545779,-39.65,1,True,-39.65,121.45,1,0.0625,-4.275,0.7804158908,1,-39.65,,1,20,True
dasnp93ojkfs738pillg,2026-09-28 01:59:24.895626+05:30,4,optimization,2000,2000,0.166,-15.5974,0.8506977033,-39.65,1,True,-39.65,121.45,1,0.0625,-4.275,0.7804158908,1,-39.65,,1,21,True
dasnpatvr3kc73ekbqhg,2026-09-28 01:59:31.625875+05:30,4,optimization,2000,2000,0.185,-16.96185,0.8591672874,-39.65,1,True,-39.65,121.45,1,0.0625,-4.275,0.7804158908,1,-39.65,,1,22,True
dasnpcbojkfs738pilrg,2026-09-28 01:59:37.924496+05:30,4,optimization,2000,2000,0.1875,-16.979075,0.8592742086,-39.65,1,True,-39.65,121.45,1,0.0625,-4.275,0.7804158908,1,-39.65,,1,23,True
dasnpe5vr3kc73ekbqn0,2026-09-28 01:59:44.172259+05:30,4,optimization,2000,2000,0.1655,-15.8408,0.8522085661,-39.65,1,True,-39.65,121.45,1,0.0625,-4.275,0.7804158908,1,-39.65,,1,24,True
dasnpflvr3kc73ekbqog,2026-09-28 01:59:50.356236+05:30,4,optimization,2000,2000,0.1805,-15.475525,0.8499411856,-39.65,1,True,-39.65,121.45,1,0.0625,-4.275,0.7804158908,1,-39.65,,1,25,True
dasnphdvr3kc73ekbqt0,2026-09-28 01:59:57.273412+05:30,4,optimization,2000,2000,0.1815,-18.517075,0.8688210739,-39.65,1,True,-39.65,121.45,1,0.0625,-4.275,0.7804158908,1,-39.65,,1,26,True
dasnpj2hcrkc73dt2meg,2026-09-28 02:00:04.118405+05:30,4,optimization,2000,2000,0.191,-19.12735,0.8726092489,-39.65,1,True,-39.65,121.45,1,0.0625,-4.275,0.7804158908,1,-39.65,,1,27,True
dasnpkrg95ks73efpf00,2026-09-28 02:00:11.557148+05:30,4,optimization,2000,2000,0.181,-18.394375,0.8680594351,-39.65,1,True,-39.65,121.45,1,0.0625,-4.275,0.7804158908,1,-39.65,,1,28,True
dasnpmrojkfs738pimg0,2026-09-28 02:00:19.992534+05:30,4,final,10000,10000,0.1872,-16.546545,0.8565893544,-39.65,1,True,-39.65,121.45,1,0.0625,-4.275,0.7804158908,1,-39.65,,1,29,True
dasnpqrg95ks73efpfa0,2026-09-28 02:00:35.158774+05:30,4,optimization,2000,2000,0.015,-22.818675,0.8955225016,-39.65,1,True,-39.65,121.45,1,0.0625,-4.275,0.7804158908,1,-39.65,,2,1,True
dasnpsbg95ks73efpfdg,2026-09-28 02:00:41.271708+05:30,4,optimization,2000,2000,0.025,-2.183625,0.7674340472,-39.65,1,True,-39.65,121.45,1,0.0625,-4.275,0.7804158908,1,-39.65,,2,2,True
dasnpu5vr3kc73ekbrhg,2026-09-28 02:00:48.521933+05:30,4,optimization,2000,2000,0.157,5.555575,0.7193943203,-39.65,1,True,-39.65,121.45,1,0.0625,-4.275,0.7804158908,1,-39.65,,2,3,True
dasnpvrg95ks73efpfi0,2026-09-28 02:00:55.410517+05:30,4,optimization,2000,2000,0.2375,-22.41805,0.8930356921,-39.65,1,True,-39.65,121.45,1,0.0625,-4.275,0.7804158908,1,-39.65,,2,4,True
dasnq1ihcrkc73dt2n60,2026-09-28 02:01:02.232564+05:30,4,optimization,2000,2000,0.189,-5.57895,0.7885099317,-39.65,1,True,-39.65,121.45,1,0.0625,-4.275,0.7804158908,1,-39.65,,2,5,True
dasnq3ahcrkc73dt2na0,2026-09-28 02:01:09.776365+05:30,4,optimization,2000,2000,0.0245,-6.3878,0.7935307263,-39.65,1,True,-39.65,121.45,1,0.0625,-4.275,0.7804158908,1,-39.65,,2,6,True
dasnq55vr3kc73ekbrqg,2026-09-28 02:01:16.693206+05:30,4,optimization,2000,2000,0.0025,17.391775,0.6459231844,-39.65,1,True,-39.65,121.45,1,0.0625,-4.275,0.7804158908,1,-39.65,,2,7,True
dasnq73ojkfs738pin7g,2026-09-28 02:01:24.247440+05:30,4,optimization,2000,2000,0.0375,-5.1518,0.785858473,-39.65,1,True,-39.65,121.45,1,0.0625,-4.275,0.7804158908,1,-39.65,,2,8,True
dasnq8lvr3kc73ekbs00,2026-09-28 02:01:30.636943+05:30,4,optimization,2000,2000,0.033,11.4644,0.6827163253,-39.65,1,True,-39.65,121.45,1,0.0625,-4.275,0.7804158908,1,-39.65,,2,9,True
dasnqa3ojkfs738pine0,2026-09-28 02:01:36.654483+05:30,4,optimization,2000,2000,0.103,-0.4654,0.7567684668,-39.65,1,True,-39.65,121.45,1,0.0625,-4.275,0.7804158908,1,-39.65,,2,10,True
dasnqbihcrkc73dt2nr0,2026-09-28 02:01:42.402687+05:30,4,optimization,2000,2000,0.0165,-8.5074,0.8066877716,-39.65,1,True,-39.65,121.45,1,0.0625,-4.275,0.7804158908,1,-39.65,,2,11,True
dasnqddvr3kc73ekbs8g,2026-09-28 02:01:49.219582+05:30,4,optimization,2000,2000,0.0055,8.10365,0.7035775916,-39.65,1,True,-39.65,121.45,1,0.0625,-4.275,0.7804158908,1,-39.65,,2,12,True
dasnqf5vr3kc73ekbsd0,2026-09-28 02:01:56.052281+05:30,4,optimization,2000,2000,0.026,-21.6867,0.8884959652,-39.65,1,True,-39.65,121.45,1,0.0625,-4.275,0.7804158908,1,-39.65,,2,13,True
dasnqgjg95ks73efpggg,2026-09-28 02:02:02.912120+05:30,4,optimization,2000,2000,0.0215,-17.5875,0.8630509001,-39.65,1,True,-39.65,121.45,1,0.0625,-4.275,0.7804158908,1,-39.65,,2,14,True
dasnqidvr3kc73ekbsi0,2026-09-28 02:02:09.810340+05:30,4,optimization,2000,2000,0.014,-18.266625,0.8672664494,-39.65,1,True,-39.65,121.45,1,0.0625,-4.275,0.7804158908,1,-39.65,,2,15,True
dasnqk3ojkfs738pintg,2026-09-28 02:02:16.591804+05:30,4,optimization,2000,2000,0.0205,-23.5735,0.9002079454,-39.65,1,True,-39.65,121.45,1,0.0625,-4.275,0.7804158908,1,-39.65,,2,16,True
dasnqltvr3kc73ekbsn0,2026-09-28 02:02:23.742240+05:30,4,optimization,2000,2000,0.0265,-21.0553,0.8845766605,-39.65,1,True,-39.65,121.45,1,0.0625,-4.275,0.7804158908,1,-39.65,,2,17,True
dasnqnbojkfs738pio4g,2026-09-28 02:02:29.937353+05:30,4,optimization,2000,2000,0.0245,-23.77735,0.9014733085,-39.65,1,True,-39.65,121.45,1,0.0625,-4.275,0.7804158908,1,-39.65,,2,18,True
dasnqp3g95ks73efpgu0,2026-09-28 02:02:36.139514+05:30,4,optimization,2000,2000,0.0235,-23.267225,0.898306797,-39.65,1,True,-39.65,121.45,1,0.0625,-4.275,0.7804158908,1,-39.65,,2,19,True
dasnqqjojkfs738pioa0,2026-09-28 02:02:42.875606+05:30,4,optimization,2000,2000,0.0295,-20.930725,0.883803383,-39.65,1,True,-39.65,121.45,1,0.0625,-4.275,0.7804158908,1,-39.65,,2,20,True
dasnqsbg95ks73efph2g,2026-09-28 02:02:49.395970+05:30,4,optimization,2000,2000,0.0195,-23.260125,0.898262725,-39.65,1,True,-39.65,121.45,1,0.0625,-4.275,0.7804158908,1,-39.65,,2,21,True
dasnqu3ojkfs738piog0,2026-09-28 02:02:56.255533+05:30,4,optimization,2000,2000,0.0235,-23.62555,0.9005310366,-39.65,1,True,-39.65,121.45,1,0.0625,-4.275,0.7804158908,1,-39.65,,2,22,True
dasnqvihcrkc73dt2otg,2026-09-28 02:03:02.475000+05:30,4,optimization,2000,2000,0.0225,-23.1042,0.8972948479,-39.65,1,True,-39.65,121.45,1,0.0625,-4.275,0.7804158908,1,-39.65,,2,23,True
dasnr1bg95ks73efphb0,2026-09-28 02:03:09.356586+05:30,4,optimization,2000,2000,0.0275,-23.1164,0.8973705773,-39.65,1,True,-39.65,121.45,1,0.0625,-4.275,0.7804158908,1,-39.65,,2,24,True
dasnr33ojkfs738pioo0,2026-09-28 02:03:16.622365+05:30,4,optimization,2000,2000,0.0255,-24.5847,0.9064847921,-39.65,1,True,-39.65,121.45,1,0.0625,-4.275,0.7804158908,1,-39.65,,2,25,True
dasnr4qhcrkc73dt2p5g,2026-09-28 02:03:23.749094+05:30,4,optimization,2000,2000,0.024,-22.3226,0.892443203,-39.65,1,True,-39.65,121.45,1,0.0625,-4.275,0.7804158908,1,-39.65,,2,26,True
dasnr6ihcrkc73dt2p8g,2026-09-28 02:03:30.564374+05:30,4,final,10000,10000,0.0232,-23.303395,0.898531316,-39.65,1,True,-39.65,121.45,1,0.0625,-4.275,0.7804158908,1,-39.65,,2,27,True
dasnradvr3kc73ekbtug,2026-09-28 02:03:45.655995+05:30,4,optimization,2000,2000,0.032,-6.2479,0.7926623215,-39.65,1,True,-39.65,121.45,1,0.0625,-4.275,0.7804158908,1,-39.65,,3,1,True
dasnrcbojkfs738pip50,2026-09-28 02:03:53.110970+05:30,4,optimization,2000,2000,0.125,-1.44585,0.7628544382,-39.65,1,True,-39.65,121.45,1,0.0625,-4.275,0.7804158908,1,-39.65,,3,2,True
dasnrdrojkfs738pip80,2026-09-28 02:03:59.745387+05:30,4,optimization,2000,2000,0.0105,0.591425,0.7502084109,-39.65,1,True,-39.65,121.45,1,0.0625,-4.275,0.7804158908,1,-39.65,,3,3,True
dasnrfrojkfs738pipbg,2026-09-28 02:04:07.091947+05:30,4,optimization,2000,2000,0.036,-1.035625,0.7603080385,-39.65,1,True,-39.65,121.45,1,0.0625,-4.275,0.7804158908,1,-39.65,,3,4,True
dasnrhbg95ks73efpi0g,2026-09-28 02:04:13.785340+05:30,4,optimization,2000,2000,0.054,-4.67885,0.7829227188,-39.65,1,True,-39.65,121.45,1,0.0625,-4.275,0.7804158908,1,-39.65,,3,5,True
dasnrj3ojkfs738piph0,2026-09-28 02:04:20.618800+05:30,4,optimization,2000,2000,0.253,-4.276925,0.7804278399,-39.65,1,True,-39.65,121.45,1,0.0625,-4.275,0.7804158908,1,-39.65,,3,6,True
dasnrlbojkfs738pipk0,2026-09-28 02:04:29.182753+05:30,4,optimization,2000,2000,0.0655,8.62185,0.7003609559,-39.65,1,True,-39.65,121.45,1,0.0625,-4.275,0.7804158908,1,-39.65,,3,7,True
dasnrmrg95ks73efpi9g,2026-09-28 02:04:35.895486+05:30,4,optimization,2000,2000,0.0075,-11.22165,0.8235360025,-39.65,1,True,-39.65,121.45,1,0.0625,-4.275,0.7804158908,1,-39.65,,3,8,True
dasnrojg95ks73efpic0,2026-09-28 02:04:42.562566+05:30,4,optimization,2000,2000,0.0655,-2.6915,0.7705865922,-39.65,1,True,-39.65,121.45,1,0.0625,-4.275,0.7804158908,1,-39.65,,3,9,True
dasnrqahcrkc73dt2q7g,2026-09-28 02:04:49.329268+05:30,4,optimization,2000,2000,0.0275,0.35865,0.7516533209,-39.65,1,True,-39.65,121.45,1,0.0625,-4.275,0.7804158908,1,-39.65,,3,10,True
dasnrrrg95ks73efpiig,2026-09-28 02:04:55.800173+05:30,4,optimization,2000,2000,0.138,-10.9355,0.8217597765,-39.65,1,True,-39.65,121.45,1,0.0625,-4.275,0.7804158908,1,-39.65,,3,11,True
dasnrujojkfs738piq40,2026-09-28 02:05:06.868818+05:30,4,optimization,2000,2000,0.0125,10.5487,0.6884003724,-39.65,1,True,-39.65,121.45,1,0.0625,-4.275,0.7804158908,1,-39.65,,3,12,True
dasns0bojkfs738piq80,2026-09-28 02:05:13.068780+05:30,4,optimization,2000,2000,0.01,14.3941,0.6645307263,-39.65,1,True,-39.65,121.45,1,0.0625,-4.275,0.7804158908,1,-39.65,,3,13,True
dasns1tvr3kc73ekbv50,2026-09-28 02:05:19.848187+05:30,4,optimization,2000,2000,0.0055,-8.02135,0.8036707014,-39.65,1,True,-39.65,121.45,1,0.0625,-4.275,0.7804158908,1,-39.65,,3,14,True
dasns3jojkfs738piqfg,2026-09-28 02:05:26.663557+05:30,4,optimization,2000,2000,0.007,-16.0119,0.8532706394,-39.65,1,True,-39.65,121.45,1,0.0625,-4.275,0.7804158908,1,-39.65,,3,15,True
dasns5dvr3kc73ekbvc0,2026-09-28 02:05:34.004885+05:30,4,optimization,2000,2000,0.0045,-12.640375,0.8323424891,-39.65,1,True,-39.65,121.45,1,0.0625,-4.275,0.7804158908,1,-39.65,,3,16,True
dasns72hcrkc73dt2qp0,2026-09-28 02:05:40.912449+05:30,4,optimization,2000,2000,0.0145,-20.265625,0.8796748914,-39.65,1,True,-39.65,121.45,1,0.0625,-4.275,0.7804158908,1,-39.65,,3,17,True
dasns8rojkfs738piqog,2026-09-28 02:05:47.684041+05:30,4,optimization,2000,2000,0.016,-22.946375,0.8963151769,-39.65,1,True,-39.65,121.45,1,0.0625,-4.275,0.7804158908,1,-39.65,,3,18,True
dasnsbdvr3kc73ekbvq0,2026-09-28 02:05:57.449682+05:30,4,optimization,2000,2000,0.025,-20.924925,0.8837673805,-39.65,1,True,-39.65,121.45,1,0.0625,-4.275,0.7804158908,1,-39.65,,3,19,True
dasnsd5vr3kc73ekbvv0,2026-09-28 02:06:04.836020+05:30,4,optimization,2000,2000,0.026,-22.374175,0.8927633457,-39.65,1,True,-39.65,121.45,1,0.0625,-4.275,0.7804158908,1,-39.65,,3,20,True
dasnsf3ojkfs738pir30,2026-09-28 02:06:12.761092+05:30,4,optimization,2000,2000,0.0145,-24.553275,0.9062897269,-39.65,1,True,-39.65,121.45,1,0.0625,-4.275,0.7804158908,1,-39.65,,3,21,True
dasnsgrojkfs738pir70,2026-09-28 02:06:19.538420+05:30,4,optimization,2000,2000,0.007,-18.313125,0.86755509,-39.65,1,True,-39.65,121.45,1,0.0625,-4.275,0.7804158908,1,-39.65,,3,22,True
dasnsilvr3kc73ekc09g,2026-09-28 02:06:26.317695+05:30,4,optimization,2000,2000,0.0185,-23.762,0.9013780261,-39.65,1,True,-39.65,121.45,1,0.0625,-4.275,0.7804158908,1,-39.65,,3,23,True
dasnsk5vr3kc73ekc0dg,2026-09-28 02:06:32.441261+05:30,4,optimization,2000,2000,0.0275,-24.5199,0.9060825574,-39.65,1,True,-39.65,121.45,1,0.0625,-4.275,0.7804158908,1,-39.65,,3,24,True
dasnslrg95ks73efpk30,2026-09-28 02:06:39.223219+05:30,4,optimization,2000,2000,0.016,-25.013475,0.9091463377,-39.65,1,True,-39.65,121.45,1,0.0625,-4.275,0.7804158908,1,-39.65,,3,25,True
dasnsnbg95ks73efpk60,2026-09-28 02:06:45.365781+05:30,4,optimization,2000,2000,0.021,-21.18005,0.8853510242,-39.65,1,True,-39.65,121.45,1,0.0625,-4.275,0.7804158908,1,-39.65,,3,26,True
dasnsp5vr3kc73ekc0og,2026-09-28 02:06:52.675011+05:30,4,optimization,2000,2000,0.0135,-23.554675,0.9000910925,-39.65,1,True,-39.65,121.45,1,0.0625,-4.275,0.7804158908,1,-39.65,,3,27,True
dasnsqrg95ks73efpkeg,2026-09-28 02:06:59.500484+05:30,4,optimization,2000,2000,0.017,-23.694975,0.9009619801,-39.65,1,True,-39.65,121.45,1,0.0625,-4.275,0.7804158908,1,-39.65,,3,28,True
dasnsslvr3kc73ekc110,2026-09-28 02:07:06.806693+05:30,4,optimization,2000,2000,0.0235,-24.03655,0.9030822471,-39.65,1,True,-39.65,121.45,1,0.0625,-4.275,0.7804158908,1,-39.65,,3,29,True
dasnsujojkfs738pis60,2026-09-28 02:07:14.248651+05:30,4,optimization,2000,2000,0.011,-23.1874,0.8978112973,-39.65,1,True,-39.65,121.45,1,0.0625,-4.275,0.7804158908,1,-39.65,,3,30,True
dasnt0ahcrkc73dt2s3g,2026-09-28 02:07:21.533350+05:30,4,final,10000,10000,0.0157,-22.73017,0.8949731223,-39.65,1,True,-39.65,121.45,1,0.0625,-4.275,0.7804158908,1,-39.65,,3,31,True
dasnt4bojkfs738pisi0,2026-09-28 02:07:37.612768+05:30,4,optimization,2000,2000,0.034,25.699675,0.594353352,-39.65,1,True,-39.65,121.45,1,0.0625,-4.275,0.7804158908,1,-39.65,,4,1,False
dasnt5qhcrkc73dt2sbg,2026-09-28 02:07:43.648114+05:30,4,optimization,2000,2000,0.2595,-15.210025,0.8482931409,-39.65,1,True,-39.65,121.45,1,0.0625,-4.275,0.7804158908,1,-39.65,,4,2,False
dasnt7lvr3kc73ekc1k0,2026-09-28 02:07:50.521711+05:30,4,optimization,2000,2000,0.1665,6.619925,0.7127875543,-39.65,1,True,-39.65,121.45,1,0.0625,-4.275,0.7804158908,1,-39.65,,4,3,False
dasnt9bojkfs738pisqg,2026-09-28 02:07:57.410299+05:30,4,optimization,2000,2000,0.035,17.593925,0.6446683737,-39.65,1,True,-39.65,121.45,1,0.0625,-4.275,0.7804158908,1,-39.65,,4,4,False
dasntbjg95ks73efple0,2026-09-28 02:08:06.042700+05:30,4,optimization,2000,2000,0.063,0.853275,0.748583023,-39.65,1,True,-39.65,121.45,1,0.0625,-4.275,0.7804158908,1,-39.65,,4,5,False
dasntd3ojkfs738pit0g,2026-09-28 02:08:12.869445+05:30,4,optimization,2000,2000,0.037,0.956025,0.7479452204,-39.65,1,True,-39.65,121.45,1,0.0625,-4.275,0.7804158908,1,-39.65,,4,6,False
dasnteqhcrkc73dt2so0,2026-09-28 02:08:19.711933+05:30,4,optimization,2000,2000,0.1365,-9.176475,0.8108409373,-39.65,1,True,-39.65,121.45,1,0.0625,-4.275,0.7804158908,1,-39.65,,4,7,False
dasntgjg95ks73efpllg,2026-09-28 02:08:26.733112+05:30,4,optimization,2000,2000,0.1925,15.307075,0.658863594,-39.65,1,True,-39.65,121.45,1,0.0625,-4.275,0.7804158908,1,-39.65,,4,8,False
dasntidvr3kc73ekc26g,2026-09-28 02:08:33.563482+05:30,4,optimization,2000,2000,0.2735,-8.3112,0.8054698945,-39.65,1,True,-39.65,121.45,1,0.0625,-4.275,0.7804158908,1,-39.65,,4,9,False
dasntjtvr3kc73ekc2ag,2026-09-28 02:08:39.881256+05:30,4,optimization,2000,2000,0.067,4.4273,0.7263978895,-39.65,1,True,-39.65,121.45,1,0.0625,-4.275,0.7804158908,1,-39.65,,4,10,False
dasntltvr3kc73ekc2g0,2026-09-28 02:08:47.446955+05:30,4,optimization,2000,2000,0.1025,-7.1514,0.7982706394,-39.65,1,True,-39.65,121.45,1,0.0625,-4.275,0.7804158908,1,-39.65,,4,11,False
dasntnrojkfs738pitjg,2026-09-28 02:08:55.259541+05:30,4,optimization,2000,2000,0.134,-17.549375,0.8628142458,-39.65,1,True,-39.65,121.45,1,0.0625,-4.275,0.7804158908,1,-39.65,,4,12,False
dasntpjg95ks73efpm5g,2026-09-28 02:09:02.163277+05:30,4,optimization,2000,2000,0.1265,-6.72,0.7955927995,-39.65,1,True,-39.65,121.45,1,0.0625,-4.275,0.7804158908,1,-39.65,,4,13,False
dasntrbojkfs738pitrg,2026-09-28 02:09:09.103857+05:30,4,optimization,2000,2000,0.0335,-2.5781,0.7698826816,-39.65,1,True,-39.65,121.45,1,0.0625,-4.275,0.7804158908,1,-39.65,,4,14,False
dasntt5vr3kc73ekc2rg,2026-09-28 02:09:16.427010+05:30,4,optimization,2000,2000,0.0345,-0.18815,0.755047486,-39.65,1,True,-39.65,121.45,1,0.0625,-4.275,0.7804158908,1,-39.65,,4,15,False
dasntuqhcrkc73dt2tkg,2026-09-28 02:09:23.189031+05:30,4,optimization,2000,2000,0.0765,-2.158525,0.7672782433,-39.65,1,True,-39.65,121.45,1,0.0625,-4.275,0.7804158908,1,-39.65,,4,16,False
dasnu0bg95ks73efpmh0,2026-09-28 02:09:29.363538+05:30,4,optimization,2000,2000,0.0375,-17.272,0.8610924891,-39.65,1,True,-39.65,121.45,1,0.0625,-4.275,0.7804158908,1,-39.65,,4,17,False
dasnu23g95ks73efpmjg,2026-09-28 02:09:36.066111+05:30,4,optimization,2000,2000,0.1065,-15.975775,0.8530463998,-39.65,1,True,-39.65,121.45,1,0.0625,-4.275,0.7804158908,1,-39.65,,4,18,False
dasno2rojkfs738pijdg,2026-09-28 01:56:51.302373+05:30,10,optimization,2000,2000,0.002,-120.746375,0.8723124346,-248.9,1,True,-248.9,754.75,1,0.0009765625,-122.625,0.8741842276,0.8583051243,-248.9,,1,1,True
dasno4jojkfs738pijfg,2026-09-28 01:56:58.911643+05:30,10,optimization,2000,2000,0,-92.691475,0.8443595626,-248.8,0.9999003637,False,-248.9,754.75,1,0.0009765625,-122.625,0.8741842276,0.8583051243,-248.9,,1,2,True
dasno6qhcrkc73dt2jt0,2026-09-28 01:57:07.397312+05:30,10,optimization,2000,2000,0,-101.917325,0.8535518607,-248.8,0.9999003637,False,-248.9,754.75,1,0.0009765625,-122.625,0.8741842276,0.8583051243,-248.9,,1,3,True
dasno8qhcrkc73dt2jvg,2026-09-28 01:57:15.425618+05:30,10,optimization,2000,2000,0,-101.35465,0.852991232,-248.85,0.9999501818,False,-248.9,754.75,1,0.0009765625,-122.625,0.8741842276,0.8583051243,-248.9,,1,4,True
dasnoajg95ks73efpcj0,2026-09-28 01:57:22.089262+05:30,10,optimization,2000,2000,0.0005,-101.960725,0.8535951029,-248.9,1,True,-248.9,754.75,1,0.0009765625,-122.625,0.8741842276,0.8583051243,-248.9,,1,5,True
dasnocahcrkc73dt2k5g,2026-09-28 01:57:29.403864+05:30,10,optimization,2000,2000,0.0025,-107.18305,0.8587984357,-248.9,1,True,-248.9,754.75,1,0.0009765625,-122.625,0.8741842276,0.8583051243,-248.9,,1,6,True
dasnodqhcrkc73dt2k80,2026-09-28 01:57:35.576632+05:30,10,optimization,2000,2000,0.0015,-103.093675,0.8547239326,-248.9,1,True,-248.9,754.75,1,0.0009765625,-122.625,0.8741842276,0.8583051243,-248.9,,1,7,True
dasnofjg95ks73efpcqg,2026-09-28 01:57:42.381139+05:30,10,optimization,2000,2000,0.002,-94.8497,0.8465099387,-248.9,1,True,-248.9,754.75,1,0.0009765625,-122.625,0.8741842276,0.8583051243,-248.9,,1,8,True
dasnohahcrkc73dt2kf0,2026-09-28 01:57:49.152184+05:30,10,optimization,2000,2000,0.0005,-89.6649,0.8413439944,-248.9,1,True,-248.9,754.75,1,0.0009765625,-122.625,0.8741842276,0.8583051243,-248.9,,1,9,True
dasnoitvr3kc73ekbp10,2026-09-28 01:57:55.941821+05:30,10,optimization,2000,2000,0.0005,-89.128525,0.8408095701,-248.9,1,True,-248.9,754.75,1,0.0009765625,-122.625,0.8741842276,0.8583051243,-248.9,,1,10,True
dasnokqhcrkc73dt2kkg,2026-09-28 01:58:03.327768+05:30,10,optimization,2000,2000,0,-110.1357,0.8617403477,-248.8,0.9999003637,False,-248.9,754.75,1,0.0009765625,-122.625,0.8741842276,0.8583051243,-248.9,,1,11,True
dasnomjg95ks73efpd70,2026-09-28 01:58:10.208455+05:30,10,optimization,2000,2000,0,-101.73725,0.8533724406,-248.8,0.9999003637,False,-248.9,754.75,1,0.0009765625,-122.625,0.8741842276,0.8583051243,-248.9,,1,12,True
dasnoolvr3kc73ekbpcg,2026-09-28 01:58:18.191426+05:30,10,optimization,2000,2000,0.001,-103.28505,0.8549146117,-248.9,1,True,-248.9,754.75,1,0.0009765625,-122.625,0.8741842276,0.8583051243,-248.9,,1,13,True
dasnoqqhcrkc73dt2l00,2026-09-28 01:58:27.285514+05:30,10,optimization,2000,2000,0.002,-127.536475,0.8790778409,-248.9,1,True,-248.9,754.75,1,0.0009765625,-122.625,0.8741842276,0.8583051243,-248.9,,1,14,True
dasnosjojkfs738pikqg,2026-09-28 01:58:34.112371+05:30,10,optimization,2000,2000,0.001,-132.673375,0.8841960594,-248.9,1,True,-248.9,754.75,1,0.0009765625,-122.625,0.8741842276,0.8583051243,-248.9,,1,15,True
dasnou2hcrkc73dt2l6g,2026-09-28 01:58:40.905430+05:30,10,optimization,2000,2000,0,-123.6524,0.8752078912,-248.85,0.9999501818,False,-248.9,754.75,1,0.0009765625,-122.625,0.8741842276,0.8583051243,-248.9,,1,16,True
dasnovqhcrkc73dt2lbg,2026-09-28 01:58:47.628121+05:30,10,optimization,2000,2000,0,-109.696375,0.8613026204,-248.85,0.9999501818,False,-248.9,754.75,1,0.0009765625,-122.625,0.8741842276,0.8583051243,-248.9,,1,17,True
dasnp1jojkfs738pil6g,2026-09-28 01:58:54.653855+05:30,10,optimization,2000,2000,0.0005,-121.021175,0.8725862352,-248.9,1,True,-248.9,754.75,1,0.0009765625,-122.625,0.8741842276,0.8583051243,-248.9,,1,18,True
dasnp3bojkfs738pila0,2026-09-28 01:59:01.371234+05:30,10,optimization,2000,2000,0,-100.753875,0.8523926419,-248.85,0.9999501818,False,-248.9,754.75,1,0.0009765625,-122.625,0.8741842276,0.8583051243,-248.9,,1,19,True
dasnp55vr3kc73ekbq70,2026-09-28 01:59:08.188210+05:30,10,optimization,2000,2000,0.0015,-87.3682,0.8390556469,-248.9,1,True,-248.9,754.75,1,0.0009765625,-122.625,0.8741842276,0.8583051243,-248.9,,1,20,True
dasnp6jojkfs738pilgg,2026-09-28 01:59:14.987110+05:30,10,optimization,2000,2000,0.001,-144.111525,0.895592612,-248.9,1,True,-248.9,754.75,1,0.0009765625,-122.625,0.8741842276,0.8583051243,-248.9,,1,21,True
dasnp8bg95ks73efpec0,2026-09-28 01:59:21.213509+05:30,10,optimization,2000,2000,0.0025,-111.201575,0.8628023464,-248.9,1,True,-248.9,754.75,1,0.0009765625,-122.625,0.8741842276,0.8583051243,-248.9,,1,22,True
dasnpa5vr3kc73ekbqfg,2026-09-28 01:59:28.039725+05:30,10,optimization,2000,2000,0.001,-98.22645,0.8498744084,-248.9,1,True,-248.9,754.75,1,0.0009765625,-122.625,0.8741842276,0.8583051243,-248.9,,1,23,True
dasnpbjojkfs738pilqg,2026-09-28 01:59:35.052851+05:30,10,optimization,2000,2000,0.001,-125.6732,0.8772213421,-248.9,1,True,-248.9,754.75,1,0.0009765625,-122.625,0.8741842276,0.8583051243,-248.9,,1,24,True
dasnpdjojkfs738pilt0,2026-09-28 01:59:42.412379+05:30,10,optimization,2000,2000,0.002,-118.939025,0.8705116575,-248.9,1,True,-248.9,754.75,1,0.0009765625,-122.625,0.8741842276,0.8583051243,-248.9,,1,25,True
dasnpfahcrkc73dt2m6g,2026-09-28 01:59:49.326588+05:30,10,optimization,2000,2000,0.0015,-121.798775,0.8733610073,-248.9,1,True,-248.9,754.75,1,0.0009765625,-122.625,0.8741842276,0.8583051243,-248.9,,1,26,True
dasnph5vr3kc73ekbqsg,2026-09-28 01:59:56.209551+05:30,10,optimization,2000,2000,0.0005,-146.782275,0.8982536492,-248.9,1,True,-248.9,754.75,1,0.0009765625,-122.625,0.8741842276,0.8583051243,-248.9,,1,27,True
dasnpirg95ks73efpeqg,2026-09-28 02:00:03.393749+05:30,10,optimization,2000,2000,0.001,-121.60575,0.8731686843,-248.9,1,True,-248.9,754.75,1,0.0009765625,-122.625,0.8741842276,0.8583051243,-248.9,,1,28,True
dasnpkjg95ks73efpetg,2026-09-28 02:00:10.237915+05:30,10,final,10000,10000,0.0015,-132.385815,0.8839095452,-248.9,1,True,-248.9,754.75,1,0.0009765625,-122.625,0.8741842276,0.9999428823,-248.9,,1,29,True
dasnpoihcrkc73dt2mng,2026-09-28 02:00:26.486778+05:30,10,optimization,2000,2000,0.0015,-158.782475,0.9102102077,-248.9,1,True,-248.9,754.75,1,0.0009765625,-122.625,0.8741842276,0.8583051243,-248.9,,2,1,True
dasnpqdvr3kc73ekbrb0,2026-09-28 02:00:33.303592+05:30,10,optimization,2000,2000,0.0015,-110.9209,0.8625226922,-248.9,1,True,-248.9,754.75,1,0.0009765625,-122.625,0.8741842276,0.8583051243,-248.9,,2,2,True
dasnprrojkfs738pimng,2026-09-28 02:00:39.589036+05:30,10,optimization,2000,2000,0.0005,-116.2896,0.8678718677,-248.9,1,True,-248.9,754.75,1,0.0009765625,-122.625,0.8741842276,0.8583051243,-248.9,,2,3,True
dasnpttvr3kc73ekbrgg,2026-09-28 02:00:47.065416+05:30,10,optimization,2000,2000,0.001,-173.44675,0.9248211528,-248.9,1,True,-248.9,754.75,1,0.0009765625,-122.625,0.8741842276,0.8583051243,-248.9,,2,4,True
dasnpvdvr3kc73ekbrj0,2026-09-28 02:00:53.944856+05:30,10,optimization,2000,2000,0.0005,-96.502525,0.8481567529,-248.9,1,True,-248.9,754.75,1,0.0009765625,-122.625,0.8741842276,0.8583051243,-248.9,,2,5,True
dasnq12hcrkc73dt2n50,2026-09-28 02:01:00.958951+05:30,10,optimization,2000,2000,0.002,-150.156075,0.9016151796,-248.9,1,True,-248.9,754.75,1,0.0009765625,-122.625,0.8741842276,0.8583051243,-248.9,,2,6,True
dasnq33ojkfs738pin00,2026-09-28 02:01:08.390725+05:30,10,optimization,2000,2000,0.0005,-100.362725,0.8520029144,-248.9,1,True,-248.9,754.75,1,0.0009765625,-122.625,0.8741842276,0.8583051243,-248.9,,2,7,True
dasnq4qhcrkc73dt2nd0,2026-09-28 02:01:15.320623+05:30,10,optimization,2000,2000,0.0005,-131.1432,0.8826714492,-248.9,1,True,-248.9,754.75,1,0.0009765625,-122.625,0.8741842276,0.8583051243,-248.9,,2,8,True
dasnq6jojkfs738pin6g,2026-09-28 02:01:22.368610+05:30,10,optimization,2000,2000,0,-29.142825,0.7810420216,-248.85,0.9999501818,False,-248.9,754.75,1,0.0009765625,-122.625,0.8741842276,0.8583051243,-248.9,,2,9,True
dasnq83ojkfs738pinag,2026-09-28 02:01:28.647522+05:30,10,optimization,2000,2000,0,-113.498125,0.8650905445,-248.85,0.9999501818,False,-248.9,754.75,1,0.0009765625,-122.625,0.8741842276,0.8583051243,-248.9,,2,10,True
dasnq9rg95ks73efpg40,2026-09-28 02:01:35.337203+05:30,10,optimization,2000,2000,0,26.04915,0.7260507647,-248.85,0.9999501818,False,-248.9,754.75,1,0.0009765625,-122.625,0.8741842276,0.8583051243,-248.9,,2,11,True
dasnqbrg95ks73efpg7g,2026-09-28 02:01:43.960680+05:30,10,optimization,2000,2000,0.0005,-105.7929,0.8574133413,-248.9,1,True,-248.9,754.75,1,0.0009765625,-122.625,0.8741842276,0.8583051243,-248.9,,2,12,True
dasnqdlvr3kc73ekbsa0,2026-09-28 02:01:50.993235+05:30,10,optimization,2000,2000,0.0015,-211.341225,0.962577816,-248.9,1,True,-248.9,754.75,1,0.0009765625,-122.625,0.8741842276,0.8583051243,-248.9,,2,13,True
dasnqfbg95ks73efpge0,2026-09-28 02:01:57.964924+05:30,10,optimization,2000,2000,0.0005,14.264325,0.7377927315,-248.9,1,True,-248.9,754.75,1,0.0009765625,-122.625,0.8741842276,0.8583051243,-248.9,,2,14,True
dasnqh3g95ks73efpgh0,2026-09-28 02:02:04.280396+05:30,10,optimization,2000,2000,0.0035,-195.293,0.946587954,-248.9,1,True,-248.9,754.75,1,0.0009765625,-122.625,0.8741842276,0.8583051243,-248.9,,2,15,True
dasnqitvr3kc73ekbsig,2026-09-28 02:02:11.196862+05:30,10,optimization,2000,2000,0.0005,-17.25205,0.7691944901,-248.9,1,True,-248.9,754.75,1,0.0009765625,-122.625,0.8741842276,0.8583051243,-248.9,,2,16,True
dasnqkjojkfs738pinug,2026-09-28 02:02:18.582838+05:30,10,optimization,2000,2000,0.0015,-214.315475,0.9655412494,-248.9,1,True,-248.9,754.75,1,0.0009765625,-122.625,0.8741842276,0.8583051243,-248.9,,2,17,True
dasnqmbg95ks73efpgp0,2026-09-28 02:02:25.123275+05:30,10,optimization,2000,2000,0.0035,-174.723275,0.9260930354,-248.9,1,True,-248.9,754.75,1,0.0009765625,-122.625,0.8741842276,0.8583051243,-248.9,,2,18,True
dasnqnqhcrkc73dt2ofg,2026-09-28 02:02:31.400825+05:30,10,optimization,2000,2000,0.001,-162.390225,0.9138048373,-248.9,1,True,-248.9,754.75,1,0.0009765625,-122.625,0.8741842276,0.8583051243,-248.9,,2,19,True
dasnqpihcrkc73dt2oj0,2026-09-28 02:02:38.319100+05:30,10,optimization,2000,2000,0.001,-205.7404,0.9569973596,-248.9,1,True,-248.9,754.75,1,0.0009765625,-122.625,0.8741842276,0.8583051243,-248.9,,2,20,True
dasnqrdvr3kc73ekbt10,2026-09-28 02:02:45.322011+05:30,10,optimization,2000,2000,0.002,-199.043825,0.9503251382,-248.9,1,True,-248.9,754.75,1,0.0009765625,-122.625,0.8741842276,0.8583051243,-248.9,,2,21,True
dasnqt3g95ks73efph40,2026-09-28 02:02:52.229255+05:30,10,optimization,2000,2000,0.0025,-205.406825,0.9566649978,-248.9,1,True,-248.9,754.75,1,0.0009765625,-122.625,0.8741842276,0.8583051243,-248.9,,2,22,True
dasnqujojkfs738piogg,2026-09-28 02:02:58.400307+05:30,10,optimization,2000,2000,0.0015,-204.19825,0.955460818,-248.9,1,True,-248.9,754.75,1,0.0009765625,-122.625,0.8741842276,0.8583051243,-248.9,,2,23,True
dasnr02hcrkc73dt2ov0,2026-09-28 02:03:04.702911+05:30,10,optimization,2000,2000,0.0005,-208.66575,0.9599120709,-248.9,1,True,-248.9,754.75,1,0.0009765625,-122.625,0.8741842276,0.8583051243,-248.9,,2,24,True
dasnr1tvr3kc73ekbtd0,2026-09-28 02:03:11.657823+05:30,10,optimization,2000,2000,0.003,-212.561475,0.9637936283,-248.9,1,True,-248.9,754.75,1,0.0009765625,-122.625,0.8741842276,0.8583051243,-248.9,,2,25,True
dasnr3dvr3kc73ekbtig,2026-09-28 02:03:18.008605+05:30,10,optimization,2000,2000,0.002,-200.11325,0.951390674,-248.9,1,True,-248.9,754.75,1,0.0009765625,-122.625,0.8741842276,0.8583051243,-248.9,,2,26,True
dasnr52hcrkc73dt2p6g,2026-09-28 02:03:24.988662+05:30,10,optimization,2000,2000,0.002,-205.7078,0.9569648782,-248.9,1,True,-248.9,754.75,1,0.0009765625,-122.625,0.8741842276,0.8583051243,-248.9,,2,27,True
dasnr6rojkfs738piot0,2026-09-28 02:03:31.712443+05:30,10,optimization,2000,2000,0.001,-192.33495,0.9436406616,-248.9,1,True,-248.9,754.75,1,0.0009765625,-122.625,0.8741842276,0.8583051243,-248.9,,2,28,True
dasnr95vr3kc73ekbtrg,2026-09-28 02:03:40.665595+05:30,10,optimization,2000,2000,0.0005,-192.940225,0.9442437354,-248.9,1,True,-248.9,754.75,1,0.0009765625,-122.625,0.8741842276,0.8583051243,-248.9,,2,29,True
dasnraihcrkc73dt2pgg,2026-09-28 02:03:46.974317+05:30,10,optimization,2000,2000,0.002,-205.5014,0.9567592288,-248.9,1,True,-248.9,754.75,1,0.0009765625,-122.625,0.8741842276,0.8583051243,-248.9,,2,30,True
dasnrcjojkfs738pip60,2026-09-28 02:03:54.536979+05:30,10,final,10000,10000,0.0012,-206.162835,0.9574182584,-248.9,1,True,-248.9,754.75,1,0.0009765625,-122.625,0.8741842276,0.9999428823,-248.9,,2,31,True
dasnrgjg95ks73efphvg,2026-09-28 02:04:10.570853+05:30,10,optimization,2000,2000,0,-120.930725,0.8724961142,-248.85,0.9999501818,False,-248.9,754.75,1,0.0009765625,-122.625,0.8741842276,0.8583051243,-248.9,,3,1,True
dasnribg95ks73efpi40,2026-09-28 02:04:17.628203+05:30,10,optimization,2000,2000,0,-142.335475,0.893823021,-248.85,0.9999501818,False,-248.9,754.75,1,0.0009765625,-122.625,0.8741842276,0.8583051243,-248.9,,3,2,True
dasnrkdvr3kc73ekbug0,2026-09-28 02:04:25.204315+05:30,10,optimization,2000,2000,0,-72.595275,0.824336447,-248.85,0.9999501818,False,-248.9,754.75,1,0.0009765625,-122.625,0.8741842276,0.8583051243,-248.9,,3,3,True
dasnrm2hcrkc73dt2q1g,2026-09-28 02:04:32.518295+05:30,10,optimization,2000,2000,0.001,-78.43935,0.8301592687,-248.9,1,True,-248.9,754.75,1,0.0009765625,-122.625,0.8741842276,0.8583051243,-248.9,,3,4,True
dasnrnrg95ks73efpib0,2026-09-28 02:04:39.352375+05:30,10,optimization,2000,2000,0.002,-151.510875,0.9029650526,-248.9,1,True,-248.9,754.75,1,0.0009765625,-122.625,0.8741842276,0.8583051243,-248.9,,3,5,True
dasnrpihcrkc73dt2q6g,2026-09-28 02:04:46.145783+05:30,10,optimization,2000,2000,0,-117.5681,0.8691457181,-248.85,0.9999501818,False,-248.9,754.75,1,0.0009765625,-122.625,0.8741842276,0.8583051243,-248.9,,3,6,True
dasnrr2hcrkc73dt2q8g,2026-09-28 02:04:52.864575+05:30,10,optimization,2000,2000,0.001,-131.01615,0.8825448613,-248.9,1,True,-248.9,754.75,1,0.0009765625,-122.625,0.8741842276,0.8583051243,-248.9,,3,7,True
dasnrsrojkfs738piq10,2026-09-28 02:04:59.596661+05:30,10,optimization,2000,2000,0.001,-153.80885,0.9052546705,-248.9,1,True,-248.9,754.75,1,0.0009765625,-122.625,0.8741842276,0.8583051243,-248.9,,3,8,True
dasnrv3ojkfs738piq60,2026-09-28 02:05:08.384043+05:30,10,optimization,2000,2000,0.0015,-140.6081,0.892101928,-248.9,1,True,-248.9,754.75,1,0.0009765625,-122.625,0.8741842276,0.8583051243,-248.9,,3,9,True
dasns0qhcrkc73dt2qeg,2026-09-28 02:05:15.212629+05:30,10,optimization,2000,2000,0.0005,-163.88085,0.9152900413,-248.9,1,True,-248.9,754.75,1,0.0009765625,-122.625,0.8741842276,0.8583051243,-248.9,,3,10,True
dasns2ahcrkc73dt2qhg,2026-09-28 02:05:21.931505+05:30,10,optimization,2000,2000,0.001,-118.676275,0.870249863,-248.9,1,True,-248.9,754.75,1,0.0009765625,-122.625,0.8741842276,0.8583051243,-248.9,,3,11,True
dasns4tvr3kc73ekbv9g,2026-09-28 02:05:31.202527+05:30,10,optimization,2000,2000,0.002,-112.15945,0.8637567379,-248.9,1,True,-248.9,754.75,1,0.0009765625,-122.625,0.8741842276,0.8583051243,-248.9,,3,12,True
dasns6dvr3kc73ekbve0,2026-09-28 02:05:37.461172+05:30,10,optimization,2000,2000,0.0005,-154.092275,0.9055370647,-248.9,1,True,-248.9,754.75,1,0.0009765625,-122.625,0.8741842276,0.8583051243,-248.9,,3,13,True
dasns8ahcrkc73dt2qsg,2026-09-28 02:05:45.518675+05:30,10,optimization,2000,2000,0,-119.21025,0.8707818961,-248.85,0.9999501818,False,-248.9,754.75,1,0.0009765625,-122.625,0.8741842276,0.8583051243,-248.9,,3,14,True
dasnsaqhcrkc73dt2r00,2026-09-28 02:05:55.376738+05:30,10,optimization,2000,2000,0.001,-129.094375,0.8806300752,-248.9,1,True,-248.9,754.75,1,0.0009765625,-122.625,0.8741842276,0.8583051243,-248.9,,3,15,True
dasnscjg95ks73efpjbg,2026-09-28 02:06:02.176640+05:30,10,optimization,2000,2000,0.001,-182.939625,0.9342795048,-248.9,1,True,-248.9,754.75,1,0.0009765625,-122.625,0.8741842276,0.8583051243,-248.9,,3,16,True
dasnse3g95ks73efpjf0,2026-09-28 02:06:08.257811+05:30,10,optimization,2000,2000,0,-181.464625,0.932809869,-248.85,0.9999501818,False,-248.9,754.75,1,0.0009765625,-122.625,0.8741842276,0.8583051243,-248.9,,3,17,True
dasnsgahcrkc73dt2r70,2026-09-28 02:06:17.917918+05:30,10,optimization,2000,2000,0.001,-143.510125,0.8949933991,-248.9,1,True,-248.9,754.75,1,0.0009765625,-122.625,0.8741842276,0.8583051243,-248.9,,3,18,True
dasnsi3g95ks73efpjog,2026-09-28 02:06:25.019285+05:30,10,optimization,2000,2000,0.001,-183.560625,0.9348982464,-248.9,1,True,-248.9,754.75,1,0.0009765625,-122.625,0.8741842276,0.8583051243,-248.9,,3,19,True
dasnsjtvr3kc73ekc0d0,2026-09-28 02:06:31.242792+05:30,10,optimization,2000,2000,0.001,-189.304225,0.9406209585,-248.9,1,True,-248.9,754.75,1,0.0009765625,-122.625,0.8741842276,0.8583051243,-248.9,,3,20,True
dasnslbojkfs738pirig,2026-09-28 02:06:37.975094+05:30,10,optimization,2000,2000,0,-190.789625,0.9421009565,-248.85,0.9999501818,False,-248.9,754.75,1,0.0009765625,-122.625,0.8741842276,0.8583051243,-248.9,,3,21,True
dasnsnrojkfs738pirmg,2026-09-28 02:06:47.753219+05:30,10,optimization,2000,2000,0.0025,-178.29675,0.9296535147,-248.9,1,True,-248.9,754.75,1,0.0009765625,-122.625,0.8741842276,0.8583051243,-248.9,,3,22,True
dasnsprg95ks73efpkb0,2026-09-28 02:06:55.748244+05:30,10,optimization,2000,2000,0.002,-186.289275,0.937616973,-248.9,1,True,-248.9,754.75,1,0.0009765625,-122.625,0.8741842276,0.8583051243,-248.9,,3,23,True
dasnsrjojkfs738pirv0,2026-09-28 02:07:02.697673+05:30,10,optimization,2000,2000,0.0015,-184.739175,0.9360725103,-248.9,1,True,-248.9,754.75,1,0.0009765625,-122.625,0.8741842276,0.8583051243,-248.9,,3,24,True
dasnstbojkfs738pis20,2026-09-28 02:07:09.459360+05:30,10,optimization,2000,2000,0.001,-185.143325,0.9364751906,-248.9,1,True,-248.9,754.75,1,0.0009765625,-122.625,0.8741842276,0.8583051243,-248.9,,3,25,True
dasnsv3ojkfs738pis80,2026-09-28 02:07:16.865289+05:30,10,optimization,2000,2000,0.001,-187.947425,0.9392690928,-248.9,1,True,-248.9,754.75,1,0.0009765625,-122.625,0.8741842276,0.8583051243,-248.9,,3,26,True
dasnt1lvr3kc73ekc18g,2026-09-28 02:07:26.218566+05:30,10,optimization,2000,2000,0.0005,-160.658775,0.9120796842,-248.9,1,True,-248.9,754.75,1,0.0009765625,-122.625,0.8741842276,0.8583051243,-248.9,,3,27,True
dasnt3tvr3kc73ekc1d0,2026-09-28 02:07:35.514852+05:30,10,optimization,2000,2000,0.0005,-179.462875,0.9308153988,-248.9,1,True,-248.9,754.75,1,0.0009765625,-122.625,0.8741842276,0.8583051243,-248.9,,3,28,True
dasnt5ahcrkc73dt2sag,2026-09-28 02:07:41.668727+05:30,10,optimization,2000,2000,0.0025,-178.9845,0.9303387635,-248.9,1,True,-248.9,754.75,1,0.0009765625,-122.625,0.8741842276,0.8583051243,-248.9,,3,29,True
dasnt72hcrkc73dt2sd0,2026-09-28 02:07:48.367276+05:30,10,optimization,2000,2000,0.001,-174.131575,0.9255034873,-248.9,1,True,-248.9,754.75,1,0.0009765625,-122.625,0.8741842276,0.8583051243,-248.9,,3,30,True
dasnt8tvr3kc73ekc1mg,2026-09-28 02:07:55.192458+05:30,10,final,10000,10000,0.0007,-186.82433,0.9381500822,-248.9,1,True,-248.9,754.75,1,0.0009765625,-122.625,0.8741842276,0.9999428823,-248.9,,3,31,True
dasntcqhcrkc73dt2slg,2026-09-28 02:08:11.576582+05:30,10,optimization,2000,2000,0.0005,-79.04995,0.8307676481,-248.9,1,True,-248.9,754.75,1,0.0009765625,-122.625,0.8741842276,0.8583051243,-248.9,,4,1,False
dasntebg95ks73efpli0,2026-09-28 02:08:18.090432+05:30,10,optimization,2000,2000,0,-111.922,0.8635201514,-248.85,0.9999501818,False,-248.9,754.75,1,0.0009765625,-122.625,0.8741842276,0.8583051243,-248.9,,4,2,False
dasntg5vr3kc73ekc220,2026-09-28 02:08:24.584524+05:30,10,optimization,2000,2000,0.0015,-108.448225,0.8600590096,-248.9,1,True,-248.9,754.75,1,0.0009765625,-122.625,0.8741842276,0.8583051243,-248.9,,4,3,False
dasnthrg95ks73efplo0,2026-09-28 02:08:31.502178+05:30,10,optimization,2000,2000,0.0005,-110.8564,0.8624584267,-248.9,1,True,-248.9,754.75,1,0.0009765625,-122.625,0.8741842276,0.8583051243,-248.9,,4,4,False
dasntjahcrkc73dt2su0,2026-09-28 02:08:37.882457+05:30,10,optimization,2000,2000,0.005,-130.672275,0.8822022368,-248.9,1,True,-248.9,754.75,1,0.0009765625,-122.625,0.8741842276,0.8583051243,-248.9,,4,5,False
dasntl5vr3kc73ekc2d0,2026-09-28 02:08:44.144385+05:30,10,optimization,2000,2000,0.0025,-145.0126,0.89649041,-248.9,1,True,-248.9,754.75,1,0.0009765625,-122.625,0.8741842276,0.8583051243,-248.9,,4,6,False
dasntmqhcrkc73dt2t6g,2026-09-28 02:08:51.310076+05:30,10,optimization,2000,2000,0.001,-70.973325,0.8227203956,-248.9,1,True,-248.9,754.75,1,0.0009765625,-122.625,0.8741842276,0.8583051243,-248.9,,4,7,False
dasntolvr3kc73ekc2l0,2026-09-28 02:08:58.189361+05:30,10,optimization,2000,2000,0.0005,-128.96955,0.8805057042,-248.9,1,True,-248.9,754.75,1,0.0009765625,-122.625,0.8741842276,0.8583051243,-248.9,,4,8,False
dasntqdvr3kc73ekc2n0,2026-09-28 02:09:05.270428+05:30,10,optimization,2000,2000,0.001,-126.647,0.8781916007,-248.9,1,True,-248.9,754.75,1,0.0009765625,-122.625,0.8741842276,0.8583051243,-248.9,,4,9,False
dasnts3g95ks73efpmag,2026-09-28 02:09:12.088165+05:30,10,optimization,2000,2000,0.0005,-127.704675,0.8792454292,-248.9,1,True,-248.9,754.75,1,0.0009765625,-122.625,0.8741842276,0.8583051243,-248.9,,4,10,False
dasnttrg95ks73efpmdg,2026-09-28 02:09:19.693919+05:30,10,optimization,2000,2000,0.001,-99.160925,0.850805485,-248.9,1,True,-248.9,754.75,1,0.0009765625,-122.625,0.8741842276,0.8583051243,-248.9,,4,11,False
dasntvjg95ks73efpmg0,2026-09-28 02:09:26.717745+05:30,10,optimization,2000,2000,0.0015,-123.38935,0.8749457978,-248.9,1,True,-248.9,754.75,1,0.0009765625,-122.625,0.8741842276,0.8583051243,-248.9,,4,12,False
dasnu1ihcrkc73dt2tng,2026-09-28 02:09:34.861879+05:30,10,optimization,2000,2000,0.002,-133.630525,0.8851497285,-248.9,1,True,-248.9,754.75,1,0.0009765625,-122.625,0.8741842276,0.8583051243,-248.9,,4,13,False
