n,solver,p,sim_success_probability,sim_approx_ratio_mean,sim_approx_ratio_best,sim_optimal_found,sim_success_probability_min,sim_success_probability_max,sim_approx_ratio_mean_min,sim_approx_ratio_mean_max,sim_num_seeds
4,QAOA_Ideal,1,0.10988,0.8548277219,1,1,0.0234,0.234,0.7976030416,0.9050173184,5
4,QAOA_Ideal,2,0.33592,0.8848454749,1,1,0.1564,0.8638,0.8322253259,0.9749705773,5
4,QAOA_Ideal,3,0.16024,0.9069648417,1,1,0.0074,0.3338,0.8700375543,0.9417905028,5
4,QAOA_Noisy,1,0.18044,0.8488501055,1,1,0.0304,0.4338,0.7931645562,0.8825713842,5
4,QAOA_Noisy,2,0.1246,0.8202112973,1,1,0.0638,0.2696,0.7864641837,0.8551013656,5
4,QAOA_Noisy,3,0.08016,0.8063714339,1,1,0.0314,0.1356,0.7924738672,0.8178181254,5
6,QAOA_Ideal,1,0.01636,0.8978465672,1,1,0.0012,0.034,0.8412520177,0.944537728,5
6,QAOA_Ideal,2,0.0412,0.8684857767,1,1,0.0056,0.1108,0.8389428413,0.8949251244,5
6,QAOA_Ideal,3,0.10008,0.91323089,1,1,0.0002,0.2764,0.8689035655,0.9348067164,5
6,QAOA_Noisy,1,0.01516,0.8512769486,1,1,0.009,0.0234,0.8198845495,0.9031121614,5
6,QAOA_Noisy,2,0.02672,0.8635793366,1,1,0.0088,0.0402,0.8328780265,0.8824865948,5
6,QAOA_Noisy,3,0.01744,0.839142073,1,1,0.0136,0.0252,0.832780293,0.8453270868,5
8,QAOA_Ideal,1,0.00604,0.898352366,1,1,0.0004,0.0148,0.8589423637,0.9623721933,5
8,QAOA_Ideal,2,0.00428,0.8965890796,1,1,0.0002,0.0166,0.85942054,0.9514027698,5
8,QAOA_Ideal,3,0.00576,0.9105139594,1,1,0.0008,0.0116,0.8798711585,0.9400096942,5
8,QAOA_Noisy,1,0.00372,0.8647807547,1,1,0.0022,0.0046,0.852789201,0.8845495993,5
8,QAOA_Noisy,2,0.004,0.8654495075,1,1,0.0024,0.0064,0.8534530304,0.8851873493,5
8,QAOA_Noisy,3,0.0036,0.8606972287,1,1,0.0032,0.004,0.8570280868,0.8648214736,5
10,QAOA_Ideal,1,0.00048,0.9138432501,1,1,0.0002,0.001,0.8782398745,0.9370184028,5
10,QAOA_Ideal,2,0.00076,0.8864645863,1,1,0.0002,0.0012,0.8341490161,0.9331506701,5
10,QAOA_Ideal,3,0.0036,0.9255858158,1,1,0.0012,0.0068,0.8951860111,0.9498009864,5
10,QAOA_Noisy,1,0.00092,0.9051119554,1,1,0.0002,0.0016,0.8837483286,0.9348968067,5
10,QAOA_Noisy,2,0.00088,0.8785195217,1,1,0.0006,0.0014,0.8727329746,0.887956708,5
10,QAOA_Noisy,3,0.00108,0.8762796931,1,1,0.0008,0.0016,0.8747919693,0.8784652817,5
12,QAOA_Ideal,1,0.00028,0.9054908932,0.9999723135,0.6,0,0.0008,0.8828070947,0.9440385672,5
12,QAOA_Ideal,2,0.00052,0.9175077584,1,1,0.0002,0.0008,0.899710725,0.941464551,5
12,QAOA_Ideal,3,0.00116,0.9018532839,0.9999653919,0.6,0,0.0046,0.8798283094,0.9230261706,5
