num_sweeps,seed,energy,sweeps_run,min_energy,optimal
100,0,-15999999.38,100,-15999999.38,True
100,1,-15999999.38,100,-15999999.38,True
100,2,-15999999.35,100,-15999999.38,False
100,3,-15999999.38,100,-15999999.38,True
100,4,-15999999.38,100,-15999999.38,True
100,5,-15999999.38,100,-15999999.38,True
100,6,-15999999.38,100,-15999999.38,True
100,7,-15999999.38,100,-15999999.38,True
100,8,-15999999.38,100,-15999999.38,True
100,9,-15999999.38,100,-15999999.38,True
300,0,-15999999.38,300,-15999999.38,True
300,1,-15999999.38,300,-15999999.38,True
300,2,-15999999.38,300,-15999999.38,True
300,3,-15999999.38,300,-15999999.38,True
300,4,-15999999.38,300,-15999999.38,True
300,5,-15999999.38,300,-15999999.38,True
300,6,-15999999.38,300,-15999999.38,True
300,7,-15999999.38,300,-15999999.38,True
300,8,-15999999.38,300,-15999999.38,True
300,9,-15999999.38,300,-15999999.38,True
500,0,-15999999.38,500,-15999999.38,True
500,1,-15999999.38,500,-15999999.38,True
500,2,-15999999.38,500,-15999999.38,True
500,3,-15999999.38,500,-15999999.38,True
500,4,-15999999.38,500,-15999999.38,True
500,5,-15999999.38,500,-15999999.38,True
500,6,-15999999.38,500,-15999999.38,True
500,7,-15999999.38,500,-15999999.38,True
500,8,-15999999.38,500,-15999999.38,True
500,9,-15999999.38,500,-15999999.38,True
1000,0,-15999999.38,1000,-15999999.38,True
1000,1,-15999999.38,1000,-15999999.38,True
1000,2,-15999999.38,1000,-15999999.38,True
1000,3,-15999999.38,1000,-15999999.38,True
1000,4,-15999999.38,1000,-15999999.38,True
1000,5,-15999999.38,1000,-15999999.38,True
1000,6,-15999999.38,1000,-15999999.38,True
1000,7,-15999999.38,1000,-15999999.38,True
1000,8,-15999999.38,1000,-15999999.38,True
1000,9,-15999999.38,1000,-15999999.38,True
2000,0,-15999999.38,2000,-15999999.38,True
2000,1,-15999999.38,2000,-15999999.38,True
2000,2,-15999999.38,2000,-15999999.38,True
2000,3,-15999999.38,2000,-15999999.38,True
2000,4,-15999999.38,2000,-15999999.38,True
2000,5,-15999999.38,2000,-15999999.38,True
2000,6,-15999999.38,2000,-15999999.38,True
2000,7,-15999999.38,2000,-15999999.38,True
2000,8,-15999999.38,2000,-15999999.38,True
2000,9,-15999999.38,2000,-15999999.38,True
