num_sweeps,iteration,best_energy
100,0,-14999999.46
100,1,-15999999.3
100,2,-15999999.3
100,3,-15999999.3
100,4,-15999999.3
100,5,-15999999.3
100,6,-15999999.3
100,7,-15999999.3
100,8,-15999999.3
100,9,-15999999.3
100,10,-15999999.3
100,11,-15999999.3
100,12,-15999999.3
100,13,-15999999.3
100,14,-15999999.3
100,15,-15999999.3
100,16,-15999999.3
100,17,-15999999.3
100,18,-15999999.33
100,19,-15999999.33
100,20,-15999999.33
100,21,-15999999.33
100,22,-15999999.33
100,23,-15999999.33
100,24,-15999999.33
100,25,-15999999.33
100,26,-15999999.33
100,27,-15999999.33
100,28,-15999999.33
100,29,-15999999.33
100,30,-15999999.33
100,31,-15999999.33
100,32,-15999999.33
100,33,-15999999.33
100,34,-15999999.33
100,35,-15999999.33
100,36,-15999999.33
100,37,-15999999.33
100,38,-15999999.33
100,39,-15999999.33
100,40,-15999999.33
100,41,-15999999.33
100,42,-15999999.33
100,43,-15999999.33
100,44,-15999999.33
100,45,-15999999.33
100,46,-15999999.33
100,47,-15999999.33
100,48,-15999999.33
100,49,-15999999.33
100,50,-15999999.33
100,51,-15999999.33
100,52,-15999999.33
100,53,-15999999.33
100,54,-15999999.33
100,55,-15999999.33
100,56,-15999999.33
100,57,-15999999.33
100,58,-15999999.33
100,59,-15999999.33
100,60,-15999999.33
100,61,-15999999.33
100,62,-15999999.33
100,63,-15999999.33
100,64,-15999999.33
100,65,-15999999.33
100,66,-15999999.38
100,67,-15999999.38
100,68,-15999999.38
100,69,-15999999.38
100,70,-15999999.38
100,71,-15999999.38
100,72,-15999999.38
100,73,-15999999.38
100,74,-15999999.38
100,75,-15999999.38
100,76,-15999999.38
100,77,-15999999.38
100,78,-15999999.38
100,79,-15999999.38
100,80,-15999999.38
100,81,-15999999.38
100,82,-15999999.38
100,83,-15999999.38
100,84,-15999999.38
100,85,-15999999.38
100,86,-15999999.38
100,87,-15999999.38
100,88,-15999999.38
100,89,-15999999.38
100,90,-15999999.38
100,91,-15999999.38
100,92,-15999999.38
100,93,-15999999.38
100,94,-15999999.38
100,95,-15999999.38
100,96,-15999999.38
100,97,-15999999.38
100,98,-15999999.38
100,99,-15999999.38
100,100,-15999999.38
300,0,-14999999.46
300,1,-15999999.3
300,2,-15999999.3
300,3,-15999999.3
300,4,-15999999.3
300,5,-15999999.3
300,6,-15999999.3
300,7,-15999999.3
300,8,-15999999.3
300,9,-15999999.3
300,10,-15999999.3
300,11,-15999999.3
300,12,-15999999.3
300,13,-15999999.3
300,14,-15999999.3
300,15,-15999999.3
300,16,-15999999.3
300,17,-15999999.3
300,18,-15999999.33
300,19,-15999999.33
300,20,-15999999.33
300,21,-15999999.33
300,22,-15999999.33
300,23,-15999999.33
300,24,-15999999.33
300,25,-15999999.33
300,26,-15999999.33
300,27,-15999999.33
300,28,-15999999.33
300,29,-15999999.33
300,30,-15999999.35
300,31,-15999999.35
300,32,-15999999.35
300,33,-15999999.35
300,34,-15999999.35
300,35,-15999999.35
300,36,-15999999.35
300,37,-15999999.35
300,38,-15999999.35
300,39,-15999999.35
300,40,-15999999.35
300,41,-15999999.35
300,42,-15999999.35
300,43,-15999999.35
300,44,-15999999.35
300,45,-15999999.35
300,46,-15999999.35
300,47,-15999999.35
300,48,-15999999.35
300,49,-15999999.35
300,50,-15999999.35
300,51,-15999999.35
300,52,-15999999.35
300,53,-15999999.35
300,54,-15999999.38
300,55,-15999999.38
300,56,-15999999.38
300,57,-15999999.38
300,58,-15999999.38
300,59,-15999999.38
300,60,-15999999.38
300,61,-15999999.38
300,62,-15999999.38
300,63,-15999999.38
300,64,-15999999.38
300,65,-15999999.38
300,66,-15999999.38
300,67,-15999999.38
300,68,-15999999.38
300,69,-15999999.38
300,70,-15999999.38
300,71,-15999999.38
300,72,-15999999.38
300,73,-15999999.38
300,74,-15999999.38
300,75,-15999999.38
300,76,-15999999.38
300,77,-15999999.38
300,78,-15999999.38
300,79,-15999999.38
300,80,-15999999.38
300,81,-15999999.38
300,82,-15999999.38
300,83,-15999999.38
300,84,-15999999.38
300,85,-15999999.38
300,86,-15999999.38
300,87,-15999999.38
300,88,-15999999.38
300,89,-15999999.38
300,90,-15999999.38
300,91,-15999999.38
300,92,-15999999.38
300,93,-15999999.38
300,94,-15999999.38
300,95,-15999999.38
300,96,-15999999.38
300,97,-15999999.38
300,98,-15999999.38
300,99,-15999999.38
300,100,-15999999.38
300,101,-15999999.38
300,102,-15999999.38
300,103,-15999999.38
300,104,-15999999.38
300,105,-15999999.38
300,106,-15999999.38
300,107,-15999999.38
300,108,-15999999.38
300,109,-15999999.38
300,110,-15999999.38
300,111,-15999999.38
300,112,-15999999.38
300,113,-15999999.38
300,114,-15999999.38
300,115,-15999999.38
300,116,-15999999.38
300,117,-15999999.38
300,118,-15999999.38
300,119,-15999999.38
300,120,-15999999.38
300,121,-15999999.38
300,122,-15999999.38
300,123,-15999999.38
300,124,-15999999.38
300,125,-15999999.38
300,126,-15999999.38
300,127,-15999999.38
300,128,-15999999.38
300,129,-15999999.38
300,130,-15999999.38
300,131,-15999999.38
300,132,-15999999.38
300,133,-15999999.38
300,134,-15999999.38
300,135,-15999999.38
300,136,-15999999.38
300,137,-15999999.38
300,138,-15999999.38
300,139,-15999999.38
300,140,-15999999.38
300,141,-15999999.38
300,142,-15999999.38
300,143,-15999999.38
300,144,-15999999.38
300,145,-15999999.38
300,146,-15999999.38
300,147,-15999999.38
300,148,-15999999.38
300,149,-15999999.38
300,150,-15999999.38
300,151,-15999999.38
300,152,-15999999.38
300,153,-15999999.38
300,154,-15999999.38
300,155,-15999999.38
300,156,-15999999.38
300,157,-15999999.38
300,158,-15999999.38
300,159,-15999999.38
300,160,-15999999.38
300,161,-15999999.38
300,162,-15999999.38
300,163,-15999999.38
300,164,-15999999.38
300,165,-15999999.38
300,166,-15999999.38
300,167,-15999999.38
300,168,-15999999.38
300,169,-15999999.38
300,170,-15999999.38
300,171,-15999999.38
300,172,-15999999.38
300,173,-15999999.38
300,174,-15999999.38
300,175,-15999999.38
300,176,-15999999.38
300,177,-15999999.38
300,178,-15999999.38
300,179,-15999999.38
300,180,-15999999.38
300,181,-15999999.38
300,182,-15999999.38
300,183,-15999999.38
300,184,-15999999.38
300,185,-15999999.38
300,186,-15999999.38
300,187,-15999999.38
300,188,-15999999.38
300,189,-15999999.38
300,190,-15999999.38
300,191,-15999999.38
300,192,-15999999.38
300,193,-15999999.38
300,194,-15999999.38
300,195,-15999999.38
300,196,-15999999.38
300,197,-15999999.38
300,198,-15999999.38
300,199,-15999999.38
300,200,-15999999.38
300,201,-15999999.38
300,202,-15999999.38
300,203,-15999999.38
300,204,-15999999.38
300,205,-15999999.38
300,206,-15999999.38
300,207,-15999999.38
300,208,-15999999.38
300,209,-15999999.38
300,210,-15999999.38
300,211,-15999999.38
300,212,-15999999.38
300,213,-15999999.38
300,214,-15999999.38
300,215,-15999999.38
300,216,-15999999.38
300,217,-15999999.38
300,218,-15999999.38
300,219,-15999999.38
300,220,-15999999.38
300,221,-15999999.38
300,222,-15999999.38
300,223,-15999999.38
300,224,-15999999.38
300,225,-15999999.38
300,226,-15999999.38
300,227,-15999999.38
300,228,-15999999.38
300,229,-15999999.38
300,230,-15999999.38
300,231,-15999999.38
300,232,-15999999.38
300,233,-15999999.38
300,234,-15999999.38
300,235,-15999999.38
300,236,-15999999.38
300,237,-15999999.38
300,238,-15999999.38
300,239,-15999999.38
300,240,-15999999.38
300,241,-15999999.38
300,242,-15999999.38
300,243,-15999999.38
300,244,-15999999.38
300,245,-15999999.38
300,246,-15999999.38
300,247,-15999999.38
300,248,-15999999.38
300,249,-15999999.38
300,250,-15999999.38
300,251,-15999999.38
300,252,-15999999.38
300,253,-15999999.38
300,254,-15999999.38
300,255,-15999999.38
300,256,-15999999.38
300,257,-15999999.38
300,258,-15999999.38
300,259,-15999999.38
300,260,-15999999.38
300,261,-15999999.38
300,262,-15999999.38
300,263,-15999999.38
300,264,-15999999.38
300,265,-15999999.38
300,266,-15999999.38
300,267,-15999999.38
300,268,-15999999.38
300,269,-15999999.38
300,270,-15999999.38
300,271,-15999999.38
300,272,-15999999.38
300,273,-15999999.38
300,274,-15999999.38
300,275,-15999999.38
300,276,-15999999.38
300,277,-15999999.38
300,278,-15999999.38
300,279,-15999999.38
300,280,-15999999.38
300,281,-15999999.38
300,282,-15999999.38
300,283,-15999999.38
300,284,-15999999.38
300,285,-15999999.38
300,286,-15999999.38
300,287,-15999999.38
300,288,-15999999.38
300,289,-15999999.38
300,290,-15999999.38
300,291,-15999999.38
300,292,-15999999.38
300,293,-15999999.38
300,294,-15999999.38
300,295,-15999999.38
300,296,-15999999.38
300,297,-15999999.38
300,298,-15999999.38
300,299,-15999999.38
300,300,-15999999.38
500,0,-14999999.46
500,1,-15999999.3
500,2,-15999999.3
500,3,-15999999.3
500,4,-15999999.3
500,5,-15999999.3
500,6,-15999999.3
500,7,-15999999.3
500,8,-15999999.3
500,9,-15999999.3
500,10,-15999999.3
500,11,-15999999.3
500,12,-15999999.3
500,13,-15999999.3
500,14,-15999999.3
500,15,-15999999.3
500,16,-15999999.3
500,17,-15999999.3
500,18,-15999999.33
500,19,-15999999.33
500,20,-15999999.33
500,21,-15999999.33
500,22,-15999999.33
500,23,-15999999.33
500,24,-15999999.33
500,25,-15999999.33
500,26,-15999999.33
500,27,-15999999.33
500,28,-15999999.33
500,29,-15999999.33
500,30,-15999999.33
500,31,-15999999.33
500,32,-15999999.33
500,33,-15999999.33
500,34,-15999999.33
500,35,-15999999.33
500,36,-15999999.33
500,37,-15999999.33
500,38,-15999999.33
500,39,-15999999.33
500,40,-15999999.33
500,41,-15999999.33
500,42,-15999999.33
500,43,-15999999.33
500,44,-15999999.33
500,45,-15999999.33
500,46,-15999999.33
500,47,-15999999.33
500,48,-15999999.33
500,49,-15999999.33
500,50,-15999999.33
500,51,-15999999.33
500,52,-15999999.33
500,53,-15999999.33
500,54,-15999999.38
500,55,-15999999.38
500,56,-15999999.38
500,57,-15999999.38
500,58,-15999999.38
500,59,-15999999.38
500,60,-15999999.38
500,61,-15999999.38
500,62,-15999999.38
500,63,-15999999.38
500,64,-15999999.38
500,65,-15999999.38
500,66,-15999999.38
500,67,-15999999.38
500,68,-15999999.38
500,69,-15999999.38
500,70,-15999999.38
500,71,-15999999.38
500,72,-15999999.38
500,73,-15999999.38
500,74,-15999999.38
500,75,-15999999.38
500,76,-15999999.38
500,77,-15999999.38
500,78,-15999999.38
500,79,-15999999.38
500,80,-15999999.38
500,81,-15999999.38
500,82,-15999999.38
500,83,-15999999.38
500,84,-15999999.38
500,85,-15999999.38
500,86,-15999999.38
500,87,-15999999.38
500,88,-15999999.38
500,89,-15999999.38
500,90,-15999999.38
500,91,-15999999.38
500,92,-15999999.38
500,93,-15999999.38
500,94,-15999999.38
500,95,-15999999.38
500,96,-15999999.38
500,97,-15999999.38
500,98,-15999999.38
500,99,-15999999.38
500,100,-15999999.38
500,101,-15999999.38
500,102,-15999999.38
500,103,-15999999.38
500,104,-15999999.38
500,105,-15999999.38
500,106,-15999999.38
500,107,-15999999.38
500,108,-15999999.38
500,109,-15999999.38
500,110,-15999999.38
500,111,-15999999.38
500,112,-15999999.38
500,113,-15999999.38
500,114,-15999999.38
500,115,-15999999.38
500,116,-15999999.38
500,117,-15999999.38
500,118,-15999999.38
500,119,-15999999.38
500,120,-15999999.38
500,121,-15999999.38
500,122,-15999999.38
500,123,-15999999.38
500,124,-15999999.38
500,125,-15999999.38
500,126,-15999999.38
500,127,-15999999.38
500,128,-15999999.38
500,129,-15999999.38
500,130,-15999999.38
500,131,-15999999.38
500,132,-15999999.38
500,133,-15999999.38
500,134,-15999999.38
500,135,-15999999.38
500,136,-15999999.38
500,137,-15999999.38
500,138,-15999999.38
500,139,-15999999.38
500,140,-15999999.38
500,141,-15999999.38
500,142,-15999999.38
500,143,-15999999.38
500,144,-15999999.38
500,145,-15999999.38
500,146,-15999999.38
500,147,-15999999.38
500,148,-15999999.38
500,149,-15999999.38
500,150,-15999999.38
500,151,-15999999.38
500,152,-15999999.38
500,153,-15999999.38
500,154,-15999999.38
500,155,-15999999.38
500,156,-15999999.38
500,157,-15999999.38
500,158,-15999999.38
500,159,-15999999.38
500,160,-15999999.38
500,161,-15999999.38
500,162,-15999999.38
500,163,-15999999.38
500,164,-15999999.38
500,165,-15999999.38
500,166,-15999999.38
500,167,-15999999.38
500,168,-15999999.38
500,169,-15999999.38
500,170,-15999999.38
500,171,-15999999.38
500,172,-15999999.38
500,173,-15999999.38
500,174,-15999999.38
500,175,-15999999.38
500,176,-15999999.38
500,177,-15999999.38
500,178,-15999999.38
500,179,-15999999.38
500,180,-15999999.38
500,181,-15999999.38
500,182,-15999999.38
500,183,-15999999.38
500,184,-15999999.38
500,185,-15999999.38
500,186,-15999999.38
500,187,-15999999.38
500,188,-15999999.38
500,189,-15999999.38
500,190,-15999999.38
500,191,-15999999.38
500,192,-15999999.38
500,193,-15999999.38
500,194,-15999999.38
500,195,-15999999.38
500,196,-15999999.38
500,197,-15999999.38
500,198,-15999999.38
500,199,-15999999.38
500,200,-15999999.38
500,201,-15999999.38
500,202,-15999999.38
500,203,-15999999.38
500,204,-15999999.38
500,205,-15999999.38
500,206,-15999999.38
500,207,-15999999.38
500,208,-15999999.38
500,209,-15999999.38
500,210,-15999999.38
500,211,-15999999.38
500,212,-15999999.38
500,213,-15999999.38
500,214,-15999999.38
500,215,-15999999.38
500,216,-15999999.38
500,217,-15999999.38
500,218,-15999999.38
500,219,-15999999.38
500,220,-15999999.38
500,221,-15999999.38
500,222,-15999999.38
500,223,-15999999.38
500,224,-15999999.38
500,225,-15999999.38
500,226,-15999999.38
500,227,-15999999.38
500,228,-15999999.38
500,229,-15999999.38
500,230,-15999999.38
500,231,-15999999.38
500,232,-15999999.38
500,233,-15999999.38
500,234,-15999999.38
500,235,-15999999.38
500,236,-15999999.38
500,237,-15999999.38
500,238,-15999999.38
500,239,-15999999.38
500,240,-15999999.38
500,241,-15999999.38
500,242,-15999999.38
500,243,-15999999.38
500,244,-15999999.38
500,245,-15999999.38
500,246,-15999999.38
500,247,-15999999.38
500,248,-15999999.38
500,249,-15999999.38
500,250,-15999999.38
500,251,-15999999.38
500,252,-15999999.38
500,253,-15999999.38
500,254,-15999999.38
500,255,-15999999.38
500,256,-15999999.38
500,257,-15999999.38
500,258,-15999999.38
500,259,-15999999.38
500,260,-15999999.38
500,261,-15999999.38
500,262,-15999999.38
500,263,-15999999.38
500,264,-15999999.38
500,265,-15999999.38
500,266,-15999999.38
500,267,-15999999.38
500,268,-15999999.38
500,269,-15999999.38
500,270,-15999999.38
500,271,-15999999.38
500,272,-15999999.38
500,273,-15999999.38
500,274,-15999999.38
500,275,-15999999.38
500,276,-15999999.38
500,277,-15999999.38
500,278,-15999999.38
500,279,-15999999.38
500,280,-15999999.38
500,281,-15999999.38
500,282,-15999999.38
500,283,-15999999.38
500,284,-15999999.38
500,285,-15999999.38
500,286,-15999999.38
500,287,-15999999.38
500,288,-15999999.38
500,289,-15999999.38
500,290,-15999999.38
500,291,-15999999.38
500,292,-15999999.38
500,293,-15999999.38
500,294,-15999999.38
500,295,-15999999.38
500,296,-15999999.38
500,297,-15999999.38
500,298,-15999999.38
500,299,-15999999.38
500,300,-15999999.38
500,301,-15999999.38
500,302,-15999999.38
500,303,-15999999.38
500,304,-15999999.38
500,305,-15999999.38
500,306,-15999999.38
500,307,-15999999.38
500,308,-15999999.38
500,309,-15999999.38
500,310,-15999999.38
500,311,-15999999.38
500,312,-15999999.38
500,313,-15999999.38
500,314,-15999999.38
500,315,-15999999.38
500,316,-15999999.38
500,317,-15999999.38
500,318,-15999999.38
500,319,-15999999.38
500,320,-15999999.38
500,321,-15999999.38
500,322,-15999999.38
500,323,-15999999.38
500,324,-15999999.38
500,325,-15999999.38
500,326,-15999999.38
500,327,-15999999.38
500,328,-15999999.38
500,329,-15999999.38
500,330,-15999999.38
500,331,-15999999.38
500,332,-15999999.38
500,333,-15999999.38
500,334,-15999999.38
500,335,-15999999.38
500,336,-15999999.38
500,337,-15999999.38
500,338,-15999999.38
500,339,-15999999.38
500,340,-15999999.38
500,341,-15999999.38
500,342,-15999999.38
500,343,-15999999.38
500,344,-15999999.38
500,345,-15999999.38
500,346,-15999999.38
500,347,-15999999.38
500,348,-15999999.38
500,349,-15999999.38
500,350,-15999999.38
500,351,-15999999.38
500,352,-15999999.38
500,353,-15999999.38
500,354,-15999999.38
500,355,-15999999.38
500,356,-15999999.38
500,357,-15999999.38
500,358,-15999999.38
500,359,-15999999.38
500,360,-15999999.38
500,361,-15999999.38
500,362,-15999999.38
500,363,-15999999.38
500,364,-15999999.38
500,365,-15999999.38
500,366,-15999999.38
500,367,-15999999.38
500,368,-15999999.38
500,369,-15999999.38
500,370,-15999999.38
500,371,-15999999.38
500,372,-15999999.38
500,373,-15999999.38
500,374,-15999999.38
500,375,-15999999.38
500,376,-15999999.38
500,377,-15999999.38
500,378,-15999999.38
500,379,-15999999.38
500,380,-15999999.38
500,381,-15999999.38
500,382,-15999999.38
500,383,-15999999.38
500,384,-15999999.38
500,385,-15999999.38
500,386,-15999999.38
500,387,-15999999.38
500,388,-15999999.38
500,389,-15999999.38
500,390,-15999999.38
500,391,-15999999.38
500,392,-15999999.38
500,393,-15999999.38
500,394,-15999999.38
500,395,-15999999.38
500,396,-15999999.38
500,397,-15999999.38
500,398,-15999999.38
500,399,-15999999.38
500,400,-15999999.38
500,401,-15999999.38
500,402,-15999999.38
500,403,-15999999.38
500,404,-15999999.38
500,405,-15999999.38
500,406,-15999999.38
500,407,-15999999.38
500,408,-15999999.38
500,409,-15999999.38
500,410,-15999999.38
500,411,-15999999.38
500,412,-15999999.38
500,413,-15999999.38
500,414,-15999999.38
500,415,-15999999.38
500,416,-15999999.38
500,417,-15999999.38
500,418,-15999999.38
500,419,-15999999.38
500,420,-15999999.38
500,421,-15999999.38
500,422,-15999999.38
500,423,-15999999.38
500,424,-15999999.38
500,425,-15999999.38
500,426,-15999999.38
500,427,-15999999.38
500,428,-15999999.38
500,429,-15999999.38
500,430,-15999999.38
500,431,-15999999.38
500,432,-15999999.38
500,433,-15999999.38
500,434,-15999999.38
500,435,-15999999.38
500,436,-15999999.38
500,437,-15999999.38
500,438,-15999999.38
500,439,-15999999.38
500,440,-15999999.38
500,441,-15999999.38
500,442,-15999999.38
500,443,-15999999.38
500,444,-15999999.38
500,445,-15999999.38
500,446,-15999999.38
500,447,-15999999.38
500,448,-15999999.38
500,449,-15999999.38
500,450,-15999999.38
500,451,-15999999.38
500,452,-15999999.38
500,453,-15999999.38
500,454,-15999999.38
500,455,-15999999.38
500,456,-15999999.38
500,457,-15999999.38
500,458,-15999999.38
500,459,-15999999.38
500,460,-15999999.38
500,461,-15999999.38
500,462,-15999999.38
500,463,-15999999.38
500,464,-15999999.38
500,465,-15999999.38
500,466,-15999999.38
500,467,-15999999.38
500,468,-15999999.38
500,469,-15999999.38
500,470,-15999999.38
500,471,-15999999.38
500,472,-15999999.38
500,473,-15999999.38
500,474,-15999999.38
500,475,-15999999.38
500,476,-15999999.38
500,477,-15999999.38
500,478,-15999999.38
500,479,-15999999.38
500,480,-15999999.38
500,481,-15999999.38
500,482,-15999999.38
500,483,-15999999.38
500,484,-15999999.38
500,485,-15999999.38
500,486,-15999999.38
500,487,-15999999.38
500,488,-15999999.38
500,489,-15999999.38
500,490,-15999999.38
500,491,-15999999.38
500,492,-15999999.38
500,493,-15999999.38
500,494,-15999999.38
500,495,-15999999.38
500,496,-15999999.38
500,497,-15999999.38
500,498,-15999999.38
500,499,-15999999.38
500,500,-15999999.38
1000,0,-14999999.46
1000,1,-15999999.3
1000,2,-15999999.3
1000,3,-15999999.3
1000,4,-15999999.3
1000,5,-15999999.3
1000,6,-15999999.3
1000,7,-15999999.3
1000,8,-15999999.3
1000,9,-15999999.3
1000,10,-15999999.3
1000,11,-15999999.3
1000,12,-15999999.3
1000,13,-15999999.3
1000,14,-15999999.3
1000,15,-15999999.3
1000,16,-15999999.3
1000,17,-15999999.3
1000,18,-15999999.33
1000,19,-15999999.33
1000,20,-15999999.33
1000,21,-15999999.33
1000,22,-15999999.33
1000,23,-15999999.33
1000,24,-15999999.33
1000,25,-15999999.33
1000,26,-15999999.33
1000,27,-15999999.33
1000,28,-15999999.33
1000,29,-15999999.33
1000,30,-15999999.33
1000,31,-15999999.33
1000,32,-15999999.33
1000,33,-15999999.33
1000,34,-15999999.33
1000,35,-15999999.33
1000,36,-15999999.33
1000,37,-15999999.33
1000,38,-15999999.33
1000,39,-15999999.33
1000,40,-15999999.33
1000,41,-15999999.33
1000,42,-15999999.33
1000,43,-15999999.33
1000,44,-15999999.33
1000,45,-15999999.33
1000,46,-15999999.33
1000,47,-15999999.33
1000,48,-15999999.33
1000,49,-15999999.33
1000,50,-15999999.33
1000,51,-15999999.33
1000,52,-15999999.33
1000,53,-15999999.33
1000,54,-15999999.33
1000,55,-15999999.33
1000,56,-15999999.35
1000,57,-15999999.35
1000,58,-15999999.35
1000,59,-15999999.35
1000,60,-15999999.35
1000,61,-15999999.35
1000,62,-15999999.35
1000,63,-15999999.35
1000,64,-15999999.35
1000,65,-15999999.35
1000,66,-15999999.35
1000,67,-15999999.35
1000,68,-15999999.35
1000,69,-15999999.35
1000,70,-15999999.35
1000,71,-15999999.35
1000,72,-15999999.35
1000,73,-15999999.35
1000,74,-15999999.35
1000,75,-15999999.35
1000,76,-15999999.35
1000,77,-15999999.35
1000,78,-15999999.35
1000,79,-15999999.35
1000,80,-15999999.35
1000,81,-15999999.38
1000,82,-15999999.38
1000,83,-15999999.38
1000,84,-15999999.38
1000,85,-15999999.38
1000,86,-15999999.38
1000,87,-15999999.38
1000,88,-15999999.38
1000,89,-15999999.38
1000,90,-15999999.38
1000,91,-15999999.38
1000,92,-15999999.38
1000,93,-15999999.38
1000,94,-15999999.38
1000,95,-15999999.38
1000,96,-15999999.38
1000,97,-15999999.38
1000,98,-15999999.38
1000,99,-15999999.38
1000,100,-15999999.38
1000,101,-15999999.38
1000,102,-15999999.38
1000,103,-15999999.38
1000,104,-15999999.38
1000,105,-15999999.38
1000,106,-15999999.38
1000,107,-15999999.38
1000,108,-15999999.38
1000,109,-15999999.38
1000,110,-15999999.38
1000,111,-15999999.38
1000,112,-15999999.38
1000,113,-15999999.38
1000,114,-15999999.38
1000,115,-15999999.38
1000,116,-15999999.38
1000,117,-15999999.38
1000,118,-15999999.38
1000,119,-15999999.38
1000,120,-15999999.38
1000,121,-15999999.38
1000,122,-15999999.38
1000,123,-15999999.38
1000,124,-15999999.38
1000,125,-15999999.38
1000,126,-15999999.38
1000,127,-15999999.38
1000,128,-15999999.38
1000,129,-15999999.38
1000,130,-15999999.38
1000,131,-15999999.38
1000,132,-15999999.38
1000,133,-15999999.38
1000,134,-15999999.38
1000,135,-15999999.38
1000,136,-15999999.38
1000,137,-15999999.38
1000,138,-15999999.38
1000,139,-15999999.38
1000,140,-15999999.38
1000,141,-15999999.38
1000,142,-15999999.38
1000,143,-15999999.38
1000,144,-15999999.38
1000,145,-15999999.38
1000,146,-15999999.38
1000,147,-15999999.38
1000,148,-15999999.38
1000,149,-15999999.38
1000,150,-15999999.38
1000,151,-15999999.38
1000,152,-15999999.38
1000,153,-15999999.38
1000,154,-15999999.38
1000,155,-15999999.38
1000,156,-15999999.38
1000,157,-15999999.38
1000,158,-15999999.38
1000,159,-15999999.38
1000,160,-15999999.38
1000,161,-15999999.38
1000,162,-15999999.38
1000,163,-15999999.38
1000,164,-15999999.38
1000,165,-15999999.38
1000,166,-15999999.38
1000,167,-15999999.38
1000,168,-15999999.38
1000,169,-15999999.38
1000,170,-15999999.38
1000,171,-15999999.38
1000,172,-15999999.38
1000,173,-15999999.38
1000,174,-15999999.38
1000,175,-15999999.38
1000,176,-15999999.38
1000,177,-15999999.38
1000,178,-15999999.38
1000,179,-15999999.38
1000,180,-15999999.38
1000,181,-15999999.38
1000,182,-15999999.38
1000,183,-15999999.38
1000,184,-15999999.38
1000,185,-15999999.38
1000,186,-15999999.38
1000,187,-15999999.38
1000,188,-15999999.38
1000,189,-15999999.38
1000,190,-15999999.38
1000,191,-15999999.38
1000,192,-15999999.38
1000,193,-15999999.38
1000,194,-15999999.38
1000,195,-15999999.38
1000,196,-15999999.38
1000,197,-15999999.38
1000,198,-15999999.38
1000,199,-15999999.38
1000,200,-15999999.38
1000,201,-15999999.38
1000,202,-15999999.38
1000,203,-15999999.38
1000,204,-15999999.38
1000,205,-15999999.38
1000,206,-15999999.38
1000,207,-15999999.38
1000,208,-15999999.38
1000,209,-15999999.38
1000,210,-15999999.38
1000,211,-15999999.38
1000,212,-15999999.38
1000,213,-15999999.38
1000,214,-15999999.38
1000,215,-15999999.38
1000,216,-15999999.38
1000,217,-15999999.38
1000,218,-15999999.38
1000,219,-15999999.38
1000,220,-15999999.38
1000,221,-15999999.38
1000,222,-15999999.38
1000,223,-15999999.38
1000,224,-15999999.38
1000,225,-15999999.38
1000,226,-15999999.38
1000,227,-15999999.38
1000,228,-15999999.38
1000,229,-15999999.38
1000,230,-15999999.38
1000,231,-15999999.38
1000,232,-15999999.38
1000,233,-15999999.38
1000,234,-15999999.38
1000,235,-15999999.38
1000,236,-15999999.38
1000,237,-15999999.38
1000,238,-15999999.38
1000,239,-15999999.38
1000,240,-15999999.38
1000,241,-15999999.38
1000,242,-15999999.38
1000,243,-15999999.38
1000,244,-15999999.38
1000,245,-15999999.38
1000,246,-15999999.38
1000,247,-15999999.38
1000,248,-15999999.38
1000,249,-15999999.38
1000,250,-15999999.38
1000,251,-15999999.38
1000,252,-15999999.38
1000,253,-15999999.38
1000,254,-15999999.38
1000,255,-15999999.38
1000,256,-15999999.38
1000,257,-15999999.38
1000,258,-15999999.38
1000,259,-15999999.38
1000,260,-15999999.38
1000,261,-15999999.38
1000,262,-15999999.38
1000,263,-15999999.38
1000,264,-15999999.38
1000,265,-15999999.38
1000,266,-15999999.38
1000,267,-15999999.38
1000,268,-15999999.38
1000,269,-15999999.38
1000,270,-15999999.38
1000,271,-15999999.38
1000,272,-15999999.38
1000,273,-15999999.38
1000,274,-15999999.38
1000,275,-15999999.38
1000,276,-15999999.38
1000,277,-15999999.38
1000,278,-15999999.38
1000,279,-15999999.38
1000,280,-15999999.38
1000,281,-15999999.38
1000,282,-15999999.38
1000,283,-15999999.38
1000,284,-15999999.38
1000,285,-15999999.38
1000,286,-15999999.38
1000,287,-15999999.38
1000,288,-15999999.38
1000,289,-15999999.38
1000,290,-15999999.38
1000,291,-15999999.38
1000,292,-15999999.38
1000,293,-15999999.38
1000,294,-15999999.38
1000,295,-15999999.38
1000,296,-15999999.38
1000,297,-15999999.38
1000,298,-15999999.38
1000,299,-15999999.38
1000,300,-15999999.38
1000,301,-15999999.38
1000,302,-15999999.38
1000,303,-15999999.38
1000,304,-15999999.38
1000,305,-15999999.38
1000,306,-15999999.38
1000,307,-15999999.38
1000,308,-15999999.38
1000,309,-15999999.38
1000,310,-15999999.38
1000,311,-15999999.38
1000,312,-15999999.38
1000,313,-15999999.38
1000,314,-15999999.38
1000,315,-15999999.38
1000,316,-15999999.38
1000,317,-15999999.38
1000,318,-15999999.38
1000,319,-15999999.38
1000,320,-15999999.38
1000,321,-15999999.38
1000,322,-15999999.38
1000,323,-15999999.38
1000,324,-15999999.38
1000,325,-15999999.38
1000,326,-15999999.38
1000,327,-15999999.38
1000,328,-15999999.38
1000,329,-15999999.38
1000,330,-15999999.38
1000,331,-15999999.38
1000,332,-15999999.38
1000,333,-15999999.38
1000,334,-15999999.38
1000,335,-15999999.38
1000,336,-15999999.38
1000,337,-15999999.38
1000,338,-15999999.38
1000,339,-15999999.38
1000,340,-15999999.38
1000,341,-15999999.38
1000,342,-15999999.38
1000,343,-15999999.38
1000,344,-15999999.38
1000,345,-15999999.38
1000,346,-15999999.38
1000,347,-15999999.38
1000,348,-15999999.38
1000,349,-15999999.38
1000,350,-15999999.38
1000,351,-15999999.38
1000,352,-15999999.38
1000,353,-15999999.38
1000,354,-15999999.38
1000,355,-15999999.38
1000,356,-15999999.38
1000,357,-15999999.38
1000,358,-15999999.38
1000,359,-15999999.38
1000,360,-15999999.38
1000,361,-15999999.38
1000,362,-15999999.38
1000,363,-15999999.38
1000,364,-15999999.38
1000,365,-15999999.38
1000,366,-15999999.38
1000,367,-15999999.38
1000,368,-15999999.38
1000,369,-15999999.38
1000,370,-15999999.38
1000,371,-15999999.38
1000,372,-15999999.38
1000,373,-15999999.38
1000,374,-15999999.38
1000,375,-15999999.38
1000,376,-15999999.38
1000,377,-15999999.38
1000,378,-15999999.38
1000,379,-15999999.38
1000,380,-15999999.38
1000,381,-15999999.38
1000,382,-15999999.38
1000,383,-15999999.38
1000,384,-15999999.38
1000,385,-15999999.38
1000,386,-15999999.38
1000,387,-15999999.38
1000,388,-15999999.38
1000,389,-15999999.38
1000,390,-15999999.38
1000,391,-15999999.38
1000,392,-15999999.38
1000,393,-15999999.38
1000,394,-15999999.38
1000,395,-15999999.38
1000,396,-15999999.38
1000,397,-15999999.38
1000,398,-15999999.38
1000,399,-15999999.38
1000,400,-15999999.38
1000,401,-15999999.38
1000,402,-15999999.38
1000,403,-15999999.38
1000,404,-15999999.38
1000,405,-15999999.38
1000,406,-15999999.38
1000,407,-15999999.38
1000,408,-15999999.38
1000,409,-15999999.38
1000,410,-15999999.38
1000,411,-15999999.38
1000,412,-15999999.38
1000,413,-15999999.38
1000,414,-15999999.38
1000,415,-15999999.38
1000,416,-15999999.38
1000,417,-15999999.38
1000,418,-15999999.38
1000,419,-15999999.38
1000,420,-15999999.38
1000,421,-15999999.38
1000,422,-15999999.38
1000,423,-15999999.38
1000,424,-15999999.38
1000,425,-15999999.38
1000,426,-15999999.38
1000,427,-15999999.38
1000,428,-15999999.38
1000,429,-15999999.38
1000,430,-15999999.38
1000,431,-15999999.38
1000,432,-15999999.38
1000,433,-15999999.38
1000,434,-15999999.38
1000,435,-15999999.38
1000,436,-15999999.38
1000,437,-15999999.38
1000,438,-15999999.38
1000,439,-15999999.38
1000,440,-15999999.38
1000,441,-15999999.38
1000,442,-15999999.38
1000,443,-15999999.38
1000,444,-15999999.38
1000,445,-15999999.38
1000,446,-15999999.38
1000,447,-15999999.38
1000,448,-15999999.38
1000,449,-15999999.38
1000,450,-15999999.38
1000,451,-15999999.38
1000,452,-15999999.38
1000,453,-15999999.38
1000,454,-15999999.38
1000,455,-15999999.38
1000,456,-15999999.38
1000,457,-15999999.38
1000,458,-15999999.38
1000,459,-15999999.38
1000,460,-15999999.38
1000,461,-15999999.38
1000,462,-15999999.38
1000,463,-15999999.38
1000,464,-15999999.38
1000,465,-15999999.38
1000,466,-15999999.38
1000,467,-15999999.38
1000,468,-15999999.38
1000,469,-15999999.38
1000,470,-15999999.38
1000,471,-15999999.38
1000,472,-15999999.38
1000,473,-15999999.38
1000,474,-15999999.38
1000,475,-15999999.38
1000,476,-15999999.38
1000,477,-15999999.38
1000,478,-15999999.38
1000,479,-15999999.38
1000,480,-15999999.38
1000,481,-15999999.38
1000,482,-15999999.38
1000,483,-15999999.38
1000,484,-15999999.38
1000,485,-15999999.38
1000,486,-15999999.38
1000,487,-15999999.38
1000,488,-15999999.38
1000,489,-15999999.38
1000,490,-15999999.38
1000,491,-15999999.38
1000,492,-15999999.38
1000,493,-15999999.38
1000,494,-15999999.38
1000,495,-15999999.38
1000,496,-15999999.38
1000,497,-15999999.38
1000,498,-15999999.38
1000,499,-15999999.38
1000,500,-15999999.38
1000,501,-15999999.38
1000,502,-15999999.38
1000,503,-15999999.38
1000,504,-15999999.38
1000,505,-15999999.38
1000,506,-15999999.38
1000,507,-15999999.38
1000,508,-15999999.38
1000,509,-15999999.38
1000,510,-15999999.38
1000,511,-15999999.38
1000,512,-15999999.38
1000,513,-15999999.38
1000,514,-15999999.38
1000,515,-15999999.38
1000,516,-15999999.38
1000,517,-15999999.38
1000,518,-15999999.38
1000,519,-15999999.38
1000,520,-15999999.38
1000,521,-15999999.38
1000,522,-15999999.38
1000,523,-15999999.38
1000,524,-15999999.38
1000,525,-15999999.38
1000,526,-15999999.38
1000,527,-15999999.38
1000,528,-15999999.38
1000,529,-15999999.38
1000,530,-15999999.38
1000,531,-15999999.38
1000,532,-15999999.38
1000,533,-15999999.38
1000,534,-15999999.38
1000,535,-15999999.38
1000,536,-15999999.38
1000,537,-15999999.38
1000,538,-15999999.38
1000,539,-15999999.38
1000,540,-15999999.38
1000,541,-15999999.38
1000,542,-15999999.38
1000,543,-15999999.38
1000,544,-15999999.38
1000,545,-15999999.38
1000,546,-15999999.38
1000,547,-15999999.38
1000,548,-15999999.38
1000,549,-15999999.38
1000,550,-15999999.38
1000,551,-15999999.38
1000,552,-15999999.38
1000,553,-15999999.38
1000,554,-15999999.38
1000,555,-15999999.38
1000,556,-15999999.38
1000,557,-15999999.38
1000,558,-15999999.38
1000,559,-15999999.38
1000,560,-15999999.38
1000,561,-15999999.38
1000,562,-15999999.38
1000,563,-15999999.38
1000,564,-15999999.38
1000,565,-15999999.38
1000,566,-15999999.38
1000,567,-15999999.38
1000,568,-15999999.38
1000,569,-15999999.38
1000,570,-15999999.38
1000,571,-15999999.38
1000,572,-15999999.38
1000,573,-15999999.38
1000,574,-15999999.38
1000,575,-15999999.38
1000,576,-15999999.38
1000,577,-15999999.38
1000,578,-15999999.38
1000,579,-15999999.38
1000,580,-15999999.38
1000,581,-15999999.38
1000,582,-15999999.38
1000,583,-15999999.38
1000,584,-15999999.38
1000,585,-15999999.38
1000,586,-15999999.38
1000,587,-15999999.38
1000,588,-15999999.38
1000,589,-15999999.38
1000,590,-15999999.38
1000,591,-15999999.38
1000,592,-15999999.38
1000,593,-15999999.38
1000,594,-15999999.38
1000,595,-15999999.38
1000,596,-15999999.38
1000,597,-15999999.38
1000,598,-15999999.38
1000,599,-15999999.38
1000,600,-15999999.38
1000,601,-15999999.38
1000,602,-15999999.38
1000,603,-15999999.38
1000,604,-15999999.38
1000,605,-15999999.38
1000,606,-15999999.38
1000,607,-15999999.38
1000,608,-15999999.38
1000,609,-15999999.38
1000,610,-15999999.38
1000,611,-15999999.38
1000,612,-15999999.38
1000,613,-15999999.38
1000,614,-15999999.38
1000,615,-15999999.38
1000,616,-15999999.38
1000,617,-15999999.38
1000,618,-15999999.38
1000,619,-15999999.38
1000,620,-15999999.38
1000,621,-15999999.38
1000,622,-15999999.38
1000,623,-15999999.38
1000,624,-15999999.38
1000,625,-15999999.38
1000,626,-15999999.38
1000,627,-15999999.38
1000,628,-15999999.38
1000,629,-15999999.38
1000,630,-15999999.38
1000,631,-15999999.38
1000,632,-15999999.38
1000,633,-15999999.38
1000,634,-15999999.38
1000,635,-15999999.38
1000,636,-15999999.38
1000,637,-15999999.38
1000,638,-15999999.38
1000,639,-15999999.38
1000,640,-15999999.38
1000,641,-15999999.38
1000,642,-15999999.38
1000,643,-15999999.38
1000,644,-15999999.38
1000,645,-15999999.38
1000,646,-15999999.38
1000,647,-15999999.38
1000,648,-15999999.38
1000,649,-15999999.38
1000,650,-15999999.38
1000,651,-15999999.38
1000,652,-15999999.38
1000,653,-15999999.38
1000,654,-15999999.38
1000,655,-15999999.38
1000,656,-15999999.38
1000,657,-15999999.38
1000,658,-15999999.38
1000,659,-15999999.38
1000,660,-15999999.38
1000,661,-15999999.38
1000,662,-15999999.38
1000,663,-15999999.38
1000,664,-15999999.38
1000,665,-15999999.38
1000,666,-15999999.38
1000,667,-15999999.38
1000,668,-15999999.38
1000,669,-15999999.38
1000,670,-15999999.38
1000,671,-15999999.38
1000,672,-15999999.38
1000,673,-15999999.38
1000,674,-15999999.38
1000,675,-15999999.38
1000,676,-15999999.38
1000,677,-15999999.38
1000,678,-15999999.38
1000,679,-15999999.38
1000,680,-15999999.38
1000,681,-15999999.38
1000,682,-15999999.38
1000,683,-15999999.38
1000,684,-15999999.38
1000,685,-15999999.38
1000,686,-15999999.38
1000,687,-15999999.38
1000,688,-15999999.38
1000,689,-15999999.38
1000,690,-15999999.38
1000,691,-15999999.38
1000,692,-15999999.38
1000,693,-15999999.38
1000,694,-15999999.38
1000,695,-15999999.38
1000,696,-15999999.38
1000,697,-15999999.38
1000,698,-15999999.38
1000,699,-15999999.38
1000,700,-15999999.38
1000,701,-15999999.38
1000,702,-15999999.38
1000,703,-15999999.38
1000,704,-15999999.38
1000,705,-15999999.38
1000,706,-15999999.38
1000,707,-15999999.38
1000,708,-15999999.38
1000,709,-15999999.38
1000,710,-15999999.38
1000,711,-15999999.38
1000,712,-15999999.38
1000,713,-15999999.38
1000,714,-15999999.38
1000,715,-15999999.38
1000,716,-15999999.38
1000,717,-15999999.38
1000,718,-15999999.38
1000,719,-15999999.38
1000,720,-15999999.38
1000,721,-15999999.38
1000,722,-15999999.38
1000,723,-15999999.38
1000,724,-15999999.38
1000,725,-15999999.38
1000,726,-15999999.38
1000,727,-15999999.38
1000,728,-15999999.38
1000,729,-15999999.38
1000,730,-15999999.38
1000,731,-15999999.38
1000,732,-15999999.38
1000,733,-15999999.38
1000,734,-15999999.38
1000,735,-15999999.38
1000,736,-15999999.38
1000,737,-15999999.38
1000,738,-15999999.38
1000,739,-15999999.38
1000,740,-15999999.38
1000,741,-15999999.38
1000,742,-15999999.38
1000,743,-15999999.38
1000,744,-15999999.38
1000,745,-15999999.38
1000,746,-15999999.38
1000,747,-15999999.38
1000,748,-15999999.38
1000,749,-15999999.38
1000,750,-15999999.38
1000,751,-15999999.38
1000,752,-15999999.38
1000,753,-15999999.38
1000,754,-15999999.38
1000,755,-15999999.38
1000,756,-15999999.38
1000,757,-15999999.38
1000,758,-15999999.38
1000,759,-15999999.38
1000,760,-15999999.38
1000,761,-15999999.38
1000,762,-15999999.38
1000,763,-15999999.38
1000,764,-15999999.38
1000,765,-15999999.38
1000,766,-15999999.38
1000,767,-15999999.38
1000,768,-15999999.38
1000,769,-15999999.38
1000,770,-15999999.38
1000,771,-15999999.38
1000,772,-15999999.38
1000,773,-15999999.38
1000,774,-15999999.38
1000,775,-15999999.38
1000,776,-15999999.38
1000,777,-15999999.38
1000,778,-15999999.38
1000,779,-15999999.38
1000,780,-15999999.38
1000,781,-15999999.38
1000,782,-15999999.38
1000,783,-15999999.38
1000,784,-15999999.38
1000,785,-15999999.38
1000,786,-15999999.38
1000,787,-15999999.38
1000,788,-15999999.38
1000,789,-15999999.38
1000,790,-15999999.38
1000,791,-15999999.38
1000,792,-15999999.38
1000,793,-15999999.38
1000,794,-15999999.38
1000,795,-15999999.38
1000,796,-15999999.38
1000,797,-15999999.38
1000,798,-15999999.38
1000,799,-15999999.38
1000,800,-15999999.38
1000,801,-15999999.38
1000,802,-15999999.38
1000,803,-15999999.38
1000,804,-15999999.38
1000,805,-15999999.38
1000,806,-15999999.38
1000,807,-15999999.38
1000,808,-15999999.38
1000,809,-15999999.38
1000,810,-15999999.38
1000,811,-15999999.38
1000,812,-15999999.38
1000,813,-15999999.38
1000,814,-15999999.38
1000,815,-15999999.38
1000,816,-15999999.38
1000,817,-15999999.38
1000,818,-15999999.38
1000,819,-15999999.38
1000,820,-15999999.38
1000,821,-15999999.38
1000,822,-15999999.38
1000,823,-15999999.38
1000,824,-15999999.38
1000,825,-15999999.38
1000,826,-15999999.38
1000,827,-15999999.38
1000,828,-15999999.38
1000,829,-15999999.38
1000,830,-15999999.38
1000,831,-15999999.38
1000,832,-15999999.38
1000,833,-15999999.38
1000,834,-15999999.38
1000,835,-15999999.38
1000,836,-15999999.38
1000,837,-15999999.38
1000,838,-15999999.38
1000,839,-15999999.38
1000,840,-15999999.38
1000,841,-15999999.38
1000,842,-15999999.38
1000,843,-15999999.38
1000,844,-15999999.38
1000,845,-15999999.38
1000,846,-15999999.38
1000,847,-15999999.38
1000,848,-15999999.38
1000,849,-15999999.38
1000,850,-15999999.38
1000,851,-15999999.38
1000,852,-15999999.38
1000,853,-15999999.38
1000,854,-15999999.38
1000,855,-15999999.38
1000,856,-15999999.38
1000,857,-15999999.38
1000,858,-15999999.38
1000,859,-15999999.38
1000,860,-15999999.38
1000,861,-15999999.38
1000,862,-15999999.38
1000,863,-15999999.38
1000,864,-15999999.38
1000,865,-15999999.38
1000,866,-15999999.38
1000,867,-15999999.38
1000,868,-15999999.38
1000,869,-15999999.38
1000,870,-15999999.38
1000,871,-15999999.38
1000,872,-15999999.38
1000,873,-15999999.38
1000,874,-15999999.38
1000,875,-15999999.38
1000,876,-15999999.38
1000,877,-15999999.38
1000,878,-15999999.38
1000,879,-15999999.38
1000,880,-15999999.38
1000,881,-15999999.38
1000,882,-15999999.38
1000,883,-15999999.38
1000,884,-15999999.38
1000,885,-15999999.38
1000,886,-15999999.38
1000,887,-15999999.38
1000,888,-15999999.38
1000,889,-15999999.38
1000,890,-15999999.38
1000,891,-15999999.38
1000,892,-15999999.38
1000,893,-15999999.38
1000,894,-15999999.38
1000,895,-15999999.38
1000,896,-15999999.38
1000,897,-15999999.38
1000,898,-15999999.38
1000,899,-15999999.38
1000,900,-15999999.38
1000,901,-15999999.38
1000,902,-15999999.38
1000,903,-15999999.38
1000,904,-15999999.38
1000,905,-15999999.38
1000,906,-15999999.38
1000,907,-15999999.38
1000,908,-15999999.38
1000,909,-15999999.38
1000,910,-15999999.38
1000,911,-15999999.38
1000,912,-15999999.38
1000,913,-15999999.38
1000,914,-15999999.38
1000,915,-15999999.38
1000,916,-15999999.38
1000,917,-15999999.38
1000,918,-15999999.38
1000,919,-15999999.38
1000,920,-15999999.38
1000,921,-15999999.38
1000,922,-15999999.38
1000,923,-15999999.38
1000,924,-15999999.38
1000,925,-15999999.38
1000,926,-15999999.38
1000,927,-15999999.38
1000,928,-15999999.38
1000,929,-15999999.38
1000,930,-15999999.38
1000,931,-15999999.38
1000,932,-15999999.38
1000,933,-15999999.38
1000,934,-15999999.38
1000,935,-15999999.38
1000,936,-15999999.38
1000,937,-15999999.38
1000,938,-15999999.38
1000,939,-15999999.38
1000,940,-15999999.38
1000,941,-15999999.38
1000,942,-15999999.38
1000,943,-15999999.38
1000,944,-15999999.38
1000,945,-15999999.38
1000,946,-15999999.38
1000,947,-15999999.38
1000,948,-15999999.38
1000,949,-15999999.38
1000,950,-15999999.38
1000,951,-15999999.38
1000,952,-15999999.38
1000,953,-15999999.38
1000,954,-15999999.38
1000,955,-15999999.38
1000,956,-15999999.38
1000,957,-15999999.38
1000,958,-15999999.38
1000,959,-15999999.38
1000,960,-15999999.38
1000,961,-15999999.38
1000,962,-15999999.38
1000,963,-15999999.38
1000,964,-15999999.38
1000,965,-15999999.38
1000,966,-15999999.38
1000,967,-15999999.38
1000,968,-15999999.38
1000,969,-15999999.38
1000,970,-15999999.38
1000,971,-15999999.38
1000,972,-15999999.38
1000,973,-15999999.38
1000,974,-15999999.38
1000,975,-15999999.38
1000,976,-15999999.38
1000,977,-15999999.38
1000,978,-15999999.38
1000,979,-15999999.38
1000,980,-15999999.38
1000,981,-15999999.38
1000,982,-15999999.38
1000,983,-15999999.38
1000,984,-15999999.38
1000,985,-15999999.38
1000,986,-15999999.38
1000,987,-15999999.38
1000,988,-15999999.38
1000,989,-15999999.38
1000,990,-15999999.38
1000,991,-15999999.38
1000,992,-15999999.38
1000,993,-15999999.38
1000,994,-15999999.38
1000,995,-15999999.38
1000,996,-15999999.38
1000,997,-15999999.38
1000,998,-15999999.38
1000,999,-15999999.38
1000,1000,-15999999.38
2000,0,-14999999.46
2000,1,-15999999.3
2000,2,-15999999.3
2000,3,-15999999.3
2000,4,-15999999.3
2000,5,-15999999.3
2000,6,-15999999.3
2000,7,-15999999.3
2000,8,-15999999.3
2000,9,-15999999.3
2000,10,-15999999.3
2000,11,-15999999.3
2000,12,-15999999.3
2000,13,-15999999.3
2000,14,-15999999.3
2000,15,-15999999.3
2000,16,-15999999.3
2000,17,-15999999.3
2000,18,-15999999.33
2000,19,-15999999.33
2000,20,-15999999.33
2000,21,-15999999.33
2000,22,-15999999.33
2000,23,-15999999.33
2000,24,-15999999.33
2000,25,-15999999.33
2000,26,-15999999.33
2000,27,-15999999.33
2000,28,-15999999.33
2000,29,-15999999.33
2000,30,-15999999.33
2000,31,-15999999.33
2000,32,-15999999.33
2000,33,-15999999.33
2000,34,-15999999.33
2000,35,-15999999.33
2000,36,-15999999.33
2000,37,-15999999.33
2000,38,-15999999.33
2000,39,-15999999.33
2000,40,-15999999.33
2000,41,-15999999.33
2000,42,-15999999.33
2000,43,-15999999.33
2000,44,-15999999.33
2000,45,-15999999.33
2000,46,-15999999.33
2000,47,-15999999.33
2000,48,-15999999.33
2000,49,-15999999.33
2000,50,-15999999.33
2000,51,-15999999.33
2000,52,-15999999.33
2000,53,-15999999.33
2000,54,-15999999.33
2000,55,-15999999.33
2000,56,-15999999.35
2000,57,-15999999.35
2000,58,-15999999.35
2000,59,-15999999.35
2000,60,-15999999.35
2000,61,-15999999.35
2000,62,-15999999.35
2000,63,-15999999.35
2000,64,-15999999.35
2000,65,-15999999.35
2000,66,-15999999.35
2000,67,-15999999.35
2000,68,-15999999.35
2000,69,-15999999.35
2000,70,-15999999.35
2000,71,-15999999.35
2000,72,-15999999.35
2000,73,-15999999.35
2000,74,-15999999.35
2000,75,-15999999.35
2000,76,-15999999.35
2000,77,-15999999.35
2000,78,-15999999.35
2000,79,-15999999.35
2000,80,-15999999.35
2000,81,-15999999.35
2000,82,-15999999.35
2000,83,-15999999.35
2000,84,-15999999.35
2000,85,-15999999.35
2000,86,-15999999.35
2000,87,-15999999.35
2000,88,-15999999.35
2000,89,-15999999.35
2000,90,-15999999.35
2000,91,-15999999.35
2000,92,-15999999.35
2000,93,-15999999.35
2000,94,-15999999.35
2000,95,-15999999.35
2000,96,-15999999.35
2000,97,-15999999.38
2000,98,-15999999.38
2000,99,-15999999.38
2000,100,-15999999.38
2000,101,-15999999.38
2000,102,-15999999.38
2000,103,-15999999.38
2000,104,-15999999.38
2000,105,-15999999.38
2000,106,-15999999.38
2000,107,-15999999.38
2000,108,-15999999.38
2000,109,-15999999.38
2000,110,-15999999.38
2000,111,-15999999.38
2000,112,-15999999.38
2000,113,-15999999.38
2000,114,-15999999.38
2000,115,-15999999.38
2000,116,-15999999.38
2000,117,-15999999.38
2000,118,-15999999.38
2000,119,-15999999.38
2000,120,-15999999.38
2000,121,-15999999.38
2000,122,-15999999.38
2000,123,-15999999.38
2000,124,-15999999.38
2000,125,-15999999.38
2000,126,-15999999.38
2000,127,-15999999.38
2000,128,-15999999.38
2000,129,-15999999.38
2000,130,-15999999.38
2000,131,-15999999.38
2000,132,-15999999.38
2000,133,-15999999.38
2000,134,-15999999.38
2000,135,-15999999.38
2000,136,-15999999.38
2000,137,-15999999.38
2000,138,-15999999.38
2000,139,-15999999.38
2000,140,-15999999.38
2000,141,-15999999.38
2000,142,-15999999.38
2000,143,-15999999.38
2000,144,-15999999.38
2000,145,-15999999.38
2000,146,-15999999.38
2000,147,-15999999.38
2000,148,-15999999.38
2000,149,-15999999.38
2000,150,-15999999.38
2000,151,-15999999.38
2000,152,-15999999.38
2000,153,-15999999.38
2000,154,-15999999.38
2000,155,-15999999.38
2000,156,-15999999.38
2000,157,-15999999.38
2000,158,-15999999.38
2000,159,-15999999.38
2000,160,-15999999.38
2000,161,-15999999.38
2000,162,-15999999.38
2000,163,-15999999.38
2000,164,-15999999.38
2000,165,-15999999.38
2000,166,-15999999.38
2000,167,-15999999.38
2000,168,-15999999.38
2000,169,-15999999.38
2000,170,-15999999.38
2000,171,-15999999.38
2000,172,-15999999.38
2000,173,-15999999.38
2000,174,-15999999.38
2000,175,-15999999.38
2000,176,-15999999.38
2000,177,-15999999.38
2000,178,-15999999.38
2000,179,-15999999.38
2000,180,-15999999.38
2000,181,-15999999.38
2000,182,-15999999.38
2000,183,-15999999.38
2000,184,-15999999.38
2000,185,-15999999.38
2000,186,-15999999.38
2000,187,-15999999.38
2000,188,-15999999.38
2000,189,-15999999.38
2000,190,-15999999.38
2000,191,-15999999.38
2000,192,-15999999.38
2000,193,-15999999.38
2000,194,-15999999.38
2000,195,-15999999.38
2000,196,-15999999.38
2000,197,-15999999.38
2000,198,-15999999.38
2000,199,-15999999.38
2000,200,-15999999.38
2000,201,-15999999.38
2000,202,-15999999.38
2000,203,-15999999.38
2000,204,-15999999.38
2000,205,-15999999.38
2000,206,-15999999.38
2000,207,-15999999.38
2000,208,-15999999.38
2000,209,-15999999.38
2000,210,-15999999.38
2000,211,-15999999.38
2000,212,-15999999.38
2000,213,-15999999.38
2000,214,-15999999.38
2000,215,-15999999.38
2000,216,-15999999.38
2000,217,-15999999.38
2000,218,-15999999.38
2000,219,-15999999.38
2000,220,-15999999.38
2000,221,-15999999.38
2000,222,-15999999.38
2000,223,-15999999.38
2000,224,-15999999.38
2000,225,-15999999.38
2000,226,-15999999.38
2000,227,-15999999.38
2000,228,-15999999.38
2000,229,-15999999.38
2000,230,-15999999.38
2000,231,-15999999.38
2000,232,-15999999.38
2000,233,-15999999.38
2000,234,-15999999.38
2000,235,-15999999.38
2000,236,-15999999.38
2000,237,-15999999.38
2000,238,-15999999.38
2000,239,-15999999.38
2000,240,-15999999.38
2000,241,-15999999.38
2000,242,-15999999.38
2000,243,-15999999.38
2000,244,-15999999.38
2000,245,-15999999.38
2000,246,-15999999.38
2000,247,-15999999.38
2000,248,-15999999.38
2000,249,-15999999.38
2000,250,-15999999.38
2000,251,-15999999.38
2000,252,-15999999.38
2000,253,-15999999.38
2000,254,-15999999.38
2000,255,-15999999.38
2000,256,-15999999.38
2000,257,-15999999.38
2000,258,-15999999.38
2000,259,-15999999.38
2000,260,-15999999.38
2000,261,-15999999.38
2000,262,-15999999.38
2000,263,-15999999.38
2000,264,-15999999.38
2000,265,-15999999.38
2000,266,-15999999.38
2000,267,-15999999.38
2000,268,-15999999.38
2000,269,-15999999.38
2000,270,-15999999.38
2000,271,-15999999.38
2000,272,-15999999.38
2000,273,-15999999.38
2000,274,-15999999.38
2000,275,-15999999.38
2000,276,-15999999.38
2000,277,-15999999.38
2000,278,-15999999.38
2000,279,-15999999.38
2000,280,-15999999.38
2000,281,-15999999.38
2000,282,-15999999.38
2000,283,-15999999.38
2000,284,-15999999.38
2000,285,-15999999.38
2000,286,-15999999.38
2000,287,-15999999.38
2000,288,-15999999.38
2000,289,-15999999.38
2000,290,-15999999.38
2000,291,-15999999.38
2000,292,-15999999.38
2000,293,-15999999.38
2000,294,-15999999.38
2000,295,-15999999.38
2000,296,-15999999.38
2000,297,-15999999.38
2000,298,-15999999.38
2000,299,-15999999.38
2000,300,-15999999.38
2000,301,-15999999.38
2000,302,-15999999.38
2000,303,-15999999.38
2000,304,-15999999.38
2000,305,-15999999.38
2000,306,-15999999.38
2000,307,-15999999.38
2000,308,-15999999.38
2000,309,-15999999.38
2000,310,-15999999.38
2000,311,-15999999.38
2000,312,-15999999.38
2000,313,-15999999.38
2000,314,-15999999.38
2000,315,-15999999.38
2000,316,-15999999.38
2000,317,-15999999.38
2000,318,-15999999.38
2000,319,-15999999.38
2000,320,-15999999.38
2000,321,-15999999.38
2000,322,-15999999.38
2000,323,-15999999.38
2000,324,-15999999.38
2000,325,-15999999.38
2000,326,-15999999.38
2000,327,-15999999.38
2000,328,-15999999.38
2000,329,-15999999.38
2000,330,-15999999.38
2000,331,-15999999.38
2000,332,-15999999.38
2000,333,-15999999.38
2000,334,-15999999.38
2000,335,-15999999.38
2000,336,-15999999.38
2000,337,-15999999.38
2000,338,-15999999.38
2000,339,-15999999.38
2000,340,-15999999.38
2000,341,-15999999.38
2000,342,-15999999.38
2000,343,-15999999.38
2000,344,-15999999.38
2000,345,-15999999.38
2000,346,-15999999.38
2000,347,-15999999.38
2000,348,-15999999.38
2000,349,-15999999.38
2000,350,-15999999.38
2000,351,-15999999.38
2000,352,-15999999.38
2000,353,-15999999.38
2000,354,-15999999.38
2000,355,-15999999.38
2000,356,-15999999.38
2000,357,-15999999.38
2000,358,-15999999.38
2000,359,-15999999.38
2000,360,-15999999.38
2000,361,-15999999.38
2000,362,-15999999.38
2000,363,-15999999.38
2000,364,-15999999.38
2000,365,-15999999.38
2000,366,-15999999.38
2000,367,-15999999.38
2000,368,-15999999.38
2000,369,-15999999.38
2000,370,-15999999.38
2000,371,-15999999.38
2000,372,-15999999.38
2000,373,-15999999.38
2000,374,-15999999.38
2000,375,-15999999.38
2000,376,-15999999.38
2000,377,-15999999.38
2000,378,-15999999.38
2000,379,-15999999.38
2000,380,-15999999.38
2000,381,-15999999.38
2000,382,-15999999.38
2000,383,-15999999.38
2000,384,-15999999.38
2000,385,-15999999.38
2000,386,-15999999.38
2000,387,-15999999.38
2000,388,-15999999.38
2000,389,-15999999.38
2000,390,-15999999.38
2000,391,-15999999.38
2000,392,-15999999.38
2000,393,-15999999.38
2000,394,-15999999.38
2000,395,-15999999.38
2000,396,-15999999.38
2000,397,-15999999.38
2000,398,-15999999.38
2000,399,-15999999.38
2000,400,-15999999.38
2000,401,-15999999.38
2000,402,-15999999.38
2000,403,-15999999.38
2000,404,-15999999.38
2000,405,-15999999.38
2000,406,-15999999.38
2000,407,-15999999.38
2000,408,-15999999.38
2000,409,-15999999.38
2000,410,-15999999.38
2000,411,-15999999.38
2000,412,-15999999.38
2000,413,-15999999.38
2000,414,-15999999.38
2000,415,-15999999.38
2000,416,-15999999.38
2000,417,-15999999.38
2000,418,-15999999.38
2000,419,-15999999.38
2000,420,-15999999.38
2000,421,-15999999.38
2000,422,-15999999.38
2000,423,-15999999.38
2000,424,-15999999.38
2000,425,-15999999.38
2000,426,-15999999.38
2000,427,-15999999.38
2000,428,-15999999.38
2000,429,-15999999.38
2000,430,-15999999.38
2000,431,-15999999.38
2000,432,-15999999.38
2000,433,-15999999.38
2000,434,-15999999.38
2000,435,-15999999.38
2000,436,-15999999.38
2000,437,-15999999.38
2000,438,-15999999.38
2000,439,-15999999.38
2000,440,-15999999.38
2000,441,-15999999.38
2000,442,-15999999.38
2000,443,-15999999.38
2000,444,-15999999.38
2000,445,-15999999.38
2000,446,-15999999.38
2000,447,-15999999.38
2000,448,-15999999.38
2000,449,-15999999.38
2000,450,-15999999.38
2000,451,-15999999.38
2000,452,-15999999.38
2000,453,-15999999.38
2000,454,-15999999.38
2000,455,-15999999.38
2000,456,-15999999.38
2000,457,-15999999.38
2000,458,-15999999.38
2000,459,-15999999.38
2000,460,-15999999.38
2000,461,-15999999.38
2000,462,-15999999.38
2000,463,-15999999.38
2000,464,-15999999.38
2000,465,-15999999.38
2000,466,-15999999.38
2000,467,-15999999.38
2000,468,-15999999.38
2000,469,-15999999.38
2000,470,-15999999.38
2000,471,-15999999.38
2000,472,-15999999.38
2000,473,-15999999.38
2000,474,-15999999.38
2000,475,-15999999.38
2000,476,-15999999.38
2000,477,-15999999.38
2000,478,-15999999.38
2000,479,-15999999.38
2000,480,-15999999.38
2000,481,-15999999.38
2000,482,-15999999.38
2000,483,-15999999.38
2000,484,-15999999.38
2000,485,-15999999.38
2000,486,-15999999.38
2000,487,-15999999.38
2000,488,-15999999.38
2000,489,-15999999.38
2000,490,-15999999.38
2000,491,-15999999.38
2000,492,-15999999.38
2000,493,-15999999.38
2000,494,-15999999.38
2000,495,-15999999.38
2000,496,-15999999.38
2000,497,-15999999.38
2000,498,-15999999.38
2000,499,-15999999.38
2000,500,-15999999.38
2000,501,-15999999.38
2000,502,-15999999.38
2000,503,-15999999.38
2000,504,-15999999.38
2000,505,-15999999.38
2000,506,-15999999.38
2000,507,-15999999.38
2000,508,-15999999.38
2000,509,-15999999.38
2000,510,-15999999.38
2000,511,-15999999.38
2000,512,-15999999.38
2000,513,-15999999.38
2000,514,-15999999.38
2000,515,-15999999.38
2000,516,-15999999.38
2000,517,-15999999.38
2000,518,-15999999.38
2000,519,-15999999.38
2000,520,-15999999.38
2000,521,-15999999.38
2000,522,-15999999.38
2000,523,-15999999.38
2000,524,-15999999.38
2000,525,-15999999.38
2000,526,-15999999.38
2000,527,-15999999.38
2000,528,-15999999.38
2000,529,-15999999.38
2000,530,-15999999.38
2000,531,-15999999.38
2000,532,-15999999.38
2000,533,-15999999.38
2000,534,-15999999.38
2000,535,-15999999.38
2000,536,-15999999.38
2000,537,-15999999.38
2000,538,-15999999.38
2000,539,-15999999.38
2000,540,-15999999.38
2000,541,-15999999.38
2000,542,-15999999.38
2000,543,-15999999.38
2000,544,-15999999.38
2000,545,-15999999.38
2000,546,-15999999.38
2000,547,-15999999.38
2000,548,-15999999.38
2000,549,-15999999.38
2000,550,-15999999.38
2000,551,-15999999.38
2000,552,-15999999.38
2000,553,-15999999.38
2000,554,-15999999.38
2000,555,-15999999.38
2000,556,-15999999.38
2000,557,-15999999.38
2000,558,-15999999.38
2000,559,-15999999.38
2000,560,-15999999.38
2000,561,-15999999.38
2000,562,-15999999.38
2000,563,-15999999.38
2000,564,-15999999.38
2000,565,-15999999.38
2000,566,-15999999.38
2000,567,-15999999.38
2000,568,-15999999.38
2000,569,-15999999.38
2000,570,-15999999.38
2000,571,-15999999.38
2000,572,-15999999.38
2000,573,-15999999.38
2000,574,-15999999.38
2000,575,-15999999.38
2000,576,-15999999.38
2000,577,-15999999.38
2000,578,-15999999.38
2000,579,-15999999.38
2000,580,-15999999.38
2000,581,-15999999.38
2000,582,-15999999.38
2000,583,-15999999.38
2000,584,-15999999.38
2000,585,-15999999.38
2000,586,-15999999.38
2000,587,-15999999.38
2000,588,-15999999.38
2000,589,-15999999.38
2000,590,-15999999.38
2000,591,-15999999.38
2000,592,-15999999.38
2000,593,-15999999.38
2000,594,-15999999.38
2000,595,-15999999.38
2000,596,-15999999.38
2000,597,-15999999.38
2000,598,-15999999.38
2000,599,-15999999.38
2000,600,-15999999.38
2000,601,-15999999.38
2000,602,-15999999.38
2000,603,-15999999.38
2000,604,-15999999.38
2000,605,-15999999.38
2000,606,-15999999.38
2000,607,-15999999.38
2000,608,-15999999.38
2000,609,-15999999.38
2000,610,-15999999.38
2000,611,-15999999.38
2000,612,-15999999.38
2000,613,-15999999.38
2000,614,-15999999.38
2000,615,-15999999.38
2000,616,-15999999.38
2000,617,-15999999.38
2000,618,-15999999.38
2000,619,-15999999.38
2000,620,-15999999.38
2000,621,-15999999.38
2000,622,-15999999.38
2000,623,-15999999.38
2000,624,-15999999.38
2000,625,-15999999.38
2000,626,-15999999.38
2000,627,-15999999.38
2000,628,-15999999.38
2000,629,-15999999.38
2000,630,-15999999.38
2000,631,-15999999.38
2000,632,-15999999.38
2000,633,-15999999.38
2000,634,-15999999.38
2000,635,-15999999.38
2000,636,-15999999.38
2000,637,-15999999.38
2000,638,-15999999.38
2000,639,-15999999.38
2000,640,-15999999.38
2000,641,-15999999.38
2000,642,-15999999.38
2000,643,-15999999.38
2000,644,-15999999.38
2000,645,-15999999.38
2000,646,-15999999.38
2000,647,-15999999.38
2000,648,-15999999.38
2000,649,-15999999.38
2000,650,-15999999.38
2000,651,-15999999.38
2000,652,-15999999.38
2000,653,-15999999.38
2000,654,-15999999.38
2000,655,-15999999.38
2000,656,-15999999.38
2000,657,-15999999.38
2000,658,-15999999.38
2000,659,-15999999.38
2000,660,-15999999.38
2000,661,-15999999.38
2000,662,-15999999.38
2000,663,-15999999.38
2000,664,-15999999.38
2000,665,-15999999.38
2000,666,-15999999.38
2000,667,-15999999.38
2000,668,-15999999.38
2000,669,-15999999.38
2000,670,-15999999.38
2000,671,-15999999.38
2000,672,-15999999.38
2000,673,-15999999.38
2000,674,-15999999.38
2000,675,-15999999.38
2000,676,-15999999.38
2000,677,-15999999.38
2000,678,-15999999.38
2000,679,-15999999.38
2000,680,-15999999.38
2000,681,-15999999.38
2000,682,-15999999.38
2000,683,-15999999.38
2000,684,-15999999.38
2000,685,-15999999.38
2000,686,-15999999.38
2000,687,-15999999.38
2000,688,-15999999.38
2000,689,-15999999.38
2000,690,-15999999.38
2000,691,-15999999.38
2000,692,-15999999.38
2000,693,-15999999.38
2000,694,-15999999.38
2000,695,-15999999.38
2000,696,-15999999.38
2000,697,-15999999.38
2000,698,-15999999.38
2000,699,-15999999.38
2000,700,-15999999.38
2000,701,-15999999.38
2000,702,-15999999.38
2000,703,-15999999.38
2000,704,-15999999.38
2000,705,-15999999.38
2000,706,-15999999.38
2000,707,-15999999.38
2000,708,-15999999.38
2000,709,-15999999.38
2000,710,-15999999.38
2000,711,-15999999.38
2000,712,-15999999.38
2000,713,-15999999.38
2000,714,-15999999.38
2000,715,-15999999.38
2000,716,-15999999.38
2000,717,-15999999.38
2000,718,-15999999.38
2000,719,-15999999.38
2000,720,-15999999.38
2000,721,-15999999.38
2000,722,-15999999.38
2000,723,-15999999.38
2000,724,-15999999.38
2000,725,-15999999.38
2000,726,-15999999.38
2000,727,-15999999.38
2000,728,-15999999.38
2000,729,-15999999.38
2000,730,-15999999.38
2000,731,-15999999.38
2000,732,-15999999.38
2000,733,-15999999.38
2000,734,-15999999.38
2000,735,-15999999.38
2000,736,-15999999.38
2000,737,-15999999.38
2000,738,-15999999.38
2000,739,-15999999.38
2000,740,-15999999.38
2000,741,-15999999.38
2000,742,-15999999.38
2000,743,-15999999.38
2000,744,-15999999.38
2000,745,-15999999.38
2000,746,-15999999.38
2000,747,-15999999.38
2000,748,-15999999.38
2000,749,-15999999.38
2000,750,-15999999.38
2000,751,-15999999.38
2000,752,-15999999.38
2000,753,-15999999.38
2000,754,-15999999.38
2000,755,-15999999.38
2000,756,-15999999.38
2000,757,-15999999.38
2000,758,-15999999.38
2000,759,-15999999.38
2000,760,-15999999.38
2000,761,-15999999.38
2000,762,-15999999.38
2000,763,-15999999.38
2000,764,-15999999.38
2000,765,-15999999.38
2000,766,-15999999.38
2000,767,-15999999.38
2000,768,-15999999.38
2000,769,-15999999.38
2000,770,-15999999.38
2000,771,-15999999.38
2000,772,-15999999.38
2000,773,-15999999.38
2000,774,-15999999.38
2000,775,-15999999.38
2000,776,-15999999.38
2000,777,-15999999.38
2000,778,-15999999.38
2000,779,-15999999.38
2000,780,-15999999.38
2000,781,-15999999.38
2000,782,-15999999.38
2000,783,-15999999.38
2000,784,-15999999.38
2000,785,-15999999.38
2000,786,-15999999.38
2000,787,-15999999.38
2000,788,-15999999.38
2000,789,-15999999.38
2000,790,-15999999.38
2000,791,-15999999.38
2000,792,-15999999.38
2000,793,-15999999.38
2000,794,-15999999.38
2000,795,-15999999.38
2000,796,-15999999.38
2000,797,-15999999.38
2000,798,-15999999.38
2000,799,-15999999.38
2000,800,-15999999.38
2000,801,-15999999.38
2000,802,-15999999.38
2000,803,-15999999.38
2000,804,-15999999.38
2000,805,-15999999.38
2000,806,-15999999.38
2000,807,-15999999.38
2000,808,-15999999.38
2000,809,-15999999.38
2000,810,-15999999.38
2000,811,-15999999.38
2000,812,-15999999.38
2000,813,-15999999.38
2000,814,-15999999.38
2000,815,-15999999.38
2000,816,-15999999.38
2000,817,-15999999.38
2000,818,-15999999.38
2000,819,-15999999.38
2000,820,-15999999.38
2000,821,-15999999.38
2000,822,-15999999.38
2000,823,-15999999.38
2000,824,-15999999.38
2000,825,-15999999.38
2000,826,-15999999.38
2000,827,-15999999.38
2000,828,-15999999.38
2000,829,-15999999.38
2000,830,-15999999.38
2000,831,-15999999.38
2000,832,-15999999.38
2000,833,-15999999.38
2000,834,-15999999.38
2000,835,-15999999.38
2000,836,-15999999.38
2000,837,-15999999.38
2000,838,-15999999.38
2000,839,-15999999.38
2000,840,-15999999.38
2000,841,-15999999.38
2000,842,-15999999.38
2000,843,-15999999.38
2000,844,-15999999.38
2000,845,-15999999.38
2000,846,-15999999.38
2000,847,-15999999.38
2000,848,-15999999.38
2000,849,-15999999.38
2000,850,-15999999.38
2000,851,-15999999.38
2000,852,-15999999.38
2000,853,-15999999.38
2000,854,-15999999.38
2000,855,-15999999.38
2000,856,-15999999.38
2000,857,-15999999.38
2000,858,-15999999.38
2000,859,-15999999.38
2000,860,-15999999.38
2000,861,-15999999.38
2000,862,-15999999.38
2000,863,-15999999.38
2000,864,-15999999.38
2000,865,-15999999.38
2000,866,-15999999.38
2000,867,-15999999.38
2000,868,-15999999.38
2000,869,-15999999.38
2000,870,-15999999.38
2000,871,-15999999.38
2000,872,-15999999.38
2000,873,-15999999.38
2000,874,-15999999.38
2000,875,-15999999.38
2000,876,-15999999.38
2000,877,-15999999.38
2000,878,-15999999.38
2000,879,-15999999.38
2000,880,-15999999.38
2000,881,-15999999.38
2000,882,-15999999.38
2000,883,-15999999.38
2000,884,-15999999.38
2000,885,-15999999.38
2000,886,-15999999.38
2000,887,-15999999.38
2000,888,-15999999.38
2000,889,-15999999.38
2000,890,-15999999.38
2000,891,-15999999.38
2000,892,-15999999.38
2000,893,-15999999.38
2000,894,-15999999.38
2000,895,-15999999.38
2000,896,-15999999.38
2000,897,-15999999.38
2000,898,-15999999.38
2000,899,-15999999.38
2000,900,-15999999.38
2000,901,-15999999.38
2000,902,-15999999.38
2000,903,-15999999.38
2000,904,-15999999.38
2000,905,-15999999.38
2000,906,-15999999.38
2000,907,-15999999.38
2000,908,-15999999.38
2000,909,-15999999.38
2000,910,-15999999.38
2000,911,-15999999.38
2000,912,-15999999.38
2000,913,-15999999.38
2000,914,-15999999.38
2000,915,-15999999.38
2000,916,-15999999.38
2000,917,-15999999.38
2000,918,-15999999.38
2000,919,-15999999.38
2000,920,-15999999.38
2000,921,-15999999.38
2000,922,-15999999.38
2000,923,-15999999.38
2000,924,-15999999.38
2000,925,-15999999.38
2000,926,-15999999.38
2000,927,-15999999.38
2000,928,-15999999.38
2000,929,-15999999.38
2000,930,-15999999.38
2000,931,-15999999.38
2000,932,-15999999.38
2000,933,-15999999.38
2000,934,-15999999.38
2000,935,-15999999.38
2000,936,-15999999.38
2000,937,-15999999.38
2000,938,-15999999.38
2000,939,-15999999.38
2000,940,-15999999.38
2000,941,-15999999.38
2000,942,-15999999.38
2000,943,-15999999.38
2000,944,-15999999.38
2000,945,-15999999.38
2000,946,-15999999.38
2000,947,-15999999.38
2000,948,-15999999.38
2000,949,-15999999.38
2000,950,-15999999.38
2000,951,-15999999.38
2000,952,-15999999.38
2000,953,-15999999.38
2000,954,-15999999.38
2000,955,-15999999.38
2000,956,-15999999.38
2000,957,-15999999.38
2000,958,-15999999.38
2000,959,-15999999.38
2000,960,-15999999.38
2000,961,-15999999.38
2000,962,-15999999.38
2000,963,-15999999.38
2000,964,-15999999.38
2000,965,-15999999.38
2000,966,-15999999.38
2000,967,-15999999.38
2000,968,-15999999.38
2000,969,-15999999.38
2000,970,-15999999.38
2000,971,-15999999.38
2000,972,-15999999.38
2000,973,-15999999.38
2000,974,-15999999.38
2000,975,-15999999.38
2000,976,-15999999.38
2000,977,-15999999.38
2000,978,-15999999.38
2000,979,-15999999.38
2000,980,-15999999.38
2000,981,-15999999.38
2000,982,-15999999.38
2000,983,-15999999.38
2000,984,-15999999.38
2000,985,-15999999.38
2000,986,-15999999.38
2000,987,-15999999.38
2000,988,-15999999.38
2000,989,-15999999.38
2000,990,-15999999.38
2000,991,-15999999.38
2000,992,-15999999.38
2000,993,-15999999.38
2000,994,-15999999.38
2000,995,-15999999.38
2000,996,-15999999.38
2000,997,-15999999.38
2000,998,-15999999.38
2000,999,-15999999.38
2000,1000,-15999999.38
2000,1001,-15999999.38
2000,1002,-15999999.38
2000,1003,-15999999.38
2000,1004,-15999999.38
2000,1005,-15999999.38
2000,1006,-15999999.38
2000,1007,-15999999.38
2000,1008,-15999999.38
2000,1009,-15999999.38
2000,1010,-15999999.38
2000,1011,-15999999.38
2000,1012,-15999999.38
2000,1013,-15999999.38
2000,1014,-15999999.38
2000,1015,-15999999.38
2000,1016,-15999999.38
2000,1017,-15999999.38
2000,1018,-15999999.38
2000,1019,-15999999.38
2000,1020,-15999999.38
2000,1021,-15999999.38
2000,1022,-15999999.38
2000,1023,-15999999.38
2000,1024,-15999999.38
2000,1025,-15999999.38
2000,1026,-15999999.38
2000,1027,-15999999.38
2000,1028,-15999999.38
2000,1029,-15999999.38
2000,1030,-15999999.38
2000,1031,-15999999.38
2000,1032,-15999999.38
2000,1033,-15999999.38
2000,1034,-15999999.38
2000,1035,-15999999.38
2000,1036,-15999999.38
2000,1037,-15999999.38
2000,1038,-15999999.38
2000,1039,-15999999.38
2000,1040,-15999999.38
2000,1041,-15999999.38
2000,1042,-15999999.38
2000,1043,-15999999.38
2000,1044,-15999999.38
2000,1045,-15999999.38
2000,1046,-15999999.38
2000,1047,-15999999.38
2000,1048,-15999999.38
2000,1049,-15999999.38
2000,1050,-15999999.38
2000,1051,-15999999.38
2000,1052,-15999999.38
2000,1053,-15999999.38
2000,1054,-15999999.38
2000,1055,-15999999.38
2000,1056,-15999999.38
2000,1057,-15999999.38
2000,1058,-15999999.38
2000,1059,-15999999.38
2000,1060,-15999999.38
2000,1061,-15999999.38
2000,1062,-15999999.38
2000,1063,-15999999.38
2000,1064,-15999999.38
2000,1065,-15999999.38
2000,1066,-15999999.38
2000,1067,-15999999.38
2000,1068,-15999999.38
2000,1069,-15999999.38
2000,1070,-15999999.38
2000,1071,-15999999.38
2000,1072,-15999999.38
2000,1073,-15999999.38
2000,1074,-15999999.38
2000,1075,-15999999.38
2000,1076,-15999999.38
2000,1077,-15999999.38
2000,1078,-15999999.38
2000,1079,-15999999.38
2000,1080,-15999999.38
2000,1081,-15999999.38
2000,1082,-15999999.38
2000,1083,-15999999.38
2000,1084,-15999999.38
2000,1085,-15999999.38
2000,1086,-15999999.38
2000,1087,-15999999.38
2000,1088,-15999999.38
2000,1089,-15999999.38
2000,1090,-15999999.38
2000,1091,-15999999.38
2000,1092,-15999999.38
2000,1093,-15999999.38
2000,1094,-15999999.38
2000,1095,-15999999.38
2000,1096,-15999999.38
2000,1097,-15999999.38
2000,1098,-15999999.38
2000,1099,-15999999.38
2000,1100,-15999999.38
2000,1101,-15999999.38
2000,1102,-15999999.38
2000,1103,-15999999.38
2000,1104,-15999999.38
2000,1105,-15999999.38
2000,1106,-15999999.38
2000,1107,-15999999.38
2000,1108,-15999999.38
2000,1109,-15999999.38
2000,1110,-15999999.38
2000,1111,-15999999.38
2000,1112,-15999999.38
2000,1113,-15999999.38
2000,1114,-15999999.38
2000,1115,-15999999.38
2000,1116,-15999999.38
2000,1117,-15999999.38
2000,1118,-15999999.38
2000,1119,-15999999.38
2000,1120,-15999999.38
2000,1121,-15999999.38
2000,1122,-15999999.38
2000,1123,-15999999.38
2000,1124,-15999999.38
2000,1125,-15999999.38
2000,1126,-15999999.38
2000,1127,-15999999.38
2000,1128,-15999999.38
2000,1129,-15999999.38
2000,1130,-15999999.38
2000,1131,-15999999.38
2000,1132,-15999999.38
2000,1133,-15999999.38
2000,1134,-15999999.38
2000,1135,-15999999.38
2000,1136,-15999999.38
2000,1137,-15999999.38
2000,1138,-15999999.38
2000,1139,-15999999.38
2000,1140,-15999999.38
2000,1141,-15999999.38
2000,1142,-15999999.38
2000,1143,-15999999.38
2000,1144,-15999999.38
2000,1145,-15999999.38
2000,1146,-15999999.38
2000,1147,-15999999.38
2000,1148,-15999999.38
2000,1149,-15999999.38
2000,1150,-15999999.38
2000,1151,-15999999.38
2000,1152,-15999999.38
2000,1153,-15999999.38
2000,1154,-15999999.38
2000,1155,-15999999.38
2000,1156,-15999999.38
2000,1157,-15999999.38
2000,1158,-15999999.38
2000,1159,-15999999.38
2000,1160,-15999999.38
2000,1161,-15999999.38
2000,1162,-15999999.38
2000,1163,-15999999.38
2000,1164,-15999999.38
2000,1165,-15999999.38
2000,1166,-15999999.38
2000,1167,-15999999.38
2000,1168,-15999999.38
2000,1169,-15999999.38
2000,1170,-15999999.38
2000,1171,-15999999.38
2000,1172,-15999999.38
2000,1173,-15999999.38
2000,1174,-15999999.38
2000,1175,-15999999.38
2000,1176,-15999999.38
2000,1177,-15999999.38
2000,1178,-15999999.38
2000,1179,-15999999.38
2000,1180,-15999999.38
2000,1181,-15999999.38
2000,1182,-15999999.38
2000,1183,-15999999.38
2000,1184,-15999999.38
2000,1185,-15999999.38
2000,1186,-15999999.38
2000,1187,-15999999.38
2000,1188,-15999999.38
2000,1189,-15999999.38
2000,1190,-15999999.38
2000,1191,-15999999.38
2000,1192,-15999999.38
2000,1193,-15999999.38
2000,1194,-15999999.38
2000,1195,-15999999.38
2000,1196,-15999999.38
2000,1197,-15999999.38
2000,1198,-15999999.38
2000,1199,-15999999.38
2000,1200,-15999999.38
2000,1201,-15999999.38
2000,1202,-15999999.38
2000,1203,-15999999.38
2000,1204,-15999999.38
2000,1205,-15999999.38
2000,1206,-15999999.38
2000,1207,-15999999.38
2000,1208,-15999999.38
2000,1209,-15999999.38
2000,1210,-15999999.38
2000,1211,-15999999.38
2000,1212,-15999999.38
2000,1213,-15999999.38
2000,1214,-15999999.38
2000,1215,-15999999.38
2000,1216,-15999999.38
2000,1217,-15999999.38
2000,1218,-15999999.38
2000,1219,-15999999.38
2000,1220,-15999999.38
2000,1221,-15999999.38
2000,1222,-15999999.38
2000,1223,-15999999.38
2000,1224,-15999999.38
2000,1225,-15999999.38
2000,1226,-15999999.38
2000,1227,-15999999.38
2000,1228,-15999999.38
2000,1229,-15999999.38
2000,1230,-15999999.38
2000,1231,-15999999.38
2000,1232,-15999999.38
2000,1233,-15999999.38
2000,1234,-15999999.38
2000,1235,-15999999.38
2000,1236,-15999999.38
2000,1237,-15999999.38
2000,1238,-15999999.38
2000,1239,-15999999.38
2000,1240,-15999999.38
2000,1241,-15999999.38
2000,1242,-15999999.38
2000,1243,-15999999.38
2000,1244,-15999999.38
2000,1245,-15999999.38
2000,1246,-15999999.38
2000,1247,-15999999.38
2000,1248,-15999999.38
2000,1249,-15999999.38
2000,1250,-15999999.38
2000,1251,-15999999.38
2000,1252,-15999999.38
2000,1253,-15999999.38
2000,1254,-15999999.38
2000,1255,-15999999.38
2000,1256,-15999999.38
2000,1257,-15999999.38
2000,1258,-15999999.38
2000,1259,-15999999.38
2000,1260,-15999999.38
2000,1261,-15999999.38
2000,1262,-15999999.38
2000,1263,-15999999.38
2000,1264,-15999999.38
2000,1265,-15999999.38
2000,1266,-15999999.38
2000,1267,-15999999.38
2000,1268,-15999999.38
2000,1269,-15999999.38
2000,1270,-15999999.38
2000,1271,-15999999.38
2000,1272,-15999999.38
2000,1273,-15999999.38
2000,1274,-15999999.38
2000,1275,-15999999.38
2000,1276,-15999999.38
2000,1277,-15999999.38
2000,1278,-15999999.38
2000,1279,-15999999.38
2000,1280,-15999999.38
2000,1281,-15999999.38
2000,1282,-15999999.38
2000,1283,-15999999.38
2000,1284,-15999999.38
2000,1285,-15999999.38
2000,1286,-15999999.38
2000,1287,-15999999.38
2000,1288,-15999999.38
2000,1289,-15999999.38
2000,1290,-15999999.38
2000,1291,-15999999.38
2000,1292,-15999999.38
2000,1293,-15999999.38
2000,1294,-15999999.38
2000,1295,-15999999.38
2000,1296,-15999999.38
2000,1297,-15999999.38
2000,1298,-15999999.38
2000,1299,-15999999.38
2000,1300,-15999999.38
2000,1301,-15999999.38
2000,1302,-15999999.38
2000,1303,-15999999.38
2000,1304,-15999999.38
2000,1305,-15999999.38
2000,1306,-15999999.38
2000,1307,-15999999.38
2000,1308,-15999999.38
2000,1309,-15999999.38
2000,1310,-15999999.38
2000,1311,-15999999.38
2000,1312,-15999999.38
2000,1313,-15999999.38
2000,1314,-15999999.38
2000,1315,-15999999.38
2000,1316,-15999999.38
2000,1317,-15999999.38
2000,1318,-15999999.38
2000,1319,-15999999.38
2000,1320,-15999999.38
2000,1321,-15999999.38
2000,1322,-15999999.38
2000,1323,-15999999.38
2000,1324,-15999999.38
2000,1325,-15999999.38
2000,1326,-15999999.38
2000,1327,-15999999.38
2000,1328,-15999999.38
2000,1329,-15999999.38
2000,1330,-15999999.38
2000,1331,-15999999.38
2000,1332,-15999999.38
2000,1333,-15999999.38
2000,1334,-15999999.38
2000,1335,-15999999.38
2000,1336,-15999999.38
2000,1337,-15999999.38
2000,1338,-15999999.38
2000,1339,-15999999.38
2000,1340,-15999999.38
2000,1341,-15999999.38
2000,1342,-15999999.38
2000,1343,-15999999.38
2000,1344,-15999999.38
2000,1345,-15999999.38
2000,1346,-15999999.38
2000,1347,-15999999.38
2000,1348,-15999999.38
2000,1349,-15999999.38
2000,1350,-15999999.38
2000,1351,-15999999.38
2000,1352,-15999999.38
2000,1353,-15999999.38
2000,1354,-15999999.38
2000,1355,-15999999.38
2000,1356,-15999999.38
2000,1357,-15999999.38
2000,1358,-15999999.38
2000,1359,-15999999.38
2000,1360,-15999999.38
2000,1361,-15999999.38
2000,1362,-15999999.38
2000,1363,-15999999.38
2000,1364,-15999999.38
2000,1365,-15999999.38
2000,1366,-15999999.38
2000,1367,-15999999.38
2000,1368,-15999999.38
2000,1369,-15999999.38
2000,1370,-15999999.38
2000,1371,-15999999.38
2000,1372,-15999999.38
2000,1373,-15999999.38
2000,1374,-15999999.38
2000,1375,-15999999.38
2000,1376,-15999999.38
2000,1377,-15999999.38
2000,1378,-15999999.38
2000,1379,-15999999.38
2000,1380,-15999999.38
2000,1381,-15999999.38
2000,1382,-15999999.38
2000,1383,-15999999.38
2000,1384,-15999999.38
2000,1385,-15999999.38
2000,1386,-15999999.38
2000,1387,-15999999.38
2000,1388,-15999999.38
2000,1389,-15999999.38
2000,1390,-15999999.38
2000,1391,-15999999.38
2000,1392,-15999999.38
2000,1393,-15999999.38
2000,1394,-15999999.38
2000,1395,-15999999.38
2000,1396,-15999999.38
2000,1397,-15999999.38
2000,1398,-15999999.38
2000,1399,-15999999.38
2000,1400,-15999999.38
2000,1401,-15999999.38
2000,1402,-15999999.38
2000,1403,-15999999.38
2000,1404,-15999999.38
2000,1405,-15999999.38
2000,1406,-15999999.38
2000,1407,-15999999.38
2000,1408,-15999999.38
2000,1409,-15999999.38
2000,1410,-15999999.38
2000,1411,-15999999.38
2000,1412,-15999999.38
2000,1413,-15999999.38
2000,1414,-15999999.38
2000,1415,-15999999.38
2000,1416,-15999999.38
2000,1417,-15999999.38
2000,1418,-15999999.38
2000,1419,-15999999.38
2000,1420,-15999999.38
2000,1421,-15999999.38
2000,1422,-15999999.38
2000,1423,-15999999.38
2000,1424,-15999999.38
2000,1425,-15999999.38
2000,1426,-15999999.38
2000,1427,-15999999.38
2000,1428,-15999999.38
2000,1429,-15999999.38
2000,1430,-15999999.38
2000,1431,-15999999.38
2000,1432,-15999999.38
2000,1433,-15999999.38
2000,1434,-15999999.38
2000,1435,-15999999.38
2000,1436,-15999999.38
2000,1437,-15999999.38
2000,1438,-15999999.38
2000,1439,-15999999.38
2000,1440,-15999999.38
2000,1441,-15999999.38
2000,1442,-15999999.38
2000,1443,-15999999.38
2000,1444,-15999999.38
2000,1445,-15999999.38
2000,1446,-15999999.38
2000,1447,-15999999.38
2000,1448,-15999999.38
2000,1449,-15999999.38
2000,1450,-15999999.38
2000,1451,-15999999.38
2000,1452,-15999999.38
2000,1453,-15999999.38
2000,1454,-15999999.38
2000,1455,-15999999.38
2000,1456,-15999999.38
2000,1457,-15999999.38
2000,1458,-15999999.38
2000,1459,-15999999.38
2000,1460,-15999999.38
2000,1461,-15999999.38
2000,1462,-15999999.38
2000,1463,-15999999.38
2000,1464,-15999999.38
2000,1465,-15999999.38
2000,1466,-15999999.38
2000,1467,-15999999.38
2000,1468,-15999999.38
2000,1469,-15999999.38
2000,1470,-15999999.38
2000,1471,-15999999.38
2000,1472,-15999999.38
2000,1473,-15999999.38
2000,1474,-15999999.38
2000,1475,-15999999.38
2000,1476,-15999999.38
2000,1477,-15999999.38
2000,1478,-15999999.38
2000,1479,-15999999.38
2000,1480,-15999999.38
2000,1481,-15999999.38
2000,1482,-15999999.38
2000,1483,-15999999.38
2000,1484,-15999999.38
2000,1485,-15999999.38
2000,1486,-15999999.38
2000,1487,-15999999.38
2000,1488,-15999999.38
2000,1489,-15999999.38
2000,1490,-15999999.38
2000,1491,-15999999.38
2000,1492,-15999999.38
2000,1493,-15999999.38
2000,1494,-15999999.38
2000,1495,-15999999.38
2000,1496,-15999999.38
2000,1497,-15999999.38
2000,1498,-15999999.38
2000,1499,-15999999.38
2000,1500,-15999999.38
2000,1501,-15999999.38
2000,1502,-15999999.38
2000,1503,-15999999.38
2000,1504,-15999999.38
2000,1505,-15999999.38
2000,1506,-15999999.38
2000,1507,-15999999.38
2000,1508,-15999999.38
2000,1509,-15999999.38
2000,1510,-15999999.38
2000,1511,-15999999.38
2000,1512,-15999999.38
2000,1513,-15999999.38
2000,1514,-15999999.38
2000,1515,-15999999.38
2000,1516,-15999999.38
2000,1517,-15999999.38
2000,1518,-15999999.38
2000,1519,-15999999.38
2000,1520,-15999999.38
2000,1521,-15999999.38
2000,1522,-15999999.38
2000,1523,-15999999.38
2000,1524,-15999999.38
2000,1525,-15999999.38
2000,1526,-15999999.38
2000,1527,-15999999.38
2000,1528,-15999999.38
2000,1529,-15999999.38
2000,1530,-15999999.38
2000,1531,-15999999.38
2000,1532,-15999999.38
2000,1533,-15999999.38
2000,1534,-15999999.38
2000,1535,-15999999.38
2000,1536,-15999999.38
2000,1537,-15999999.38
2000,1538,-15999999.38
2000,1539,-15999999.38
2000,1540,-15999999.38
2000,1541,-15999999.38
2000,1542,-15999999.38
2000,1543,-15999999.38
2000,1544,-15999999.38
2000,1545,-15999999.38
2000,1546,-15999999.38
2000,1547,-15999999.38
2000,1548,-15999999.38
2000,1549,-15999999.38
2000,1550,-15999999.38
2000,1551,-15999999.38
2000,1552,-15999999.38
2000,1553,-15999999.38
2000,1554,-15999999.38
2000,1555,-15999999.38
2000,1556,-15999999.38
2000,1557,-15999999.38
2000,1558,-15999999.38
2000,1559,-15999999.38
2000,1560,-15999999.38
2000,1561,-15999999.38
2000,1562,-15999999.38
2000,1563,-15999999.38
2000,1564,-15999999.38
2000,1565,-15999999.38
2000,1566,-15999999.38
2000,1567,-15999999.38
2000,1568,-15999999.38
2000,1569,-15999999.38
2000,1570,-15999999.38
2000,1571,-15999999.38
2000,1572,-15999999.38
2000,1573,-15999999.38
2000,1574,-15999999.38
2000,1575,-15999999.38
2000,1576,-15999999.38
2000,1577,-15999999.38
2000,1578,-15999999.38
2000,1579,-15999999.38
2000,1580,-15999999.38
2000,1581,-15999999.38
2000,1582,-15999999.38
2000,1583,-15999999.38
2000,1584,-15999999.38
2000,1585,-15999999.38
2000,1586,-15999999.38
2000,1587,-15999999.38
2000,1588,-15999999.38
2000,1589,-15999999.38
2000,1590,-15999999.38
2000,1591,-15999999.38
2000,1592,-15999999.38
2000,1593,-15999999.38
2000,1594,-15999999.38
2000,1595,-15999999.38
2000,1596,-15999999.38
2000,1597,-15999999.38
2000,1598,-15999999.38
2000,1599,-15999999.38
2000,1600,-15999999.38
2000,1601,-15999999.38
2000,1602,-15999999.38
2000,1603,-15999999.38
2000,1604,-15999999.38
2000,1605,-15999999.38
2000,1606,-15999999.38
2000,1607,-15999999.38
2000,1608,-15999999.38
2000,1609,-15999999.38
2000,1610,-15999999.38
2000,1611,-15999999.38
2000,1612,-15999999.38
2000,1613,-15999999.38
2000,1614,-15999999.38
2000,1615,-15999999.38
2000,1616,-15999999.38
2000,1617,-15999999.38
2000,1618,-15999999.38
2000,1619,-15999999.38
2000,1620,-15999999.38
2000,1621,-15999999.38
2000,1622,-15999999.38
2000,1623,-15999999.38
2000,1624,-15999999.38
2000,1625,-15999999.38
2000,1626,-15999999.38
2000,1627,-15999999.38
2000,1628,-15999999.38
2000,1629,-15999999.38
2000,1630,-15999999.38
2000,1631,-15999999.38
2000,1632,-15999999.38
2000,1633,-15999999.38
2000,1634,-15999999.38
2000,1635,-15999999.38
2000,1636,-15999999.38
2000,1637,-15999999.38
2000,1638,-15999999.38
2000,1639,-15999999.38
2000,1640,-15999999.38
2000,1641,-15999999.38
2000,1642,-15999999.38
2000,1643,-15999999.38
2000,1644,-15999999.38
2000,1645,-15999999.38
2000,1646,-15999999.38
2000,1647,-15999999.38
2000,1648,-15999999.38
2000,1649,-15999999.38
2000,1650,-15999999.38
2000,1651,-15999999.38
2000,1652,-15999999.38
2000,1653,-15999999.38
2000,1654,-15999999.38
2000,1655,-15999999.38
2000,1656,-15999999.38
2000,1657,-15999999.38
2000,1658,-15999999.38
2000,1659,-15999999.38
2000,1660,-15999999.38
2000,1661,-15999999.38
2000,1662,-15999999.38
2000,1663,-15999999.38
2000,1664,-15999999.38
2000,1665,-15999999.38
2000,1666,-15999999.38
2000,1667,-15999999.38
2000,1668,-15999999.38
2000,1669,-15999999.38
2000,1670,-15999999.38
2000,1671,-15999999.38
2000,1672,-15999999.38
2000,1673,-15999999.38
2000,1674,-15999999.38
2000,1675,-15999999.38
2000,1676,-15999999.38
2000,1677,-15999999.38
2000,1678,-15999999.38
2000,1679,-15999999.38
2000,1680,-15999999.38
2000,1681,-15999999.38
2000,1682,-15999999.38
2000,1683,-15999999.38
2000,1684,-15999999.38
2000,1685,-15999999.38
2000,1686,-15999999.38
2000,1687,-15999999.38
2000,1688,-15999999.38
2000,1689,-15999999.38
2000,1690,-15999999.38
2000,1691,-15999999.38
2000,1692,-15999999.38
2000,1693,-15999999.38
2000,1694,-15999999.38
2000,1695,-15999999.38
2000,1696,-15999999.38
2000,1697,-15999999.38
2000,1698,-15999999.38
2000,1699,-15999999.38
2000,1700,-15999999.38
2000,1701,-15999999.38
2000,1702,-15999999.38
2000,1703,-15999999.38
2000,1704,-15999999.38
2000,1705,-15999999.38
2000,1706,-15999999.38
2000,1707,-15999999.38
2000,1708,-15999999.38
2000,1709,-15999999.38
2000,1710,-15999999.38
2000,1711,-15999999.38
2000,1712,-15999999.38
2000,1713,-15999999.38
2000,1714,-15999999.38
2000,1715,-15999999.38
2000,1716,-15999999.38
2000,1717,-15999999.38
2000,1718,-15999999.38
2000,1719,-15999999.38
2000,1720,-15999999.38
2000,1721,-15999999.38
2000,1722,-15999999.38
2000,1723,-15999999.38
2000,1724,-15999999.38
2000,1725,-15999999.38
2000,1726,-15999999.38
2000,1727,-15999999.38
2000,1728,-15999999.38
2000,1729,-15999999.38
2000,1730,-15999999.38
2000,1731,-15999999.38
2000,1732,-15999999.38
2000,1733,-15999999.38
2000,1734,-15999999.38
2000,1735,-15999999.38
2000,1736,-15999999.38
2000,1737,-15999999.38
2000,1738,-15999999.38
2000,1739,-15999999.38
2000,1740,-15999999.38
2000,1741,-15999999.38
2000,1742,-15999999.38
2000,1743,-15999999.38
2000,1744,-15999999.38
2000,1745,-15999999.38
2000,1746,-15999999.38
2000,1747,-15999999.38
2000,1748,-15999999.38
2000,1749,-15999999.38
2000,1750,-15999999.38
2000,1751,-15999999.38
2000,1752,-15999999.38
2000,1753,-15999999.38
2000,1754,-15999999.38
2000,1755,-15999999.38
2000,1756,-15999999.38
2000,1757,-15999999.38
2000,1758,-15999999.38
2000,1759,-15999999.38
2000,1760,-15999999.38
2000,1761,-15999999.38
2000,1762,-15999999.38
2000,1763,-15999999.38
2000,1764,-15999999.38
2000,1765,-15999999.38
2000,1766,-15999999.38
2000,1767,-15999999.38
2000,1768,-15999999.38
2000,1769,-15999999.38
2000,1770,-15999999.38
2000,1771,-15999999.38
2000,1772,-15999999.38
2000,1773,-15999999.38
2000,1774,-15999999.38
2000,1775,-15999999.38
2000,1776,-15999999.38
2000,1777,-15999999.38
2000,1778,-15999999.38
2000,1779,-15999999.38
2000,1780,-15999999.38
2000,1781,-15999999.38
2000,1782,-15999999.38
2000,1783,-15999999.38
2000,1784,-15999999.38
2000,1785,-15999999.38
2000,1786,-15999999.38
2000,1787,-15999999.38
2000,1788,-15999999.38
2000,1789,-15999999.38
2000,1790,-15999999.38
2000,1791,-15999999.38
2000,1792,-15999999.38
2000,1793,-15999999.38
2000,1794,-15999999.38
2000,1795,-15999999.38
2000,1796,-15999999.38
2000,1797,-15999999.38
2000,1798,-15999999.38
2000,1799,-15999999.38
2000,1800,-15999999.38
2000,1801,-15999999.38
2000,1802,-15999999.38
2000,1803,-15999999.38
2000,1804,-15999999.38
2000,1805,-15999999.38
2000,1806,-15999999.38
2000,1807,-15999999.38
2000,1808,-15999999.38
2000,1809,-15999999.38
2000,1810,-15999999.38
2000,1811,-15999999.38
2000,1812,-15999999.38
2000,1813,-15999999.38
2000,1814,-15999999.38
2000,1815,-15999999.38
2000,1816,-15999999.38
2000,1817,-15999999.38
2000,1818,-15999999.38
2000,1819,-15999999.38
2000,1820,-15999999.38
2000,1821,-15999999.38
2000,1822,-15999999.38
2000,1823,-15999999.38
2000,1824,-15999999.38
2000,1825,-15999999.38
2000,1826,-15999999.38
2000,1827,-15999999.38
2000,1828,-15999999.38
2000,1829,-15999999.38
2000,1830,-15999999.38
2000,1831,-15999999.38
2000,1832,-15999999.38
2000,1833,-15999999.38
2000,1834,-15999999.38
2000,1835,-15999999.38
2000,1836,-15999999.38
2000,1837,-15999999.38
2000,1838,-15999999.38
2000,1839,-15999999.38
2000,1840,-15999999.38
2000,1841,-15999999.38
2000,1842,-15999999.38
2000,1843,-15999999.38
2000,1844,-15999999.38
2000,1845,-15999999.38
2000,1846,-15999999.38
2000,1847,-15999999.38
2000,1848,-15999999.38
2000,1849,-15999999.38
2000,1850,-15999999.38
2000,1851,-15999999.38
2000,1852,-15999999.38
2000,1853,-15999999.38
2000,1854,-15999999.38
2000,1855,-15999999.38
2000,1856,-15999999.38
2000,1857,-15999999.38
2000,1858,-15999999.38
2000,1859,-15999999.38
2000,1860,-15999999.38
2000,1861,-15999999.38
2000,1862,-15999999.38
2000,1863,-15999999.38
2000,1864,-15999999.38
2000,1865,-15999999.38
2000,1866,-15999999.38
2000,1867,-15999999.38
2000,1868,-15999999.38
2000,1869,-15999999.38
2000,1870,-15999999.38
2000,1871,-15999999.38
2000,1872,-15999999.38
2000,1873,-15999999.38
2000,1874,-15999999.38
2000,1875,-15999999.38
2000,1876,-15999999.38
2000,1877,-15999999.38
2000,1878,-15999999.38
2000,1879,-15999999.38
2000,1880,-15999999.38
2000,1881,-15999999.38
2000,1882,-15999999.38
2000,1883,-15999999.38
2000,1884,-15999999.38
2000,1885,-15999999.38
2000,1886,-15999999.38
2000,1887,-15999999.38
2000,1888,-15999999.38
2000,1889,-15999999.38
2000,1890,-15999999.38
2000,1891,-15999999.38
2000,1892,-15999999.38
2000,1893,-15999999.38
2000,1894,-15999999.38
2000,1895,-15999999.38
2000,1896,-15999999.38
2000,1897,-15999999.38
2000,1898,-15999999.38
2000,1899,-15999999.38
2000,1900,-15999999.38
2000,1901,-15999999.38
2000,1902,-15999999.38
2000,1903,-15999999.38
2000,1904,-15999999.38
2000,1905,-15999999.38
2000,1906,-15999999.38
2000,1907,-15999999.38
2000,1908,-15999999.38
2000,1909,-15999999.38
2000,1910,-15999999.38
2000,1911,-15999999.38
2000,1912,-15999999.38
2000,1913,-15999999.38
2000,1914,-15999999.38
2000,1915,-15999999.38
2000,1916,-15999999.38
2000,1917,-15999999.38
2000,1918,-15999999.38
2000,1919,-15999999.38
2000,1920,-15999999.38
2000,1921,-15999999.38
2000,1922,-15999999.38
2000,1923,-15999999.38
2000,1924,-15999999.38
2000,1925,-15999999.38
2000,1926,-15999999.38
2000,1927,-15999999.38
2000,1928,-15999999.38
2000,1929,-15999999.38
2000,1930,-15999999.38
2000,1931,-15999999.38
2000,1932,-15999999.38
2000,1933,-15999999.38
2000,1934,-15999999.38
2000,1935,-15999999.38
2000,1936,-15999999.38
2000,1937,-15999999.38
2000,1938,-15999999.38
2000,1939,-15999999.38
2000,1940,-15999999.38
2000,1941,-15999999.38
2000,1942,-15999999.38
2000,1943,-15999999.38
2000,1944,-15999999.38
2000,1945,-15999999.38
2000,1946,-15999999.38
2000,1947,-15999999.38
2000,1948,-15999999.38
2000,1949,-15999999.38
2000,1950,-15999999.38
2000,1951,-15999999.38
2000,1952,-15999999.38
2000,1953,-15999999.38
2000,1954,-15999999.38
2000,1955,-15999999.38
2000,1956,-15999999.38
2000,1957,-15999999.38
2000,1958,-15999999.38
2000,1959,-15999999.38
2000,1960,-15999999.38
2000,1961,-15999999.38
2000,1962,-15999999.38
2000,1963,-15999999.38
2000,1964,-15999999.38
2000,1965,-15999999.38
2000,1966,-15999999.38
2000,1967,-15999999.38
2000,1968,-15999999.38
2000,1969,-15999999.38
2000,1970,-15999999.38
2000,1971,-15999999.38
2000,1972,-15999999.38
2000,1973,-15999999.38
2000,1974,-15999999.38
2000,1975,-15999999.38
2000,1976,-15999999.38
2000,1977,-15999999.38
2000,1978,-15999999.38
2000,1979,-15999999.38
2000,1980,-15999999.38
2000,1981,-15999999.38
2000,1982,-15999999.38
2000,1983,-15999999.38
2000,1984,-15999999.38
2000,1985,-15999999.38
2000,1986,-15999999.38
2000,1987,-15999999.38
2000,1988,-15999999.38
2000,1989,-15999999.38
2000,1990,-15999999.38
2000,1991,-15999999.38
2000,1992,-15999999.38
2000,1993,-15999999.38
2000,1994,-15999999.38
2000,1995,-15999999.38
2000,1996,-15999999.38
2000,1997,-15999999.38
2000,1998,-15999999.38
2000,1999,-15999999.38
2000,2000,-15999999.38
