family,n,solver,metric,mean,std,ci_low,ci_high,median,count
toy,4,BruteForce,approx_ratio,1,0,1,1,1,10
toy,4,BruteForce,optimality_gap,0,0,0,0,0,10
toy,4,BruteForce,optimal,1,0,1,1,1,10
toy,4,BruteForce,time_s,2.232099941e-05,1.076409092e-06,2.177929928e-05,2.303350362e-05,2.227099685e-05,10
toy,4,BruteForce,iterations,0,0,0,0,0,10
toy,4,SA_1,approx_ratio,1,0,1,1,1,10
toy,4,SA_1,optimality_gap,0,0,0,0,0,10
toy,4,SA_1,optimal,1,0,1,1,1,10
toy,4,SA_1,time_s,0.0264479875,0.0002206834938,0.02631346039,0.02657455301,0.0264685005,10
toy,4,SA_1,iterations,1000,0,1000,1000,1000,10
toy,4,SA,approx_ratio,1,0,1,1,1,10
toy,4,SA,optimality_gap,0,0,0,0,0,10
toy,4,SA,optimal,1,0,1,1,1,10
toy,4,SA,time_s,0.0342062208,0.0002937681563,0.03404621504,0.03438598621,0.034191583,10
toy,4,SA,iterations,1000,0,1000,1000,1000,10
toy,4,Greedy,approx_ratio,0.9988206083,0.0006510297009,0.9984481688,0.9992240844,0.9984481688,10
toy,4,Greedy,optimality_gap,0.004791929382,0.002645167335,0.00315258512,0.00630517024,0.00630517024,10
toy,4,Greedy,optimal,0.2,0.4216370214,0,0.5,0,10
toy,4,Greedy,time_s,1.861659912e-05,3.501083628e-06,1.660819584e-05,2.072920313e-05,1.910399806e-05,10
toy,4,Greedy,iterations,2.2,0.4216370214,2,2.5,2,10
toy,6,BruteForce,approx_ratio,1,0,1,1,1,10
toy,6,BruteForce,optimality_gap,0,0,0,0,0,10
toy,6,BruteForce,optimal,1,0,1,1,1,10
toy,6,BruteForce,time_s,8.604610121e-05,1.249632326e-06,8.540439858e-05,8.687960071e-05,8.558300397e-05,10
toy,6,BruteForce,iterations,0,0,0,0,0,10
toy,6,SA_1,approx_ratio,1,0,1,1,1,10
toy,6,SA_1,optimality_gap,0,0,0,0,0,10
toy,6,SA_1,optimal,1,0,1,1,1,10
toy,6,SA_1,time_s,0.0388402836,0.0002638072985,0.03868203738,0.03899298902,0.038835625,10
toy,6,SA_1,iterations,1000,0,1000,1000,1000,10
toy,6,SA,approx_ratio,1,0,1,1,1,10
toy,6,SA,optimality_gap,0,0,0,0,0,10
toy,6,SA,optimal,1,0,1,1,1,10
toy,6,SA,time_s,0.0499132583,0.0003646264833,0.04970138376,0.05013422801,0.0498775835,10
toy,6,SA,iterations,1000,0,1000,1000,1000,10
toy,6,Greedy,approx_ratio,0.9992951907,0.000308676351,0.999143173,0.9994886678,0.9993090105,10
toy,6,Greedy,optimality_gap,0.002852348993,0.001249206977,0.00206935123,0.003467561521,0.002796420582,10
toy,6,Greedy,optimal,0.1,0.316227766,0,0.3,0,10
toy,6,Greedy,time_s,1.867509927e-05,2.979197606e-06,1.679989808e-05,2.026689839e-05,1.910399806e-05,10
toy,6,Greedy,iterations,2,0.4714045208,1.7,2.3,2,10
toy,8,BruteForce,approx_ratio,1,0,1,1,1,10
toy,8,BruteForce,optimality_gap,0,0,0,0,0,10
toy,8,BruteForce,optimal,1,0,1,1,1,10
toy,8,BruteForce,time_s,0.0003512998999,4.274242139e-06,0.000348883199,0.000353846,0.0003501869978,10
toy,8,BruteForce,iterations,0,0,0,0,0,10
toy,8,SA_1,approx_ratio,1,0,1,1,1,10
toy,8,SA_1,optimality_gap,0,0,0,0,0,10
toy,8,SA_1,optimal,1,0,1,1,1,10
toy,8,SA_1,time_s,0.0514720332,0.0004374953739,0.0512151531,0.05172500112,0.051456104,10
toy,8,SA_1,iterations,1000,0,1000,1000,1000,10
toy,8,SA,approx_ratio,1,0,1,1,1,10
toy,8,SA,optimality_gap,0,0,0,0,0,10
toy,8,SA,optimal,1,0,1,1,1,10
toy,8,SA,time_s,0.0655864293,0.0004521656761,0.06535118826,0.06588229104,0.0654860005,10
toy,8,SA,iterations,1000,0,1000,1000,1000,10
toy,8,Greedy,approx_ratio,0.9992764335,0.0002515759084,0.9991363884,0.9994242589,0.9992219715,10
toy,8,Greedy,optimality_gap,0.002921771913,0.001015867154,0.00232485077,0.003487276155,0.003141690229,10
toy,8,Greedy,optimal,0,0,0,0,0,10
toy,8,Greedy,time_s,2.36541011e-05,3.983434182e-06,2.127909589e-05,2.592480159e-05,2.385400148e-05,10
toy,8,Greedy,iterations,2,0.4714045208,1.7,2.3,2,10
toy,10,BruteForce,approx_ratio,1,0,1,1,1,10
toy,10,BruteForce,optimality_gap,0,0,0,0,0,10
toy,10,BruteForce,optimal,1,0,1,1,1,10
toy,10,BruteForce,time_s,0.001472533399,1.900658017e-05,0.0014613623,0.001483696513,0.001475062498,10
toy,10,BruteForce,iterations,0,0,0,0,0,10
toy,10,SA_1,approx_ratio,1,0,1,1,1,10
toy,10,SA_1,optimality_gap,0,0,0,0,0,10
toy,10,SA_1,optimal,1,0,1,1,1,10
toy,10,SA_1,time_s,0.063668754,0.0004493146712,0.06342179363,0.0639483875,0.0635501245,10
toy,10,SA_1,iterations,1000,0,1000,1000,1000,10
toy,10,SA,approx_ratio,1,0,1,1,1,10
toy,10,SA,optimality_gap,0,0,0,0,0,10
toy,10,SA,optimal,1,0,1,1,1,10
toy,10,SA,time_s,0.0813748166,0.001262676238,0.08074950243,0.08218762132,0.08084497899,10
toy,10,SA,iterations,1000,0,1000,1000,1000,10
toy,10,Greedy,approx_ratio,0.999322473,0.0002279328443,0.9991979276,0.9994669456,0.9993025457,10
toy,10,Greedy,optimality_gap,0.002732020892,0.0009191032509,0.002149457613,0.003234230615,0.002812374448,10
toy,10,Greedy,optimal,0,0,0,0,0,10
toy,10,Greedy,time_s,2.873740013e-05,3.309827953e-06,2.688720017e-05,3.076230378e-05,2.885350114e-05,10
toy,10,Greedy,iterations,2,0,2,2,2,10
toy,12,BruteForce,approx_ratio,1,0,1,1,1,10
toy,12,BruteForce,optimality_gap,0,0,0,0,0,10
toy,12,BruteForce,optimal,1,0,1,1,1,10
toy,12,BruteForce,time_s,0.0062006961,0.0001417774791,0.00611967179,0.006285706378,0.006187354498,10
toy,12,BruteForce,iterations,0,0,0,0,0,10
toy,12,SA_1,approx_ratio,1,0,1,1,1,10
toy,12,SA_1,optimality_gap,0,0,0,0,0,10
toy,12,SA_1,optimal,1,0,1,1,1,10
toy,12,SA_1,time_s,0.0776989959,0.001768314713,0.07671736447,0.07878732233,0.0774318125,10
toy,12,SA_1,iterations,1000,0,1000,1000,1000,10
toy,12,SA,approx_ratio,1,0,1,1,1,10
toy,12,SA,optimality_gap,0,0,0,0,0,10
toy,12,SA,optimal,1,0,1,1,1,10
toy,12,SA,time_s,0.0985307624,0.001292396956,0.09775879803,0.09927696767,0.098745687,10
toy,12,SA,iterations,1000,0,1000,1000,1000,10
toy,12,Greedy,approx_ratio,0.9993320644,0.0002207272289,0.999214397,0.9994739574,0.9992732307,10
toy,12,Greedy,optimality_gap,0.002691020636,0.0008892795981,0.00211935304,0.003165086447,0.002928053542,10
toy,12,Greedy,optimal,0,0,0,0,0,10
toy,12,Greedy,time_s,3.182910004e-05,1.645740549e-06,3.096660002e-05,3.287069851e-05,3.137500244e-05,10
toy,12,Greedy,iterations,2,0,2,2,2,10
toy,14,BruteForce,approx_ratio,1,0,1,1,1,10
toy,14,BruteForce,optimality_gap,0,0,0,0,0,10
toy,14,BruteForce,optimal,1,0,1,1,1,10
toy,14,BruteForce,time_s,0.0261256332,0.0002838845296,0.0259631709,0.02629415942,0.026070146,10
toy,14,BruteForce,iterations,0,0,0,0,0,10
toy,14,SA_1,approx_ratio,0.9999898271,1.313320904e-05,0.9999821974,0.9999974568,1,10
toy,14,SA_1,optimality_gap,4.09584272e-05,5.287710214e-05,1.02396068e-05,7.167724759e-05,0,10
toy,14,SA_1,optimal,0.6,0.5163977795,0.3,0.9,1,10
toy,14,SA_1,time_s,0.0900937127,0.0006195455775,0.0897483739,0.09046218927,0.0898722085,10
toy,14,SA_1,iterations,1000,0,1000,1000,1000,10
toy,14,SA,approx_ratio,1,0,1,1,1,10
toy,14,SA,optimality_gap,0,0,0,0,0,10
toy,14,SA,optimal,1,0,1,1,1,10
toy,14,SA,time_s,0.1146677626,0.0006672460584,0.1142919581,0.1150881129,0.114701375,10
toy,14,SA,iterations,1000,0,1000,1000,1000,10
toy,14,Greedy,approx_ratio,0.999328586,0.0001649076489,0.9992344863,0.9994303154,0.9993006104,10
toy,14,Greedy,optimality_gap,0.002703256195,0.0006639533847,0.002293671923,0.003082121647,0.00281589187,10
toy,14,Greedy,optimal,0,0,0,0,0,10
toy,14,Greedy,time_s,3.58624995e-05,5.661872191e-06,3.249150071e-05,3.947070105e-05,3.572949936e-05,10
toy,14,Greedy,iterations,2,0.4714045208,1.7,2.3,2,10
toy,16,BruteForce,approx_ratio,1,0,1,1,1,10
toy,16,BruteForce,optimality_gap,0,0,0,0,0,10
toy,16,BruteForce,optimal,1,0,1,1,1,10
toy,16,BruteForce,time_s,0.1045728831,0.001640637119,0.1037985908,0.1056898645,0.104148479,10
toy,16,BruteForce,iterations,0,0,0,0,0,10
toy,16,SA_1,approx_ratio,0.999980525,1.836116385e-05,0.9999707389,0.99999221,0.999980525,10
toy,16,SA_1,optimality_gap,7.836990596e-05,7.388785592e-05,3.134796238e-05,0.0001177507837,7.836990596e-05,10
toy,16,SA_1,optimal,0.4,0.5163977795,0.1,0.7,0,10
toy,16,SA_1,time_s,0.1016293126,0.001349246709,0.1010092136,0.1025425501,0.101428813,10
toy,16,SA_1,iterations,1000,0,1000,1000,1000,10
toy,16,SA,approx_ratio,1,0,1,1,1,10
toy,16,SA,optimality_gap,0,0,0,0,0,10
toy,16,SA,optimal,1,0,1,1,1,10
toy,16,SA,time_s,0.1290810125,0.001259243187,0.128493926,0.129925644,0.128757604,10
toy,16,SA,iterations,1000,0,1000,1000,1000,10
toy,16,Greedy,approx_ratio,0.9993300615,0.0001611708617,0.9992463192,0.9994332788,0.9992989016,10
toy,16,Greedy,optimality_gap,0.002695924765,0.0006485737778,0.002280564263,0.003032915361,0.002821316614,10
toy,16,Greedy,optimal,0,0,0,0,0,10
toy,16,Greedy,time_s,4.077470003e-05,3.457015465e-06,3.897479804e-05,4.301660323e-05,3.964549978e-05,10
toy,16,Greedy,iterations,2,0,2,2,2,10
toy,18,BruteForce,approx_ratio,1,0,1,1,1,1
toy,18,BruteForce,optimality_gap,0,0,0,0,0,1
toy,18,BruteForce,optimal,1,0,1,1,1,1
toy,18,BruteForce,time_s,0.435661875,0,0.435661875,0.435661875,0.435661875,1
toy,18,BruteForce,iterations,0,0,0,0,0,1
toy,18,SA_1,approx_ratio,0.9999707593,1.842498999e-05,0.9999599865,0.9999815322,0.9999692204,10
toy,18,SA_1,optimality_gap,0.0001176252089,7.411743947e-05,7.428960565e-05,0.0001609608122,0.0001238160094,10
toy,18,SA_1,optimal,0.2,0.4216370214,0,0.5,0,10
toy,18,SA_1,time_s,0.1140039582,0.0006506538087,0.1136397632,0.1143996615,0.113854208,10
toy,18,SA_1,iterations,1000,0,1000,1000,1000,10
toy,18,SA,approx_ratio,0.999996922,6.488919655e-06,0.9999923051,1,1,10
toy,18,SA,optimality_gap,1.238160094e-05,2.61027067e-05,0,3.095400235e-05,0,10
toy,18,SA,optimal,0.8,0.4216370214,0.5,1,1,10
toy,18,SA,time_s,0.1454062499,0.0007489087786,0.1449566478,0.1458396077,0.1453435415,10
toy,18,SA,iterations,1000,0,1000,1000,1000,10
toy,18,Greedy,approx_ratio,0.9993043799,0.0001202640341,0.9992397427,0.9993782511,0.9992689833,10
toy,18,Greedy,optimality_gap,0.002798241813,0.0004837811185,0.00250108339,0.003058255432,0.002940630223,10
toy,18,Greedy,optimal,0,0,0,0,0,10
toy,18,Greedy,time_s,4.327899806e-05,4.895999486e-06,4.007889553e-05,4.556250124e-05,4.437499956e-05,10
toy,18,Greedy,iterations,1.9,0.316227766,1.7,2,2,10
toy,20,BruteForce,approx_ratio,1,0,1,1,1,1
toy,20,BruteForce,optimality_gap,0,0,0,0,0,1
toy,20,BruteForce,optimal,1,0,1,1,1,1
toy,20,BruteForce,time_s,1.814242459,0,1.814242459,1.814242459,1.814242459,1
toy,20,BruteForce,iterations,0,0,0,0,0,1
toy,20,SA_1,approx_ratio,0.9999551184,1.576979547e-05,0.9999451447,0.9999638454,0.9999563651,10
toy,20,SA_1,optimality_gap,0.0001804873158,6.341677851e-05,0.0001453925599,0.0002205956081,0.0001754737792,10
toy,20,SA_1,optimal,0,0,0,0,0,10
toy,20,SA_1,time_s,0.1275418292,0.0005824581238,0.1272082084,0.1278856999,0.127550354,10
toy,20,SA_1,iterations,1000,0,1000,1000,1000,10
toy,20,SA,approx_ratio,0.9999925197,8.71708243e-06,0.9999875329,0.9999975066,0.9999937664,10
toy,20,SA,optimality_gap,3.008121929e-05,3.505494329e-05,1.00270731e-05,5.013536549e-05,2.506768274e-05,10
toy,20,SA,optimal,0.5,0.5270462767,0.2,0.8,0.5,10
toy,20,SA,time_s,0.1633051456,0.002487813181,0.1623536097,0.1649251813,0.1626808125,10
toy,20,SA,iterations,1000,0,1000,1000,1000,10
toy,20,Greedy,approx_ratio,0.9993741507,0.0001311255306,0.9992981013,0.9994489534,0.999364177,10
toy,20,Greedy,optimality_gap,0.002516795347,0.0005273092315,0.002215983155,0.002822621077,0.00255690364,10
toy,20,Greedy,optimal,0,0,0,0,0,10
toy,20,Greedy,time_s,4.862920032e-05,7.788438502e-06,4.354159943e-05,5.257090366e-05,4.916649777e-05,10
toy,20,Greedy,iterations,1.9,0.316227766,1.7,2,2,10
execution,6,BruteForce,approx_ratio,1,0,1,1,1,10
execution,6,BruteForce,optimality_gap,0,0,0,0,0,10
execution,6,BruteForce,optimal,1,0,1,1,1,10
execution,6,BruteForce,time_s,8.704159845e-05,9.770801362e-07,8.656259815e-05,8.768749904e-05,8.670799798e-05,10
execution,6,BruteForce,iterations,0,0,0,0,0,10
execution,6,SA_1,approx_ratio,1,0,1,1,1,10
execution,6,SA_1,optimality_gap,0,0,0,0,0,10
execution,6,SA_1,optimal,1,0,1,1,1,10
execution,6,SA_1,time_s,0.0420101291,0.0002743762077,0.04184397525,0.0421639149,0.0421038125,10
execution,6,SA_1,iterations,1000,0,1000,1000,1000,10
execution,6,SA,approx_ratio,1,0,1,1,1,10
execution,6,SA,optimality_gap,0,0,0,0,0,10
execution,6,SA,optimal,1,0,1,1,1,10
execution,6,SA,time_s,0.0502282,0.0003464317959,0.05002714618,0.05043312256,0.0501541045,10
execution,6,SA,iterations,1000,0,1000,1000,1000,10
execution,6,SA,fill_rate,1,0,1,1,1,10
execution,6,Greedy,approx_ratio,0.9999999912,1.134370713e-08,0.9999999846,0.9999999978,1,10
execution,6,Greedy,optimality_gap,8.786797781e-09,1.134370711e-08,2.196699474e-09,1.537689609e-08,1.164153366e-16,10
execution,6,Greedy,optimal,0.6,0.5163977795,0.3,0.9,1,10
execution,6,Greedy,time_s,1.983730035e-05,3.804009916e-06,1.747069909e-05,2.195820052e-05,1.962500028e-05,10
execution,6,Greedy,iterations,2,0.8164965809,1.5,2.5,2,10
execution,9,BruteForce,approx_ratio,1,0,1,1,1,10
execution,9,BruteForce,optimality_gap,0,0,0,0,0,10
execution,9,BruteForce,optimal,1,0,1,1,1,10
execution,9,BruteForce,time_s,0.0007435916988,1.746348944e-05,0.0007342037936,0.0007545130023,0.0007384994969,10
execution,9,BruteForce,iterations,0,0,0,0,0,10
execution,9,SA_1,approx_ratio,1,0,1,1,1,10
execution,9,SA_1,optimality_gap,0,0,0,0,0,10
execution,9,SA_1,optimal,1,0,1,1,1,10
execution,9,SA_1,time_s,0.0629116707,0.001332795435,0.06216562738,0.0637159958,0.0624622705,10
execution,9,SA_1,iterations,1000,0,1000,1000,1000,10
execution,9,SA,approx_ratio,1,0,1,1,1,10
execution,9,SA,optimality_gap,0,0,0,0,0,10
execution,9,SA,optimal,1,0,1,1,1,10
execution,9,SA,time_s,0.0749005668,0.001718847156,0.07393114527,0.07592696718,0.074198646,10
execution,9,SA,iterations,1000,0,1000,1000,1000,10
execution,9,SA,fill_rate,1,0,1,1,1,10
execution,9,Greedy,approx_ratio,0.997222219,0.008784099969,0.9916666654,0.9999999969,0.9999999941,10
execution,9,Greedy,optimality_gap,0.002777781027,0.008784099969,3.071835364e-09,0.00833333459,5.9185478e-09,10
execution,9,Greedy,optimal,0.2,0.4216370214,0,0.5,0,10
execution,9,Greedy,time_s,2.388739886e-05,7.20634064e-06,1.959139314e-05,2.805859762e-05,2.339600178e-05,10
execution,9,Greedy,iterations,1.6,0.5163977795,1.3,1.9,2,10
execution,12,BruteForce,approx_ratio,1,0,1,1,1,10
execution,12,BruteForce,optimality_gap,0,0,0,0,0,10
execution,12,BruteForce,optimal,1,0,1,1,1,10
execution,12,BruteForce,time_s,0.0061763003,0.0001249473938,0.006104687698,0.006252725709,0.006169583503,10
execution,12,BruteForce,iterations,0,0,0,0,0,10
execution,12,SA_1,approx_ratio,1,0,1,1,1,10
execution,12,SA_1,optimality_gap,0,0,0,0,0,10
execution,12,SA_1,optimal,1,0,1,1,1,10
execution,12,SA_1,time_s,0.0827998252,0.001847101219,0.08185770635,0.08403590698,0.082068375,10
execution,12,SA_1,iterations,1000,0,1000,1000,1000,10
execution,12,SA,approx_ratio,1,0,1,1,1,10
execution,12,SA,optimality_gap,0,0,0,0,0,10
execution,12,SA,optimal,1,0,1,1,1,10
execution,12,SA,time_s,0.0982562416,0.002531679758,0.09696588709,0.09990937136,0.0975449375,10
execution,12,SA,iterations,1000,0,1000,1000,1000,10
execution,12,SA,fill_rate,1,0,1,1,1,10
execution,12,Greedy,approx_ratio,0.9999999958,2.738470575e-09,0.9999999943,0.9999999975,0.9999999949,10
execution,12,Greedy,optimality_gap,4.154718875e-09,2.738470574e-09,2.471221532e-09,5.682791444e-09,5.06250027e-09,10
execution,12,Greedy,optimal,0.2,0.4216370214,0,0.5,0,10
execution,12,Greedy,time_s,3.819999984e-05,8.494601162e-06,3.321679904e-05,4.310440336e-05,3.781199848e-05,10
execution,12,Greedy,iterations,2.3,0.6749485577,1.9,2.7,2,10
execution,15,BruteForce,approx_ratio,1,0,1,1,1,10
execution,15,BruteForce,optimality_gap,0,0,0,0,0,10
execution,15,BruteForce,optimal,1,0,1,1,1,10
execution,15,BruteForce,time_s,0.0535373456,0.0009455262262,0.05314293038,0.05417085345,0.0532072705,10
execution,15,BruteForce,iterations,0,0,0,0,0,10
execution,15,SA_1,approx_ratio,1,0,1,1,1,10
execution,15,SA_1,optimality_gap,0,0,0,0,0,10
execution,15,SA_1,optimal,1,0,1,1,1,10
execution,15,SA_1,time_s,0.1029778459,0.00209719387,0.1020448372,0.1044026116,0.1022152085,10
execution,15,SA_1,iterations,1000,0,1000,1000,1000,10
execution,15,SA,approx_ratio,1,0,1,1,1,10
execution,15,SA,optimality_gap,0,0,0,0,0,10
execution,15,SA,optimal,1,0,1,1,1,10
execution,15,SA,time_s,0.1224270666,0.0009860990117,0.12183693,0.1229836573,0.1222690415,10
execution,15,SA,iterations,1000,0,1000,1000,1000,10
execution,15,SA,fill_rate,1,0,1,1,1,10
execution,15,Greedy,approx_ratio,0.9989999978,0.003162275624,0.9969999988,0.9999999979,0.9999999968,10
execution,15,Greedy,optimality_gap,0.001000002169,0.003162275624,2.117491931e-09,0.00300000123,3.215707929e-09,10
execution,15,Greedy,optimal,0,0,0,0,0,10
execution,15,Greedy,time_s,3.638349881e-05,5.513075443e-06,3.270869856e-05,3.869610468e-05,3.791649578e-05,10
execution,15,Greedy,iterations,1.8,0.4216370214,1.5,2,2,10
execution,18,BruteForce,approx_ratio,1,0,1,1,1,1
execution,18,BruteForce,optimality_gap,0,0,0,0,0,1
execution,18,BruteForce,optimal,1,0,1,1,1,1
execution,18,BruteForce,time_s,0.437278625,0,0.437278625,0.437278625,0.437278625,1
execution,18,BruteForce,iterations,0,0,0,0,0,1
execution,18,SA_1,approx_ratio,1,0,1,1,1,10
execution,18,SA_1,optimality_gap,0,0,0,0,0,10
execution,18,SA_1,optimal,1,0,1,1,1,10
execution,18,SA_1,time_s,0.1224472207,0.002767715035,0.1212707325,0.1242823636,0.1217053335,10
execution,18,SA_1,iterations,1000,0,1000,1000,1000,10
execution,18,SA,approx_ratio,1,0,1,1,1,10
execution,18,SA,optimality_gap,0,0,0,0,0,10
execution,18,SA,optimal,1,0,1,1,1,10
execution,18,SA,time_s,0.1462188583,0.001258312065,0.1454771236,0.1469481234,0.1460809165,10
execution,18,SA,iterations,1000,0,1000,1000,1000,10
execution,18,SA,fill_rate,1,0,1,1,1,10
execution,18,Greedy,approx_ratio,0.9999999976,1.176024622e-09,0.9999999969,0.9999999983,0.9999999975,10
execution,18,Greedy,optimality_gap,2.427558176e-09,1.176024632e-09,1.732828153e-09,3.092088871e-09,2.464368371e-09,10
execution,18,Greedy,optimal,0,0,0,0,0,10
execution,18,Greedy,time_s,4.734579925e-05,9.910260269e-06,4.143329788e-05,5.294180364e-05,4.697899567e-05,10
execution,18,Greedy,iterations,2.1,0.5676462122,1.8,2.4,2,10
slice,4,BruteForce,approx_ratio,1,0,1,1,1,10
slice,4,BruteForce,optimality_gap,0,0,0,0,0,10
slice,4,BruteForce,optimal,1,0,1,1,1,10
slice,4,BruteForce,time_s,2.290419943e-05,2.977849603e-06,2.166239938e-05,2.485430014e-05,2.18335008e-05,10
slice,4,BruteForce,iterations,0,0,0,0,0,10
slice,4,SA_1,approx_ratio,1,0,1,1,1,10
slice,4,SA_1,optimality_gap,0,0,0,0,0,10
slice,4,SA_1,optimal,1,0,1,1,1,10
slice,4,SA_1,time_s,0.0266749541,0.0002771469737,0.02652663543,0.02685362825,0.026585646,10
slice,4,SA_1,iterations,1000,0,1000,1000,1000,10
slice,4,SA,approx_ratio,1,0,1,1,1,10
slice,4,SA,optimality_gap,0,0,0,0,0,10
slice,4,SA,optimal,1,0,1,1,1,10
slice,4,SA,time_s,0.0349792706,0.0002148267814,0.03484696476,0.03509450514,0.0350213955,10
slice,4,SA,iterations,1000,0,1000,1000,1000,10
slice,4,SA,fill_rate,1,0,1,1,1,10
slice,4,Greedy,approx_ratio,0.9618018894,0.02867335579,0.9455968688,0.9784629635,0.9549269129,10
slice,4,Greedy,optimality_gap,0.03868789716,0.02904101334,0.02181319018,0.05510070294,0.04565102642,10
slice,4,Greedy,optimal,0.1,0.316227766,0,0.3,0,10
slice,4,Greedy,time_s,1.342079995e-05,2.669507808e-06,1.189979635e-05,1.50414052e-05,1.37920033e-05,10
slice,4,Greedy,iterations,1.5,0.5270462767,1.2,1.8,1.5,10
slice,6,BruteForce,approx_ratio,1,0,1,1,1,10
slice,6,BruteForce,optimality_gap,0,0,0,0,0,10
slice,6,BruteForce,optimal,1,0,1,1,1,10
slice,6,BruteForce,time_s,8.570440114e-05,9.72325217e-07,8.517519933e-05,8.631280392e-05,8.539600094e-05,10
slice,6,BruteForce,iterations,0,0,0,0,0,10
slice,6,SA_1,approx_ratio,1,0,1,1,1,10
slice,6,SA_1,optimality_gap,0,0,0,0,0,10
slice,6,SA_1,optimal,1,0,1,1,1,10
slice,6,SA_1,time_s,0.0381440791,0.000297746941,0.03801321608,0.03834702591,0.0380781045,10
slice,6,SA_1,iterations,1000,0,1000,1000,1000,10
slice,6,SA,approx_ratio,1,0,1,1,1,10
slice,6,SA,optimality_gap,0,0,0,0,0,10
slice,6,SA,optimal,1,0,1,1,1,10
slice,6,SA,time_s,0.0482767708,0.0002475895116,0.04814263184,0.0484319708,0.04821489549,10
slice,6,SA,iterations,1000,0,1000,1000,1000,10
slice,6,SA,fill_rate,1,0,1,1,1,10
slice,6,Greedy,approx_ratio,0.9932383866,0.007343650979,0.9887991799,0.9971789916,0.9975166026,10
slice,6,Greedy,optimality_gap,0.00677722573,0.007360607177,0.002827521949,0.01122668237,0.00248913151,10
slice,6,Greedy,optimal,0,0,0,0,0,10
slice,6,Greedy,time_s,1.77251015e-05,2.821574851e-06,1.597940207e-05,1.935839975e-05,1.770849849e-05,10
slice,6,Greedy,iterations,2,0.4714045208,1.7,2.3,2,10
slice,8,BruteForce,approx_ratio,1,0,1,1,1,10
slice,8,BruteForce,optimality_gap,0,0,0,0,0,10
slice,8,BruteForce,optimal,1,0,1,1,1,10
slice,8,BruteForce,time_s,0.0003527875015,3.519666057e-06,0.0003505916968,0.0003546915042,0.0003541250044,10
slice,8,BruteForce,iterations,0,0,0,0,0,10
slice,8,SA_1,approx_ratio,1,0,1,1,1,10
slice,8,SA_1,optimality_gap,0,0,0,0,0,10
slice,8,SA_1,optimal,1,0,1,1,1,10
slice,8,SA_1,time_s,0.0529398042,0.0004058547779,0.05270508246,0.05318425149,0.0529496245,10
slice,8,SA_1,iterations,1000,0,1000,1000,1000,10
slice,8,SA,approx_ratio,1,0,1,1,1,10
slice,8,SA,optimality_gap,0,0,0,0,0,10
slice,8,SA,optimal,1,0,1,1,1,10
slice,8,SA,time_s,0.066175729,0.000375568708,0.06596166198,0.06640015952,0.066084458,10
slice,8,SA,iterations,1000,0,1000,1000,1000,10
slice,8,SA,fill_rate,1,0,1,1,1,10
slice,8,Greedy,approx_ratio,0.9932505934,0.004889962957,0.9902732808,0.9960502661,0.9923659061,10
slice,8,Greedy,optimality_gap,0.006780022011,0.004912143883,0.003967649932,0.00977083967,0.007668722262,10
slice,8,Greedy,optimal,0,0,0,0,0,10
slice,8,Greedy,time_s,2.19916983e-05,3.882709406e-06,1.980809477e-05,2.44169004e-05,2.137499905e-05,10
slice,8,Greedy,iterations,2,0.4714045208,1.7,2.3,2,10
slice,9,BruteForce,approx_ratio,1,0,1,1,1,10
slice,9,BruteForce,optimality_gap,0,0,0,0,0,10
slice,9,BruteForce,optimal,1,0,1,1,1,10
slice,9,BruteForce,time_s,0.0007260375001,1.091149348e-05,0.0007197501007,0.0007325377098,0.000726000002,10
slice,9,BruteForce,iterations,0,0,0,0,0,10
slice,9,SA_1,approx_ratio,1,0,1,1,1,10
slice,9,SA_1,optimality_gap,0,0,0,0,0,10
slice,9,SA_1,optimal,1,0,1,1,1,10
slice,9,SA_1,time_s,0.0568591124,0.0003482655384,0.05664193429,0.05705075868,0.056915833,10
slice,9,SA_1,iterations,1000,0,1000,1000,1000,10
slice,9,SA,approx_ratio,1,0,1,1,1,10
slice,9,SA,optimality_gap,0,0,0,0,0,10
slice,9,SA,optimal,1,0,1,1,1,10
slice,9,SA,time_s,0.0712253835,0.0003051167859,0.0710335127,0.0713921693,0.071230396,10
slice,9,SA,iterations,1000,0,1000,1000,1000,10
slice,9,SA,fill_rate,1,0,1,1,1,10
slice,9,Greedy,approx_ratio,0.9967416142,0.002203959072,0.9953755583,0.9979739928,0.9966886915,10
slice,9,Greedy,optimality_gap,0.00394721538,0.002669880617,0.002454309318,0.005602058307,0.004011326048,10
slice,9,Greedy,optimal,0,0,0,0,0,10
slice,9,Greedy,time_s,2.43081995e-05,1.328938395e-06,2.35705983e-05,2.512479845e-05,2.393750037e-05,10
slice,9,Greedy,iterations,2,0,2,2,2,10
slice,10,BruteForce,approx_ratio,1,0,1,1,1,10
slice,10,BruteForce,optimality_gap,0,0,0,0,0,10
slice,10,BruteForce,optimal,1,0,1,1,1,10
slice,10,BruteForce,time_s,0.0014790667,2.088293589e-05,0.001466725197,0.001491095912,0.001474771001,10
slice,10,BruteForce,iterations,0,0,0,0,0,10
slice,10,SA_1,approx_ratio,1,0,1,1,1,10
slice,10,SA_1,optimality_gap,0,0,0,0,0,10
slice,10,SA_1,optimal,1,0,1,1,1,10
slice,10,SA_1,time_s,0.0655017958,0.0008561364555,0.06507406778,0.0660633292,0.0654205,10
slice,10,SA_1,iterations,1000,0,1000,1000,1000,10
slice,10,SA,approx_ratio,1,0,1,1,1,10
slice,10,SA,optimality_gap,0,0,0,0,0,10
slice,10,SA,optimal,1,0,1,1,1,10
slice,10,SA,time_s,0.0818196126,0.0004551665328,0.08156725853,0.08210513097,0.081744771,10
slice,10,SA,iterations,1000,0,1000,1000,1000,10
slice,10,SA,fill_rate,1,0,1,1,1,10
slice,10,Greedy,approx_ratio,0.9953500378,0.002306766123,0.9940390837,0.9967133956,0.9954425979,10
slice,10,Greedy,optimality_gap,0.006089560117,0.003020925817,0.004304115629,0.007806376936,0.005968343916,10
slice,10,Greedy,optimal,0,0,0,0,0,10
slice,10,Greedy,time_s,2.462489792e-05,4.721664704e-06,2.159569498e-05,2.713720482e-05,2.645849963e-05,10
slice,10,Greedy,iterations,1.8,0.4216370214,1.5,2,2,10
slice,12,BruteForce,approx_ratio,1,0,1,1,1,10
slice,12,BruteForce,optimality_gap,0,0,0,0,0,10
slice,12,BruteForce,optimal,1,0,1,1,1,10
slice,12,BruteForce,time_s,0.006186916599,3.866522405e-05,0.006165924479,0.006211609759,0.006175437495,10
slice,12,BruteForce,iterations,0,0,0,0,0,10
slice,12,SA_1,approx_ratio,1,0,1,1,1,10
slice,12,SA_1,optimality_gap,0,0,0,0,0,10
slice,12,SA_1,optimal,1,0,1,1,1,10
slice,12,SA_1,time_s,0.0752967917,0.0004325707996,0.07502178825,0.07552485594,0.0753520415,10
slice,12,SA_1,iterations,1000,0,1000,1000,1000,10
slice,12,SA,approx_ratio,1,0,1,1,1,10
slice,12,SA,optimality_gap,0,0,0,0,0,10
slice,12,SA,optimal,1,0,1,1,1,10
slice,12,SA,time_s,0.09367495,0.0004453132295,0.09342354342,0.0939448281,0.093701208,10
slice,12,SA,iterations,1000,0,1000,1000,1000,10
slice,12,SA,fill_rate,1,0,1,1,1,10
slice,12,Greedy,approx_ratio,0.9986734457,0.000808333468,0.9982199322,0.999164842,0.9985087468,10
slice,12,Greedy,optimality_gap,0.001327608202,0.0008089756461,0.0008358215319,0.001781481985,0.001492437882,10
slice,12,Greedy,optimal,0,0,0,0,0,10
slice,12,Greedy,time_s,3.155840095e-05,4.0167131e-06,2.981660145e-05,3.427100693e-05,3.018749703e-05,10
slice,12,Greedy,iterations,2.1,0.316227766,2,2.3,2,10
slice,15,BruteForce,approx_ratio,1,0,1,1,1,10
slice,15,BruteForce,optimality_gap,0,0,0,0,0,10
slice,15,BruteForce,optimal,1,0,1,1,1,10
slice,15,BruteForce,time_s,0.0534311373,0.0006483887755,0.0531136913,0.05384391237,0.053226562,10
slice,15,BruteForce,iterations,0,0,0,0,0,10
slice,15,SA_1,approx_ratio,0.99999725,4.381012005e-06,0.999994344,0.9999992394,0.9999980985,10
slice,15,SA_1,optimality_gap,3.084591562e-06,4.914063578e-06,8.531369975e-07,6.344200724e-06,2.132842494e-06,10
slice,15,SA_1,optimal,0.4,0.5163977795,0.1,0.7,0,10
slice,15,SA_1,time_s,0.094577075,0.001870539217,0.09385290657,0.0958008668,0.09397725,10
slice,15,SA_1,iterations,1000,0,1000,1000,1000,10
slice,15,SA,approx_ratio,1,0,1,1,1,10
slice,15,SA,optimality_gap,0,0,0,0,0,10
slice,15,SA,optimal,1,0,1,1,1,10
slice,15,SA,time_s,0.1183336084,0.001060135358,0.1177683055,0.11898587,0.1179397085,10
slice,15,SA,iterations,1000,0,1000,1000,1000,10
slice,15,SA,fill_rate,1,0,1,1,1,10
slice,15,Greedy,approx_ratio,0.9992102176,0.0005293038849,0.9989029066,0.999516693,0.9991730582,10
slice,15,Greedy,optimality_gap,0.0008858776917,0.0005937059611,0.0005421125136,0.001230580238,0.0009275584245,10
slice,15,Greedy,optimal,0,0,0,0,0,10
slice,15,Greedy,time_s,3.844579987e-05,9.365658829e-06,3.411659998e-05,4.428339964e-05,3.439600187e-05,10
slice,15,Greedy,iterations,2.1,0.316227766,2,2.3,2,10
slice,16,BruteForce,approx_ratio,1,0,1,1,1,10
slice,16,BruteForce,optimality_gap,0,0,0,0,0,10
slice,16,BruteForce,optimal,1,0,1,1,1,10
slice,16,BruteForce,time_s,0.1051570584,0.001443925287,0.1044947339,0.106110791,0.1047127085,10
slice,16,BruteForce,iterations,0,0,0,0,0,10
slice,16,SA_1,approx_ratio,0.9999993423,4.621784656e-07,0.9999990831,0.9999996262,0.9999991268,10
slice,16,SA_1,optimality_gap,6.578546952e-07,4.622564498e-07,3.738829737e-07,9.17009794e-07,8.733806517e-07,10
slice,16,SA_1,optimal,0.3,0.4830458915,0,0.6,0,10
slice,16,SA_1,time_s,0.1011227166,0.004224136026,0.0989133615,0.1038318851,0.0995035835,10
slice,16,SA_1,iterations,1000,0,1000,1000,1000,10
slice,16,SA,approx_ratio,1,0,1,1,1,10
slice,16,SA,optimality_gap,0,0,0,0,0,10
slice,16,SA,optimal,1,0,1,1,1,10
slice,16,SA,time_s,0.1237925626,0.004010203274,0.1217621253,0.1264173073,0.121924396,10
slice,16,SA,iterations,1000,0,1000,1000,1000,10
slice,16,SA,fill_rate,1,0,1,1,1,10
slice,16,Greedy,approx_ratio,0.9997507149,0.0001433279656,0.9996710529,0.9998351295,0.9996812763,10
slice,16,Greedy,optimality_gap,0.0002493271259,0.0001433521496,0.0001648983119,0.0003290025571,0.0003187774739,10
slice,16,Greedy,optimal,0,0,0,0,0,10
slice,16,Greedy,time_s,4.465020029e-05,7.022231368e-06,4.086679559e-05,4.910019999e-05,4.210450425e-05,10
slice,16,Greedy,iterations,2.3,0.4830458915,2,2.6,2,10
slice,18,BruteForce,approx_ratio,1,0,1,1,1,1
slice,18,BruteForce,optimality_gap,0,0,0,0,0,1
slice,18,BruteForce,optimal,1,0,1,1,1,1
slice,18,BruteForce,time_s,0.4487275,0,0.4487275,0.4487275,0.4487275,1
slice,18,BruteForce,iterations,0,0,0,0,0,1
slice,18,SA_1,approx_ratio,0.9999965444,3.243559535e-06,0.9999945011,0.9999982652,0.9999973925,10
slice,18,SA_1,optimality_gap,3.45687195e-06,3.244789356e-06,1.735447272e-06,5.500939995e-06,2.608528578e-06,10
slice,18,SA_1,optimal,0.1,0.316227766,0,0.3,0,10
slice,18,SA_1,time_s,0.1144637667,0.0004695651152,0.1141863193,0.1147386008,0.11446875,10
slice,18,SA_1,iterations,1000,0,1000,1000,1000,10
slice,18,SA,approx_ratio,0.9999996968,4.881619834e-07,0.9999993936,1,1,10
slice,18,SA,optimality_gap,3.032923471e-07,4.88347074e-07,0,6.065846942e-07,0,10
slice,18,SA,optimal,0.7,0.4830458915,0.4,1,1,10
slice,18,SA,time_s,0.1423770208,0.0007216492492,0.1419518406,0.1427957382,0.142468,10
slice,18,SA,iterations,1000,0,1000,1000,1000,10
slice,18,SA,fill_rate,1,0,1,1,1,10
slice,18,Greedy,approx_ratio,0.9991887044,0.000620010131,0.9987748872,0.9994852345,0.9992458874,10
slice,18,Greedy,optimality_gap,0.0008116031653,0.0006202452129,0.0005149606436,0.001225577334,0.0007543985118,10
slice,18,Greedy,optimal,0,0,0,0,0,10
slice,18,Greedy,time_s,4.512500091e-05,4.921730054e-06,4.30127988e-05,4.839150382e-05,4.389600144e-05,10
slice,18,Greedy,iterations,2.1,0.316227766,2,2.3,2,10
slice,20,BruteForce,approx_ratio,1,0,1,1,1,1
slice,20,BruteForce,optimality_gap,0,0,0,0,0,1
slice,20,BruteForce,optimal,1,0,1,1,1,1
slice,20,BruteForce,time_s,1.815279834,0,1.815279834,1.815279834,1.815279834,1
slice,20,BruteForce,iterations,0,0,0,0,0,1
slice,20,SA_1,approx_ratio,0.9999983912,1.122895686e-06,0.9999977441,0.9999990349,0.9999984536,10
slice,20,SA_1,optimality_gap,1.69717506e-06,1.18454409e-06,1.018137731e-06,2.379715421e-06,1.631311411e-06,10
slice,20,SA_1,optimal,0.1,0.316227766,0,0.3,0,10
slice,20,SA_1,time_s,0.1223328375,0.0006046481063,0.1219613169,0.1226730705,0.122411042,10
slice,20,SA_1,iterations,1000,0,1000,1000,1000,10
slice,20,SA,approx_ratio,0.9999998409,2.470865988e-07,0.9999996729,0.9999999584,0.999999928,10
slice,20,SA,optimality_gap,1.677935496e-07,2.606519679e-07,4.391044191e-08,3.450998161e-07,7.598177398e-08,10
slice,20,SA,optimal,0.5,0.5270462767,0.2,0.8,0.5,10
slice,20,SA,time_s,0.1508121794,0.000672302826,0.1504087612,0.1511905014,0.150850667,10
slice,20,SA,iterations,1000,0,1000,1000,1000,10
slice,20,SA,fill_rate,1,0,1,1,1,10
slice,20,Greedy,approx_ratio,0.9998682147,0.0001118791484,0.9998016899,0.9999303362,0.999885529,10
slice,20,Greedy,optimality_gap,0.000139020487,0.0001180214562,7.348841911e-05,0.0002091976028,0.0001207555775,10
slice,20,Greedy,optimal,0,0,0,0,0,10
slice,20,Greedy,time_s,5.123329902e-05,8.628423152e-06,4.700429603e-05,5.701690941e-05,4.729199645e-05,10
slice,20,Greedy,iterations,2.2,0.4216370214,2,2.5,2,10
random,4,BruteForce,approx_ratio,1,0,1,1,1,10
random,4,BruteForce,optimality_gap,0,0,0,0,0,10
random,4,BruteForce,optimal,1,0,1,1,1,10
random,4,BruteForce,time_s,2.143750025e-05,4.613692391e-07,2.119999988e-05,2.173330067e-05,2.12499981e-05,10
random,4,BruteForce,iterations,0,0,0,0,0,10
random,4,SA_1,approx_ratio,1,0,1,1,1,10
random,4,SA_1,optimality_gap,0,0,0,0,0,10
random,4,SA_1,optimal,1,0,1,1,1,10
random,4,SA_1,time_s,0.0202291331,0.001196287595,0.01956890811,0.02098415786,0.01992975,10
random,4,SA_1,iterations,1000,0,1000,1000,1000,10
random,4,SA,approx_ratio,1,0,1,1,1,10
random,4,SA,optimality_gap,0,0,0,0,0,10
random,4,SA,optimal,1,0,1,1,1,10
random,4,SA,time_s,0.0249293916,0.001822330648,0.02391647371,0.02606957319,0.024635104,10
random,4,SA,iterations,1000,0,1000,1000,1000,10
random,4,Greedy,approx_ratio,0.9909329255,0.02867260709,0.9727987765,1,1,10
random,4,Greedy,optimality_gap,0.01098257412,0.0347299488,-6.065671411e-17,0.03294772237,0,10
random,4,Greedy,optimal,0.9,0.316227766,0.7,1,1,10
random,4,Greedy,time_s,1.508339992e-05,3.482787122e-06,1.315009547e-05,1.72044005e-05,1.447949762e-05,10
random,4,Greedy,iterations,2.3,0.8232726023,1.9,2.8,2,10
random,6,BruteForce,approx_ratio,1,0,1,1,1,10
random,6,BruteForce,optimality_gap,0,0,0,0,0,10
random,6,BruteForce,optimal,1,0,1,1,1,10
random,6,BruteForce,time_s,8.415420016e-05,9.557488971e-07,8.360420106e-05,8.472910007e-05,8.408300346e-05,10
random,6,BruteForce,iterations,0,0,0,0,0,10
random,6,SA_1,approx_ratio,1,0,1,1,1,10
random,6,SA_1,optimality_gap,0,0,0,0,0,10
random,6,SA_1,optimal,1,0,1,1,1,10
random,6,SA_1,time_s,0.0289928875,0.001275821873,0.02829354296,0.02977356636,0.028906063,10
random,6,SA_1,iterations,1000,0,1000,1000,1000,10
random,6,SA,approx_ratio,1,0,1,1,1,10
random,6,SA,optimality_gap,0,0,0,0,0,10
random,6,SA,optimal,1,0,1,1,1,10
random,6,SA,time_s,0.0347928751,0.002065561425,0.03357215326,0.03598781781,0.0350299375,10
random,6,SA,iterations,1000,0,1000,1000,1000,10
random,6,Greedy,approx_ratio,0.9774278803,0.0484233296,0.9454714711,1,1,10
random,6,Greedy,optimality_gap,0.07337321592,0.1842008228,-2.067508729e-17,0.1891785742,0,10
random,6,Greedy,optimal,0.8,0.4216370214,0.5,1,1,10
random,6,Greedy,time_s,2.046240043e-05,3.071724562e-06,1.870810083e-05,2.227900613e-05,2.027049777e-05,10
random,6,Greedy,iterations,2.5,0.5270462767,2.2,2.8,2.5,10
random,8,BruteForce,approx_ratio,1,0,1,1,1,10
random,8,BruteForce,optimality_gap,0,0,0,0,0,10
random,8,BruteForce,optimal,1,0,1,1,1,10
random,8,BruteForce,time_s,0.0003431292986,2.117268796e-06,0.0003419792978,0.0003444253029,0.0003427704978,10
random,8,BruteForce,iterations,0,0,0,0,0,10
random,8,SA_1,approx_ratio,1,0,1,1,1,10
random,8,SA_1,optimality_gap,0,0,0,0,0,10
random,8,SA_1,optimal,1,0,1,1,1,10
random,8,SA_1,time_s,0.0379525999,0.001412330422,0.03709238296,0.03874417535,0.0383091455,10
random,8,SA_1,iterations,1000,0,1000,1000,1000,10
random,8,SA,approx_ratio,1,0,1,1,1,10
random,8,SA,optimality_gap,0,0,0,0,0,10
random,8,SA,optimal,1,0,1,1,1,10
random,8,SA,time_s,0.0449351375,0.002296739392,0.04355493079,0.04624117411,0.045602542,10
random,8,SA,iterations,1000,0,1000,1000,1000,10
random,8,Greedy,approx_ratio,0.9842544031,0.03739232796,0.957684583,1,1,10
random,8,Greedy,optimality_gap,0.03567934912,0.09043377066,8.986453766e-17,0.09793048956,9.364071978e-17,10
random,8,Greedy,optimal,0.7,0.4830458915,0.4,1,1,10
random,8,Greedy,time_s,2.74500002e-05,6.373329157e-06,2.362510058e-05,3.13374028e-05,2.720799603e-05,10
random,8,Greedy,iterations,3,0.8164965809,2.5,3.5,3,10
random,10,BruteForce,approx_ratio,1,0,1,1,1,10
random,10,BruteForce,optimality_gap,0,0,0,0,0,10
random,10,BruteForce,optimal,1,0,1,1,1,10
random,10,BruteForce,time_s,0.001457412501,2.027939477e-05,0.001445774804,0.001469709128,0.001456103502,10
random,10,BruteForce,iterations,0,0,0,0,0,10
random,10,SA_1,approx_ratio,1,0,1,1,1,10
random,10,SA_1,optimality_gap,0,0,0,0,0,10
random,10,SA_1,optimal,1,0,1,1,1,10
random,10,SA_1,time_s,0.0474454501,0.001583195002,0.0465414291,0.0483901658,0.04751516651,10
random,10,SA_1,iterations,1000,0,1000,1000,1000,10
random,10,SA,approx_ratio,1,0,1,1,1,10
random,10,SA,optimality_gap,0,0,0,0,0,10
random,10,SA,optimal,1,0,1,1,1,10
random,10,SA,time_s,0.0563926709,0.003397090026,0.05444279513,0.05842189354,0.055584146,10
random,10,SA,iterations,1000,0,1000,1000,1000,10
random,10,Greedy,approx_ratio,0.9861177125,0.02778912058,0.9671845079,1,1,10
random,10,Greedy,optimality_gap,0.02338766893,0.0467972118,-7.551566263e-17,0.05405959021,0,10
random,10,Greedy,optimal,0.7,0.4830458915,0.4,1,1,10
random,10,Greedy,time_s,3.401669892e-05,7.038871646e-06,3.010800385e-05,3.849599774e-05,3.38960017e-05,10
random,10,Greedy,iterations,3,0.8164965809,2.6,3.5,3,10
random,12,BruteForce,approx_ratio,1,0,1,1,1,10
random,12,BruteForce,optimality_gap,0,0,0,0,0,10
random,12,BruteForce,optimal,1,0,1,1,1,10
random,12,BruteForce,time_s,0.006097362498,4.419620746e-05,0.006070558498,0.006121933701,0.006104791501,10
random,12,BruteForce,iterations,0,0,0,0,0,10
random,12,SA_1,approx_ratio,1,0,1,1,1,10
random,12,SA_1,optimality_gap,0,0,0,0,0,10
random,12,SA_1,optimal,1,0,1,1,1,10
random,12,SA_1,time_s,0.0567329875,0.001522560652,0.05576701692,0.05753929571,0.0572034165,10
random,12,SA_1,iterations,1000,0,1000,1000,1000,10
random,12,SA,approx_ratio,1,0,1,1,1,10
random,12,SA,optimality_gap,0,0,0,0,0,10
random,12,SA,optimal,1,0,1,1,1,10
random,12,SA,time_s,0.0676299916,0.003515961932,0.0655193375,0.06960399287,0.0680518335,10
random,12,SA,iterations,1000,0,1000,1000,1000,10
random,12,Greedy,approx_ratio,0.9903230326,0.0163267395,0.980060981,0.9994234315,1,10
random,12,Greedy,optimality_gap,0.01437926954,0.02404447095,0.0009415417473,0.02974245335,6.402196777e-17,10
random,12,Greedy,optimal,0.6,0.5163977795,0.3,0.9,1,10
random,12,Greedy,time_s,3.58250014e-05,8.893482876e-06,3.062478901e-05,4.127080954e-05,3.395800377e-05,10
random,12,Greedy,iterations,2.7,0.8232726023,2.2,3.2,2.5,10
random,14,BruteForce,approx_ratio,1,0,1,1,1,10
random,14,BruteForce,optimality_gap,0,0,0,0,0,10
random,14,BruteForce,optimal,1,0,1,1,1,10
random,14,BruteForce,time_s,0.025895896,0.0001238378944,0.02582478774,0.02596996971,0.025897875,10
random,14,BruteForce,iterations,0,0,0,0,0,10
random,14,SA_1,approx_ratio,1,0,1,1,1,10
random,14,SA_1,optimality_gap,0,0,0,0,0,10
random,14,SA_1,optimal,1,0,1,1,1,10
random,14,SA_1,time_s,0.0651447709,0.001662579202,0.0642244963,0.06615746931,0.0649155,10
random,14,SA_1,iterations,1000,0,1000,1000,1000,10
random,14,SA,approx_ratio,1,0,1,1,1,10
random,14,SA,optimality_gap,0,0,0,0,0,10
random,14,SA,optimal,1,0,1,1,1,10
random,14,SA,time_s,0.0768550582,0.002615907314,0.07530632383,0.07840149314,0.0761190625,10
random,14,SA,iterations,1000,0,1000,1000,1000,10
random,14,Greedy,approx_ratio,0.9887211303,0.02142249468,0.9746557721,1,1,10
random,14,Greedy,optimality_gap,0.03525001128,0.07428686484,4.351032399e-17,0.08557807051,6.869257187e-17,10
random,14,Greedy,optimal,0.7,0.4830458915,0.4,1,1,10
random,14,Greedy,time_s,5.090819977e-05,1.0864516e-05,4.44579947e-05,5.726660092e-05,5.112500003e-05,10
random,14,Greedy,iterations,3.5,0.8498365856,3,4,3.5,10
random,16,BruteForce,approx_ratio,1,0,1,1,1,10
random,16,BruteForce,optimality_gap,0,0,0,0,0,10
random,16,BruteForce,optimal,1,0,1,1,1,10
random,16,BruteForce,time_s,0.1032829376,0.0004698627654,0.103001545,0.1035607823,0.1033064585,10
random,16,BruteForce,iterations,0,0,0,0,0,10
random,16,SA_1,approx_ratio,1,0,1,1,1,10
random,16,SA_1,optimality_gap,0,0,0,0,0,10
random,16,SA_1,optimal,1,0,1,1,1,10
random,16,SA_1,time_s,0.0727535333,0.001873558627,0.07166896131,0.07383821743,0.0728401665,10
random,16,SA_1,iterations,1000,0,1000,1000,1000,10
random,16,SA,approx_ratio,1,0,1,1,1,10
random,16,SA,optimality_gap,0,0,0,0,0,10
random,16,SA,optimal,1,0,1,1,1,10
random,16,SA,time_s,0.0846264165,0.003426788529,0.08267005201,0.08662673473,0.0844998125,10
random,16,SA,iterations,1000,0,1000,1000,1000,10
random,16,Greedy,approx_ratio,0.9967559254,0.01025866451,0.9902677763,1,1,10
random,16,Greedy,optimality_gap,0.01937121242,0.06125715229,-1.127603978e-16,0.05811363726,0,10
random,16,Greedy,optimal,0.9,0.316227766,0.7,1,1,10
random,16,Greedy,time_s,5.824589898e-05,1.665490308e-05,4.847499804e-05,6.87540989e-05,5.808350033e-05,10
random,16,Greedy,iterations,3.5,1.178511302,2.8,4.3,3.5,10
random,18,BruteForce,approx_ratio,1,0,1,1,1,10
random,18,BruteForce,optimality_gap,0,0,0,0,0,10
random,18,BruteForce,optimal,1,0,1,1,1,10
random,18,BruteForce,time_s,0.4347276127,0.00262879115,0.4332045108,0.4363132892,0.4347868955,10
random,18,BruteForce,iterations,0,0,0,0,0,10
random,18,SA_1,approx_ratio,1,0,1,1,1,10
random,18,SA_1,optimality_gap,0,0,0,0,0,10
random,18,SA_1,optimal,1,0,1,1,1,10
random,18,SA_1,time_s,0.0836401543,0.002104768449,0.08241944864,0.08486155774,0.0835929375,10
random,18,SA_1,iterations,1000,0,1000,1000,1000,10
random,18,SA,approx_ratio,1,0,1,1,1,10
random,18,SA,optimality_gap,0,0,0,0,0,10
random,18,SA,optimal,1,0,1,1,1,10
random,18,SA,time_s,0.0980350041,0.003978517305,0.09573588826,0.1003706998,0.0980271665,10
random,18,SA,iterations,1000,0,1000,1000,1000,10
random,18,Greedy,approx_ratio,0.9864241687,0.02174038744,0.9729315682,0.9986527965,1,10
random,18,Greedy,optimality_gap,0.02209128279,0.03580011783,0.003211568237,0.04547393472,6.659301851e-17,10
random,18,Greedy,optimal,0.6,0.5163977795,0.3,0.9,1,10
random,18,Greedy,time_s,6.757069932e-05,1.320864999e-05,5.997049395e-05,7.569180003e-05,6.635399768e-05,10
random,18,Greedy,iterations,3.5,0.8498365856,3,4,3.5,10
random,20,BruteForce,approx_ratio,1,0,1,1,1,10
random,20,BruteForce,optimality_gap,0,0,0,0,0,10
random,20,BruteForce,optimal,1,0,1,1,1,10
random,20,BruteForce,time_s,1.800237762,0.006572506376,1.796136811,1.80375776,1.801630312,10
random,20,BruteForce,iterations,0,0,0,0,0,10
random,20,SA_1,approx_ratio,1,0,1,1,1,10
random,20,SA_1,optimality_gap,0,0,0,0,0,10
random,20,SA_1,optimal,1,0,1,1,1,10
random,20,SA_1,time_s,0.0937936,0.001870373956,0.09270326847,0.09486559705,0.094385875,10
random,20,SA_1,iterations,1000,0,1000,1000,1000,10
random,20,SA,approx_ratio,1,0,1,1,1,10
random,20,SA,optimality_gap,0,0,0,0,0,10
random,20,SA,optimal,1,0,1,1,1,10
random,20,SA,time_s,0.1101640458,0.003245741955,0.1083543604,0.1121421869,0.1108553125,10
random,20,SA,iterations,1000,0,1000,1000,1000,10
random,20,Greedy,approx_ratio,0.9895512612,0.01595175517,0.9797650151,0.9980125218,1,10
random,20,Greedy,optimality_gap,0.02177571674,0.03696841365,0.003378100569,0.04552602315,1.588784752e-16,10
random,20,Greedy,optimal,0.6,0.5163977795,0.3,0.9,1,10
random,20,Greedy,time_s,7.504139867e-05,1.24952251e-05,6.846209872e-05,8.297469833e-05,6.806199599e-05,10
random,20,Greedy,iterations,3.5,0.7071067812,3.1,3.9025,3,10
